tool,1. Visibility of system status,2. Match between system and the real world,3. User control and freedom,4. Consistency and standards,5. Error prevention,6. Recognition rather than recall,7. Flexibility and efficiency of use,8. Aesthetic and minimalist design,"9. Help users recognize, diagnose, and recover from errors",10. Help and documentation
Keyfactor/ejbca-ce,0.8583242269094158,0.7107041518661644,0.5281998826424352,0.0603716429974178,0.7544743747093978,0.0089946173064549,0.5754018590016159,,0.308490441365329,0.9372267964208916
Keyfactor/signserver-ce,0.4404894432905479,0.5198108826425292,,0.8808980396221738,0.4687362429722491,0.6771565368185171,0.2872728643847362,,0.4642041271419063,0.4326805030599557
hashicorp/vault,7.232152759531279e-23,8.783435739798817e-09,1.180000985788429e-05,1.1001150865999871e-08,0.0001301923000001,0.0531917271654744,7.072194989812829e-36,0.5658365059116486,1.946794039470436e-07,8.254585298439762e-41
notaryproject/notation,0.0072590144480769,0.3403558061577604,0.6771565368185171,0.7713363357720766,0.2975046018140003,0.0120779827562643,9.690785120374186e-08,0.1878512364298089,0.0340750142570922,4.6812263887347284e-07
openpubkey/openpubkey,0.0401091964161482,0.0594127101865554,0.5454943583105052,0.0256786326601112,0.1735943029637975,0.3631843371045954,2.3965828222936e-05,0.7145485320807925,0.1958842493626419,7.720131846994145e-05
sigstore/cosign,9.258966173649563e-11,2.3830986686376205e-06,0.3925938505287326,8.981389652010925e-07,2.5212136533717114e-07,0.0295389510869129,8.273891272142903e-29,0.2747119746611524,1.5335840676250633e-05,1.6977123152902463e-25
sigstore/fulcio,0.000482606068486,0.0004739008808289,0.7790612482649867,0.0007403701868426,0.0091298922870168,0.0269216743759323,5.463377491406639e-18,,0.0669346111421495,2.4813780476934826e-13
sigstore/rekor,2.2599598734170616e-06,4.7008734866911925e-05,0.7756509514014112,4.1825680139359316e-07,0.0062131128428633,0.1497867399633043,1.2050688731742562e-19,0.2075345494041064,0.001901791172328,3.023695850987165e-17
