tool,1. Visibility of system status,2. Match between system and the real world,3. User control and freedom,4. Consistency and standards,5. Error prevention,6. Recognition rather than recall,7. Flexibility and efficiency of use,8. Aesthetic and minimalist design,"9. Help users recognize, diagnose, and recover from errors",10. Help and documentation
Keyfactor/ejbca-ce,0.0013856486647172,-0.0065738451095092,0.0185853626161704,0.0243061180212859,0.0070137739254007,0.0901679226930843,0.0032039302586495,,0.0104622268989284,-0.0004430414560533
Keyfactor/signserver-ce,-0.0229710609440482,-0.0274615520281212,,0.0075169490836488,0.063266672764598,0.0311461956218415,0.0175822384126709,,0.0270070943521327,0.012215206891177
hashicorp/vault,-0.0224428277294139,-0.0255329983779146,-0.0300594888076818,-0.0233634563876015,-0.0220090672696721,-0.0204403048577212,-0.0229609452927437,0.0085027691051442,-0.0176726495661864,-0.0243176841783702
notaryproject/notation,-0.026956677943867,-0.0133638117014591,0.0311461956218415,-0.0032513751834614,-0.0155842318837347,-0.0632666727427505,-0.0266203512863883,-0.06851001478193,-0.0215677178385211,-0.0242137296026188
openpubkey/openpubkey,0.0338368982256443,0.0292125533612046,0.025651238230216,0.0353460373717545,0.0306383390049255,0.1017410486628467,0.0342686453385126,0.0151370559644549,0.0323953269111059,0.0366035401183169
sigstore/cosign,-0.0354462157241578,-0.0374908996498974,0.0256512382129701,-0.0305644256124392,-0.0478042476198901,-0.0313536172415453,-0.0333830430501551,-0.0268558920259765,-0.0319635432970505,-0.0323005620711017
sigstore/fulcio,-0.0340680832277678,-0.0491890457476632,0.0203285585311524,-0.0403899048025469,-0.0425852305134026,-0.0996832547720158,-0.0521662649440047,,-0.0305876514801569,-0.0466403433341006
sigstore/rekor,-0.0499675916711712,-0.0722007577451985,-0.0117307878445396,-0.0569652656860851,-0.0419100276611092,-0.0470335462228537,-0.0530070553792418,-0.0398181686475753,-0.0458634850501338,-0.0511110925839398
