repo,issue_number,issue_author,issue_text_words,issue_text_chars,comment_count,unique_commenters,comment_text_words,comment_text_chars,comment_authors_joined,unique_thread_participants,total_text_words,total_text_chars
Keyfactor/ejbca-ce,973,alejandroalffer,146,941,2,2,68,472,alejandroalffer|primetomas,2,214,1413
Keyfactor/ejbca-ce,965,sam-sre,721,5771,0,0,0,0,,1,721,5771
Keyfactor/ejbca-ce,958,Archer3457,840,7508,0,0,0,0,,1,840,7508
Keyfactor/ejbca-ce,956,AdityaKoranga,402,3201,1,1,16,110,primetomas,2,418,3311
Keyfactor/ejbca-ce,955,FaziXX,814,5988,4,2,495,2978,FaziXX|primetomas,2,1309,8966
Keyfactor/ejbca-ce,952,benoiton,174,1019,2,1,96,490,primetomas,2,270,1509
Keyfactor/ejbca-ce,946,AdityaKoranga,106,667,6,2,426,2463,AdityaKoranga|primetomas,2,532,3130
Keyfactor/ejbca-ce,944,grzleadams,58,317,5,3,336,2202,AdityaKoranga|grzleadams|primetomas,3,394,2519
Keyfactor/ejbca-ce,943,Juanbanpar,1775,12530,3,2,82,409,hajajmaor|primetomas,3,1857,12939
Keyfactor/ejbca-ce,941,rso61,93,539,6,2,440,2610,primetomas|rso61,2,533,3149
Keyfactor/ejbca-ce,932,trentsteenholdt-synergyau,548,3444,5,2,770,4802,primetomas|trentsteenholdt-synergyau,2,1318,8246
Keyfactor/ejbca-ce,931,trentsteenholdt-synergyau,609,3880,16,2,2409,17013,primetomas|trentsteenholdt-synergyau,2,3018,20893
Keyfactor/ejbca-ce,930,ecolleu-pro,248,1526,2,1,81,465,primetomas,2,329,1991
Keyfactor/ejbca-ce,924,bkstein,686,7478,19,2,1120,6393,bkstein|primetomas,2,1806,13871
Keyfactor/ejbca-ce,922,DDvO,231,1483,26,2,1915,11560,DDvO|primetomas,2,2146,13043
Keyfactor/ejbca-ce,915,trentsteenholdt-synergyau,382,2753,6,2,587,3267,primetomas|trentsteenholdt-synergyau,2,969,6020
Keyfactor/ejbca-ce,910,BlackAnt1968601851,183,1092,5,2,1852,13585,BlackAnt1968601851|primetomas,2,2035,14677
Keyfactor/ejbca-ce,908,grzleadams,183,1110,5,2,436,2881,grzleadams|primetomas,2,619,3991
Keyfactor/ejbca-ce,904,ayalci,3504,26537,4,2,211,1151,ayalci|primetomas,2,3715,27688
Keyfactor/ejbca-ce,898,dickperkins,229,1704,3,2,302,2095,dickperkins|primetomas,2,531,3799
Keyfactor/ejbca-ce,885,omarsalek,199,1497,16,2,663,4576,omarsalek|primetomas,2,862,6073
Keyfactor/ejbca-ce,875,rriemann,192,1249,7,3,436,2568,primetomas|rriemann|sveinnthorarins,3,628,3817
Keyfactor/ejbca-ce,866,aloeenmae,41,354,2,1,62,357,primetomas,2,103,711
Keyfactor/ejbca-ce,865,aloeenmae,440,3243,0,0,0,0,,1,440,3243
Keyfactor/ejbca-ce,854,TheNighthawk99,90,580,2,1,23,112,primetomas,2,113,692
Keyfactor/ejbca-ce,845,PhilLaCiotat,52,260,4,2,131,772,PhilLaCiotat|primetomas,2,183,1032
Keyfactor/ejbca-ce,843,lakshya-chopra,174,1034,1,1,23,100,primetomas,2,197,1134
Keyfactor/ejbca-ce,842,AdityaKoranga,39,211,4,2,146,886,AdityaKoranga|primetomas,2,185,1097
Keyfactor/ejbca-ce,840,rso61,170,1067,5,3,107,603,Realiserad|primetomas|rso61,3,277,1670
Keyfactor/ejbca-ce,832,epistula76,173,1079,1,1,45,243,primetomas,2,218,1322
Keyfactor/ejbca-ce,824,Libeccio84,70,371,6,3,194,1005,Libeccio84|ff1bit|primetomas,3,264,1376
Keyfactor/ejbca-ce,821,benoiton,254,1626,4,2,148,825,dknight-bg|primetomas,3,402,2451
Keyfactor/ejbca-ce,805,dboden-nitro,706,4639,4,2,165,1066,dboden-nitro|primetomas,2,871,5705
Keyfactor/ejbca-ce,803,gokceyilmazz,254,1721,10,2,497,2921,gokceyilmazz|primetomas,2,751,4642
Keyfactor/ejbca-ce,799,KhadeAvinash,237,1443,3,2,126,928,KhadeAvinash|primetomas,2,363,2371
Keyfactor/ejbca-ce,797,KhadeAvinash,237,1679,0,0,0,0,,1,237,1679
Keyfactor/ejbca-ce,796,KhadeAvinash,231,1676,0,0,0,0,,1,231,1676
Keyfactor/ejbca-ce,792,benoiton,736,5187,4,2,1446,9575,benoiton|primetomas,2,2182,14762
Keyfactor/ejbca-ce,779,0xab3d,64,440,12,3,688,4378,0xab3d|Realiserad|primetomas,3,752,4818
Keyfactor/ejbca-ce,774,VonRehberg,258,1788,11,2,834,4766,VonRehberg|primetomas,2,1092,6554
Keyfactor/ejbca-ce,751,eamkhal,82,467,1,1,30,166,mike-agrenius-kushner,2,112,633
Keyfactor/ejbca-ce,743,oeztolga,114,720,1,1,81,514,primetomas,2,195,1234
Keyfactor/ejbca-ce,740,DanieleSmith92,257,1641,0,0,0,0,,1,257,1641
Keyfactor/ejbca-ce,731,miguelarman,210,1158,13,2,6233,47585,miguelarman|primetomas,2,6443,48743
Keyfactor/ejbca-ce,728,eamkhal,1386,9367,6,2,1758,13711,eamkhal|primetomas,2,3144,23078
Keyfactor/ejbca-ce,716,MyoHlaiWin,99,656,1,1,1342,10336,MyoHlaiWin,1,1441,10992
Keyfactor/ejbca-ce,708,WHN-JWEBB,4519,35675,3,2,127,728,WHN-JWEBB|primetomas,2,4646,36403
Keyfactor/ejbca-ce,691,vivekananda501,230,1880,1,1,81,571,primetomas,2,311,2451
Keyfactor/ejbca-ce,690,bergstiefelbene,124,793,2,1,29,177,primetomas,2,153,970
Keyfactor/ejbca-ce,670,tmihajloski,220,1231,7,4,306,1693,Realiserad|primetomas|svenska-primekey|tmihajloski,4,526,2924
Keyfactor/ejbca-ce,666,Libeccio84,232,1583,2,2,59,347,Libeccio84|primetomas,2,291,1930
Keyfactor/ejbca-ce,659,benoiton,165,1097,9,3,984,6721,benoiton|hesunmark|primetomas,3,1149,7818
Keyfactor/ejbca-ce,648,RufusJWB,4264,31244,3,2,210,1224,RufusJWB|primetomas,2,4474,32468
Keyfactor/ejbca-ce,645,RufusJWB,403,2726,2,1,23,111,primetomas,2,426,2837
Keyfactor/ejbca-ce,641,jotamartos,82,505,5,4,184,1147,Realiserad|dobicinaitis|jotamartos|primetomas,4,266,1652
Keyfactor/ejbca-ce,620,adityajoshi12,104,768,0,0,0,0,,1,104,768
Keyfactor/ejbca-ce,616,kuffel,255,1934,3,2,72,447,kuffel|primetomas,2,327,2381
Keyfactor/ejbca-ce,613,HarimbolaSantatra,299,2421,0,0,0,0,,1,299,2421
Keyfactor/ejbca-ce,589,aleloco09,572,3816,1,1,75,428,primetomas,2,647,4244
Keyfactor/ejbca-ce,578,chuegel,120,842,4,1,112,692,primetomas,2,232,1534
Keyfactor/ejbca-ce,577,dwabisch,108,671,3,2,108,573,dwabisch|primetomas,2,216,1244
Keyfactor/ejbca-ce,576,floriankoenig-work,54,352,1,1,9,57,primetomas,2,63,409
Keyfactor/ejbca-ce,568,KiruthigaKadhirvel,56,345,0,0,0,0,,1,56,345
Keyfactor/ejbca-ce,563,RufusJWB,123,787,0,0,0,0,,1,123,787
Keyfactor/ejbca-ce,556,sbarnes-tecnica,382,2812,4,2,289,1655,primetomas|sbarnes-tecnica,2,671,4467
Keyfactor/ejbca-ce,545,HumanG33k,96,545,2,1,90,558,primetomas,2,186,1103
Keyfactor/ejbca-ce,541,MelihTaki,1769,13813,0,0,0,0,,1,1769,13813
Keyfactor/ejbca-ce,537,kuehne-trustable-de,147,888,3,1,169,883,primetomas,2,316,1771
Keyfactor/ejbca-ce,520,alex-cbn,226,1535,3,2,75,390,alex-cbn|svenska-primekey,2,301,1925
Keyfactor/ejbca-ce,515,lucistanescu,2913,20993,2,1,31,172,primetomas,2,2944,21165
Keyfactor/ejbca-ce,513,uedvt359,803,5599,4,2,67,413,primetomas|uedvt359,2,870,6012
Keyfactor/ejbca-ce,510,3keyroman,1257,9501,2,1,74,490,primetomas,2,1331,9991
Keyfactor/ejbca-ce,505,syisunny,312,2214,3,1,76,464,primetomas,2,388,2678
Keyfactor/ejbca-ce,504,primetomas,272,1900,0,0,0,0,,1,272,1900
Keyfactor/ejbca-ce,503,steamblade,288,2024,15,4,2371,31294,JimmyLuoX|mike-agrenius-kushner|primetomas|steamblade,4,2659,33318
Keyfactor/ejbca-ce,492,RavilN,305,1996,2,1,87,517,primetomas,2,392,2513
Keyfactor/ejbca-ce,473,kuehne-trustable-de,192,1402,8,4,307,1776,murphy1312|primetomas|svenska-primekey|thomascenni,5,499,3178
Keyfactor/ejbca-ce,472,selbitschka,220,1440,2,1,36,194,primetomas,2,256,1634
Keyfactor/ejbca-ce,445,RufusJWB,285,2145,7,3,1034,6255,DDvO|RufusJWB|primetomas,3,1319,8400
Keyfactor/ejbca-ce,442,floriankoenig-work,56,319,7,2,197,1077,floriankoenig-work|primetomas,2,253,1396
Keyfactor/ejbca-ce,441,floriankoenig-work,96,631,3,2,159,896,floriankoenig-work|primetomas,2,255,1527
Keyfactor/ejbca-ce,440,RavilN,123,765,6,2,674,4943,RavilN|primetomas,2,797,5708
Keyfactor/ejbca-ce,439,RavilN,106,729,13,3,692,4079,RavilN|dlewis7444|primetomas,3,798,4808
Keyfactor/ejbca-ce,438,Stueypoo,1073,9720,14,3,1086,7997,Stueypoo|primetomas|xipki,3,2159,17717
Keyfactor/ejbca-ce,437,Stueypoo,267,2120,2,1,58,316,primetomas,2,325,2436
Keyfactor/ejbca-ce,436,RufusJWB,188,1282,5,2,5025,38517,RufusJWB|primetomas,2,5213,39799
Keyfactor/ejbca-ce,430,uedvt359,113,712,1,1,7,49,primetomas,2,120,761
Keyfactor/ejbca-ce,429,ENgraver666,302,2447,2,2,21,99,primetomas|svenska-primekey,3,323,2546
Keyfactor/ejbca-ce,428,Stueypoo,788,6900,3,3,27,156,Stueypoo|primetomas|svenska-primekey,3,815,7056
Keyfactor/ejbca-ce,419,Stueypoo,240,1725,3,1,105,602,primetomas,2,345,2327
Keyfactor/ejbca-ce,418,Stueypoo,59,502,3,2,97,535,Stueypoo|primetomas,2,156,1037
Keyfactor/ejbca-ce,415,benoiton,76,509,4,2,112,762,benoiton|primetomas,2,188,1271
Keyfactor/ejbca-ce,410,ccampetto1,4587,34246,2,1,75,418,primetomas,2,4662,34664
Keyfactor/ejbca-ce,409,tomazbracic,61,359,2,1,51,342,primetomas,2,112,701
Keyfactor/ejbca-ce,408,Sysidint,205,1262,3,1,209,1186,primetomas,2,414,2448
Keyfactor/ejbca-ce,407,nguyenthanhvu240,22,117,3,2,45,275,grindsa|primetomas,3,67,392
Keyfactor/ejbca-ce,406,ToddBerliner,40,248,4,4,49,272,MrWildanMD|nguyenthanhvu240|primetomas|vacan1t,5,89,520
Keyfactor/ejbca-ce,402,MrWildanMD,72,522,4,2,88,595,MrWildanMD|primetomas,2,160,1117
Keyfactor/ejbca-ce,395,mdaur,54,335,0,0,0,0,,1,54,335
Keyfactor/ejbca-ce,394,mdaur,67,332,1,1,26,241,primetomas,2,93,573
Keyfactor/ejbca-ce,378,selbitschka,120,747,12,4,520,2951,DeuxCatPotes|pkmarios|primetomas|selbitschka,4,640,3698
Keyfactor/ejbca-ce,375,mangusbrother,39,246,1,1,6,36,primetomas,2,45,282
Keyfactor/ejbca-ce,366,lunitaris,189,1120,2,2,39,229,lunitaris|primetomas,2,228,1349
Keyfactor/ejbca-ce,360,lunitaris,166,1019,1,1,44,271,primetomas,2,210,1290
Keyfactor/ejbca-ce,350,benoiton,81,519,1,1,13,73,primetomas,2,94,592
Keyfactor/ejbca-ce,344,benoiton,366,2299,1,1,52,273,primetomas,2,418,2572
Keyfactor/ejbca-ce,336,ZnqbuZ,82,608,2,1,36,208,primetomas,2,118,816
Keyfactor/ejbca-ce,333,jnlopez7,56,316,1,1,67,410,primetomas,2,123,726
Keyfactor/ejbca-ce,327,DatPenguin,111,685,6,3,333,2405,DatPenguin|anonhostpi|primetomas,3,444,3090
Keyfactor/ejbca-ce,317,simplysoft,52,413,2,1,125,803,primetomas,2,177,1216
Keyfactor/ejbca-ce,316,miguelarman,316,2135,5,3,483,2999,benoiton|miguelarman|primetomas,3,799,5134
Keyfactor/ejbca-ce,314,floriankoenig-work,140,1324,2,1,124,677,primetomas,2,264,2001
Keyfactor/ejbca-ce,313,ekrekeler,787,5746,0,0,0,0,,1,787,5746
Keyfactor/ejbca-ce,304,fuomag9,39,271,1,1,9,61,primetomas,2,48,332
Keyfactor/ejbca-ce,303,fuomag9,53,365,2,1,18,106,primetomas,2,71,471
Keyfactor/ejbca-ce,298,raydoom,1379,11156,1,1,33,203,primetomas,2,1412,11359
Keyfactor/ejbca-ce,297,bugz8unny69,108,711,1,1,80,487,primetomas,2,188,1198
Keyfactor/ejbca-ce,295,bsjaramillo,201,1172,1,1,13,58,bsjaramillo,1,214,1230
Keyfactor/ejbca-ce,294,SvenRoederer,88,522,1,1,25,127,primetomas,2,113,649
Keyfactor/ejbca-ce,293,SvenRoederer,392,3004,2,1,287,2003,primetomas,2,679,5007
Keyfactor/ejbca-ce,291,bsjaramillo,30,153,1,1,18,126,primetomas,2,48,279
Keyfactor/ejbca-ce,282,bsjaramillo,46,327,3,2,127,758,bsjaramillo|primetomas,2,173,1085
Keyfactor/ejbca-ce,275,gareththered,116,637,3,3,96,541,LachlanDodd|gareththered|hesunmark,3,212,1178
Keyfactor/ejbca-ce,266,uedvt359,65,428,6,2,178,1059,primetomas|uedvt359,2,243,1487
Keyfactor/ejbca-ce,264,hfzqasim,384,3697,11,2,905,6332,hfzqasim|primetomas,2,1289,10029
Keyfactor/ejbca-ce,261,uedvt359,110,723,1,1,32,167,primetomas,2,142,890
Keyfactor/ejbca-ce,258,uedvt359,73,451,1,1,16,89,uedvt359,1,89,540
Keyfactor/ejbca-ce,255,kathodion,293,2300,9,2,403,2284,kathodion|primetomas,2,696,4584
Keyfactor/ejbca-ce,251,jc1203,122,805,1,1,9,52,jc1203,1,131,857
Keyfactor/ejbca-ce,249,iandrewt,338,1964,1,1,7,30,primetomas,2,345,1994
Keyfactor/ejbca-ce,248,sj10v2,314,2786,5,2,588,5305,primetomas|sj10v2,2,902,8091
Keyfactor/ejbca-ce,240,nvollmar,44,288,6,3,295,1936,hablutzel1|nvollmar|primetomas,3,339,2224
Keyfactor/ejbca-ce,225,darkpastiurs,793,6122,2,2,77,410,darkpastiurs|primetomas,2,870,6532
Keyfactor/ejbca-ce,223,Realiserad,41,250,1,1,186,1901,Realiserad,1,227,2151
Keyfactor/ejbca-ce,220,Pinkbyte,91,522,19,2,904,5307,Pinkbyte|primetomas,2,995,5829
Keyfactor/ejbca-ce,219,Pinkbyte,477,3622,0,0,0,0,,1,477,3622
Keyfactor/ejbca-ce,218,raydoom,24,148,3,2,60,370,primetomas|raydoom,2,84,518
Keyfactor/ejbca-ce,211,raydoom,727,3892,5,2,689,4781,primetomas|raydoom,2,1416,8673
Keyfactor/ejbca-ce,201,JibinNajeeb,89,635,1,1,39,253,primetomas,2,128,888
Keyfactor/ejbca-ce,200,Arlo001,92,608,1,1,14,82,JibinNajeeb,2,106,690
Keyfactor/ejbca-ce,196,Arlo001,713,5850,8,3,1305,9020,Arlo001|mike-agrenius-kushner|primetomas,3,2018,14870
Keyfactor/ejbca-ce,195,ghost,151,972,2,2,65,390,ghost|primetomas,2,216,1362
Keyfactor/ejbca-ce,179,Silviu-Caprar,86,571,1,1,49,321,primetomas,2,135,892
Keyfactor/ejbca-ce,176,sbingner,282,1605,6,2,1518,9922,primetomas|sbingner,2,1800,11527
Keyfactor/ejbca-ce,168,Realiserad,51,312,6,2,612,4977,Realiserad|primetomas,2,663,5289
Keyfactor/ejbca-ce,159,oculos,1338,9563,2,2,45,251,oculos|sbarnes-tecnica,2,1383,9814
Keyfactor/ejbca-ce,158,adyfoot,29,160,2,2,105,653,Realiserad|primetomas,3,134,813
Keyfactor/ejbca-ce,153,Michuu93,16,87,2,1,104,610,primetomas,2,120,697
Keyfactor/ejbca-ce,145,chaliy,60,362,5,3,104,548,akielbas|primetomas|s17t,4,164,910
Keyfactor/ejbca-ce,134,mdhont,1319,10081,6,2,520,3621,mdhont|primetomas,2,1839,13702
Keyfactor/ejbca-ce,130,sandevins,163,982,3,2,44,250,primetomas|sandevins,2,207,1232
Keyfactor/ejbca-ce,125,carlosjpr-collab,64,402,1,1,30,186,primetomas,2,94,588
Keyfactor/ejbca-ce,119,nzeroxed,71,466,3,1,78,441,primetomas,2,149,907
Keyfactor/ejbca-ce,118,NortonHua,54,275,2,1,92,548,primetomas,2,146,823
Keyfactor/ejbca-ce,113,Edelmeyder,92,473,1,1,32,168,primetomas,2,124,641
Keyfactor/ejbca-ce,112,arshadnoor,4569,34300,3,3,59,279,PhilippeTKM|mike-agrenius-kushner|primetomas,4,4628,34579
Keyfactor/ejbca-ce,103,donusry-privoro,87,523,3,2,102,545,donusry-privoro|primetomas,2,189,1068
Keyfactor/ejbca-ce,102,Nobody0404,187,1350,11,2,522,3803,Nobody0404|primetomas,2,709,5153
Keyfactor/ejbca-ce,101,kvd-admin,569,3961,15,2,946,6042,kvd-admin|primetomas,2,1515,10003
Keyfactor/ejbca-ce,84,rmuehl,44,257,2,2,36,206,primetomas|rmuehl,2,80,463
Keyfactor/ejbca-ce,81,uedvt359,199,1274,4,2,303,1799,primetomas|uedvt359,2,502,3073
Keyfactor/ejbca-ce,80,uedvt359,269,1770,12,4,2065,13054,Synertry|fliegerwolf|primetomas|uedvt359,4,2334,14824
Keyfactor/ejbca-ce,76,zaltysz,114,844,10,3,557,3714,ecarlseen|primetomas|zaltysz,3,671,4558
Keyfactor/ejbca-ce,70,jhondari1989,399,2625,3,2,176,971,jhondari1989|primetomas,2,575,3596
Keyfactor/ejbca-ce,67,huang714669,72,429,10,2,4266,38308,huang714669|primetomas,2,4338,38737
Keyfactor/ejbca-ce,65,jhondari1989,90,544,6,4,420,2625,jhondari1989|mike-agrenius-kushner|pkmarios|primetomas,4,510,3169
Keyfactor/ejbca-ce,55,zmmm85,75,539,6,2,392,2460,primetomas|zmmm85,2,467,2999
Keyfactor/ejbca-ce,53,hstrang,193,1158,2,1,72,439,primetomas,2,265,1597
Keyfactor/ejbca-ce,52,serbans99,135,771,9,3,938,6936,pkmarios|primetomas|serbans99,3,1073,7707
Keyfactor/ejbca-ce,51,hsynff,300,2246,1,1,68,393,primetomas,2,368,2639
Keyfactor/ejbca-ce,40,JonnyBrando,869,5521,16,3,2390,14793,JonnyBrando|mike-agrenius-kushner|primetomas,3,3259,20314
Keyfactor/ejbca-ce,37,mperretta1,3732,27541,6,1,463,3579,primetomas,2,4195,31120
Keyfactor/ejbca-ce,35,karansachdeva24,49,265,1,1,30,187,mike-agrenius-kushner,2,79,452
Keyfactor/ejbca-ce,33,ghost,716,5143,1,1,25,210,ghost,1,741,5353
Keyfactor/ejbca-ce,32,nuthankumarkb07,23,170,2,1,44,327,primetomas,2,67,497
Keyfactor/ejbca-ce,29,Realiserad,349,2384,2,2,59,296,Realiserad|primetomas,2,408,2680
Keyfactor/ejbca-ce,26,sandor-szendro-i4p,82,529,2,1,113,657,primetomas,2,195,1186
Keyfactor/ejbca-ce,25,MastaP,399,2752,9,3,447,2781,MastaP|Realiserad|primetomas,3,846,5533
Keyfactor/ejbca-ce,24,lazydays79,525,4851,7,2,503,3230,lazydays79|primetomas,2,1028,8081
Keyfactor/ejbca-ce,22,lazydays79,111,885,11,2,500,2864,lazydays79|primetomas,2,611,3749
Keyfactor/ejbca-ce,21,gardellajuanpablo,409,2811,2,2,561,4350,gardellajuanpablo|primetomas,2,970,7161
Keyfactor/ejbca-ce,20,jmrenshaw,212,1315,3,2,89,480,jmrenshaw|primetomas,2,301,1795
Keyfactor/ejbca-ce,19,gardellajuanpablo,4463,34323,6,2,133,1075,gardellajuanpablo|primetomas,2,4596,35398
Keyfactor/ejbca-ce,18,gardellajuanpablo,415,2716,9,3,313,1897,benoiton|gardellajuanpablo|primetomas,3,728,4613
Keyfactor/ejbca-ce,17,karansachdeva24,18,106,1,1,11,72,primetomas,2,29,178
Keyfactor/ejbca-ce,16,aaomidi,37,200,2,2,42,228,CasparKielwein|primetomas,3,79,428
Keyfactor/ejbca-ce,15,blancoreyes,106,678,4,2,208,1229,blancoreyes|primetomas,2,314,1907
Keyfactor/ejbca-ce,14,JoeyChen-NTUT,79,631,1,1,75,443,primetomas,2,154,1074
Keyfactor/ejbca-ce,13,JoeyChen-NTUT,293,1838,1,1,36,200,primetomas,2,329,2038
Keyfactor/signserver-ce,129,HarimbolaSantatra,239,1657,1,1,38,310,HarimbolaSantatra,1,277,1967
Keyfactor/signserver-ce,112,daniel123-sudo,328,2756,2,2,79,423,mlundblad|netmackan,3,407,3179
Keyfactor/signserver-ce,108,Vampire,252,1608,2,2,123,782,mlundblad|netmackan,3,375,2390
Keyfactor/signserver-ce,106,Vampire,43,266,2,2,30,205,annicaw|netmackan,3,73,471
Keyfactor/signserver-ce,105,Vampire,203,1304,9,3,1039,9358,Vampire|ebourg|netmackan,3,1242,10662
Keyfactor/signserver-ce,104,Vampire,149,891,2,1,123,692,netmackan,2,272,1583
Keyfactor/signserver-ce,103,Vampire,92,595,3,2,279,1704,Vampire|netmackan,2,371,2299
Keyfactor/signserver-ce,102,Vampire,93,597,1,1,6,40,netmackan,2,99,637
Keyfactor/signserver-ce,93,r-shafi,74,424,1,1,24,132,netmackan,2,98,556
Keyfactor/signserver-ce,88,ralienpp,159,969,1,1,25,141,netmackan,2,184,1110
Keyfactor/signserver-ce,85,tsiddiq,365,2457,1,1,60,322,mlundblad,2,425,2779
Keyfactor/signserver-ce,83,r-shafi,336,2651,6,4,549,4226,3keyroman|mlundblad|netmackan|r-shafi,4,885,6877
Keyfactor/signserver-ce,69,chiraleo2000,81,478,2,1,69,389,mlundblad,2,150,867
Keyfactor/signserver-ce,62,blink38,74,530,1,1,17,93,mlundblad,2,91,623
Keyfactor/signserver-ce,61,blink38,163,1082,3,2,86,584,blink38|mlundblad,2,249,1666
Keyfactor/signserver-ce,60,blink38,232,1493,4,2,130,795,blink38|mlundblad,2,362,2288
Keyfactor/signserver-ce,50,BIRSAx2,71,398,3,2,105,593,mlundblad|netmackan,3,176,991
Keyfactor/signserver-ce,42,Aishu286,4698,34399,2,2,90,521,Aishu286|mlundblad,2,4788,34920
Keyfactor/signserver-ce,38,ckod4,4850,30684,1,1,28,170,mlundblad,2,4878,30854
Keyfactor/signserver-ce,34,johnt-softclouds,41,236,2,1,46,277,netmackan,2,87,513
Keyfactor/signserver-ce,23,ralienpp,145,803,1,1,167,936,netmackan,2,312,1739
Keyfactor/signserver-ce,16,netmackan,35,239,1,1,13,85,netmackan,1,48,324
Keyfactor/signserver-ce,5,vgottardi2,2852,21738,3,2,122,699,netmackan|vgottardi2,2,2974,22437
hashicorp/vault,31628,mgarstecki,396,2382,3,1,154,831,JcKlomp,2,550,3213
hashicorp/vault,31627,ZawarAliR3,339,2206,1,1,114,681,nickperry,2,453,2887
hashicorp/vault,31625,draculacowboy83,601,4188,0,0,0,0,,1,601,4188
hashicorp/vault,31621,iloving,266,1595,1,1,26,138,pawannn,2,292,1733
hashicorp/vault,31620,cHiv0rz,96,566,4,3,195,1393,cHiv0rz|heatherezell|hellobontempo,3,291,1959
hashicorp/vault,31618,apenadiazApk,142,881,0,0,0,0,,1,142,881
hashicorp/vault,31615,rnubel,300,2067,0,0,0,0,,1,300,2067
hashicorp/vault,31614,karabanov,451,3164,20,8,1115,8812,dennisbrouwer91|dkoci|fanter-it|heatherezell|hellobontempo|msschl|pascal-hofmann|tsaarni,9,1566,11976
hashicorp/vault,31613,frco9,235,1463,0,0,0,0,,1,235,1463
hashicorp/vault,31612,karabanov,258,1407,1,1,109,560,pl-bamboo,2,367,1967
hashicorp/vault,31611,gnugnug,152,842,1,1,27,160,gnugnug,1,179,1002
hashicorp/vault,31610,k1ngdmk,346,2102,0,0,0,0,,1,346,2102
hashicorp/vault,31609,mtavaresmedeiros,289,1758,10,9,562,3438,andreaspoletti|gerardma77|gib392|hellobontempo|mind12|mtavaresmedeiros|romain-masseboeuf|thonby|v-karbovnichy,9,851,5196
hashicorp/vault,31607,Freddo3000,169,1102,0,0,0,0,,1,169,1102
hashicorp/vault,31606,eyenx,321,1958,0,0,0,0,,1,321,1958
hashicorp/vault,31605,HappyHacker123,288,1685,1,1,88,449,heatherezell,2,376,2134
hashicorp/vault,31604,AlbertoVPersonal,89,490,1,1,109,599,heatherezell,2,198,1089
hashicorp/vault,31601,ZeusCodex,272,1591,0,0,0,0,,1,272,1591
hashicorp/vault,31600,sebinsunny,140,994,1,1,48,325,chaptersix,2,188,1319
hashicorp/vault,31597,dselyuzhitskiy,174,1141,0,0,0,0,,1,174,1141
hashicorp/vault,31594,ssydx,169,1136,1,1,12,94,heatherezell,2,181,1230
hashicorp/vault,31586,drook,862,7866,1,1,39,243,heatherezell,2,901,8109
hashicorp/vault,31582,Nivedita-coder,122,837,4,2,245,1515,Nivedita-coder|heatherezell,2,367,2352
hashicorp/vault,31579,ryancragun,63,321,0,0,0,0,,1,63,321
hashicorp/vault,31576,Ruddickmg,333,2569,3,2,366,2094,Ruddickmg|VogonAnthology,2,699,4663
hashicorp/vault,31575,Ruddickmg,593,4304,2,1,259,1882,VogonAnthology,2,852,6186
hashicorp/vault,31574,tchernobog,301,2149,0,0,0,0,,1,301,2149
hashicorp/vault,31571,makarov-roman,51,325,0,0,0,0,,1,51,325
hashicorp/vault,31570,doty-db,298,1911,0,0,0,0,,1,298,1911
hashicorp/vault,31568,tim-van-dijkhuizen,277,1636,0,0,0,0,,1,277,1636
hashicorp/vault,31567,adielcristo,36,256,1,1,58,295,heatherezell,2,94,551
hashicorp/vault,31560,yushiqie,103,945,3,1,112,717,heatherezell,2,215,1662
hashicorp/vault,31558,jarekchr,85,488,3,3,166,1060,cipherboy|heatherezell|jarekchr,3,251,1548
hashicorp/vault,31556,mpodolsk-cisco,388,2793,3,2,46,238,heatherezell|mpodolsk-cisco,2,434,3031
hashicorp/vault,31553,7sinStone,187,1217,0,0,0,0,,1,187,1217
hashicorp/vault,31552,giuse-boccia,326,2720,10,7,663,3912,blo0dskAr|davidadeleon|giuse-boccia|heatherezell|jskilton|rathberm|whetchar,7,989,6632
hashicorp/vault,31551,mohamedhabas11,302,1909,1,1,44,247,heatherezell,2,346,2156
hashicorp/vault,31549,7sinStone,229,1556,3,2,104,592,7sinStone|heatherezell,2,333,2148
hashicorp/vault,31547,aloeenmae,228,1437,1,1,46,241,heatherezell,2,274,1678
hashicorp/vault,31545,mcpherrinm,206,1210,3,3,164,1046,mcpherrinm|nf-brentsaner|stevendpclark,3,370,2256
hashicorp/vault,31544,trodemaster,390,2899,1,1,83,432,trodemaster,1,473,3331
hashicorp/vault,31542,mabunixda,75,497,0,0,0,0,,1,75,497
hashicorp/vault,31536,rumfellow,305,2546,0,0,0,0,,1,305,2546
hashicorp/vault,31526,victorybhg,39,197,3,2,117,584,heatherezell|victorybhg,2,156,781
hashicorp/vault,31523,raivil,396,2960,0,0,0,0,,1,396,2960
hashicorp/vault,31514,grzegorzbober-dev,315,2079,0,0,0,0,,1,315,2079
hashicorp/vault,31505,mmcgarr,150,905,3,3,222,1414,BeElectronicSakshi|John-Holden|mmcgarr,3,372,2319
hashicorp/vault,31494,ausmartway,110,651,1,1,8,58,BeElectronicSakshi,2,118,709
hashicorp/vault,31471,shefalivashishtha,303,1993,3,2,179,1449,heatherezell|shefalivashishtha,2,482,3442
hashicorp/vault,31464,juresaht2,219,1416,4,2,137,747,heatherezell|juresaht2,2,356,2163
hashicorp/vault,31463,juresaht2,109,902,0,0,0,0,,1,109,902
hashicorp/vault,31461,hush-hush,945,5928,1,1,52,305,mpalmi,2,997,6233
hashicorp/vault,31452,spiffcs,638,4708,1,1,107,726,spiffcs,1,745,5434
hashicorp/vault,31444,weichuliu,401,3065,1,1,19,110,BeElectronicSakshi,2,420,3175
hashicorp/vault,31435,saipranav,368,2378,1,1,190,1093,sudomateo,2,558,3471
hashicorp/vault,31432,satwik-hegde,182,1201,0,0,0,0,,1,182,1201
hashicorp/vault,31410,HareshChhelana,356,2336,6,2,218,1238,HareshChhelana|heatherezell,2,574,3574
hashicorp/vault,31405,devendra104,255,1734,1,1,35,194,heatherezell,2,290,1928
hashicorp/vault,31404,dehnert,207,1313,1,1,12,96,Ananyasinha13,2,219,1409
hashicorp/vault,31403,dehnert,280,1741,1,1,7,39,Ananyasinha13,2,287,1780
hashicorp/vault,31400,bogdanml999,353,2264,1,1,67,359,heatherezell,2,420,2623
hashicorp/vault,31377,ctretyak,221,1502,1,1,20,105,Ananyasinha13,2,241,1607
hashicorp/vault,31376,lrstanley,255,1675,0,0,0,0,,1,255,1675
hashicorp/vault,31372,jimrosenfeld,474,2909,0,0,0,0,,1,474,2909
hashicorp/vault,31369,mark-at-nuna,245,1839,0,0,0,0,,1,245,1839
hashicorp/vault,31365,pwilczynskiclearcode,211,1417,1,1,29,176,hjpotter92,2,240,1593
hashicorp/vault,31364,pierresebastien,338,3047,2,2,61,370,jhughes-naic|pierresebastien,2,399,3417
hashicorp/vault,31357,shuston,441,2828,11,6,386,2089,HamzaRahmani|benashz|cornelius-99|davidadeleon|shuston|sk25469,6,827,4917
hashicorp/vault,31351,msonnleitner,512,3428,0,0,0,0,,1,512,3428
hashicorp/vault,31348,doty-db,463,3561,1,1,120,697,itsvshreyas,2,583,4258
hashicorp/vault,31343,evilmog,112,644,0,0,0,0,,1,112,644
hashicorp/vault,31340,evan-cohen,106,636,0,0,0,0,,1,106,636
hashicorp/vault,31317,dewk-elca,57,387,0,0,0,0,,1,57,387
hashicorp/vault,31315,zagnafeynt,334,2083,0,0,0,0,,1,334,2083
hashicorp/vault,31283,BornToBeRoot,100,691,2,2,38,208,BornToBeRoot|datenzar,2,138,899
hashicorp/vault,31264,lbv2rus,116,811,0,0,0,0,,1,116,811
hashicorp/vault,31243,Sanel0101,52,356,2,1,23,127,heatherezell,2,75,483
hashicorp/vault,31217,dch,199,1483,3,1,125,776,dereckson,2,324,2259
hashicorp/vault,31216,KieranP,253,1492,1,1,156,917,jimrosenfeld,2,409,2409
hashicorp/vault,31200,BornToBeRoot,333,2221,12,6,534,3224,ddarby-lewis-oxe|fran07-cipher|heatherezell|nabiltntn|nf-brentsaner|ronaldocherokee,7,867,5445
hashicorp/vault,31198,cocoon,238,2166,0,0,0,0,,1,238,2166
hashicorp/vault,31189,cmmarslender,128,802,3,2,321,1772,cmmarslender|pierresebastien,2,449,2574
hashicorp/vault,31179,bharat-arc,225,1530,1,1,73,401,heatherezell,2,298,1931
hashicorp/vault,31177,plejd-sebman,103,655,4,3,161,883,ZirongCai|heatherezell|mfriedenhagen,4,264,1538
hashicorp/vault,31161,juicemia,104,655,1,1,7,39,Ananyasinha13,2,111,694
hashicorp/vault,31139,Syndlex,240,1587,0,0,0,0,,1,240,1587
hashicorp/vault,31138,dehnert,933,5681,3,2,491,2917,aphorise|dehnert,2,1424,8598
hashicorp/vault,31125,verdel,387,2790,30,17,832,4305,9digitdev|drone2of6|fancybear-dev|foppepieters|froblesmartin|funzie19|gysel|heinrichgrt|kathleenfrench|minivendra|paul-at-cybr|sapk|soumodeep46|stevemsmith|thidajat-prosper|verdel|xueshanf,17,1219,7095
hashicorp/vault,31122,isav48,204,1191,1,1,23,133,aphorise,2,227,1324
hashicorp/vault,31116,kasun-bandara,281,1753,3,2,94,555,kasun-bandara|pierresebastien,2,375,2308
hashicorp/vault,31113,thanks4wifi,289,2202,0,0,0,0,,1,289,2202
hashicorp/vault,31112,kirn33,252,1506,0,0,0,0,,1,252,1506
hashicorp/vault,31065,3nprob,191,1236,0,0,0,0,,1,191,1236
hashicorp/vault,31064,lyoung-confluent,204,1390,0,0,0,0,,1,204,1390
hashicorp/vault,31063,lyoung-confluent,242,1473,0,0,0,0,,1,242,1473
hashicorp/vault,31003,nvatuan,132,815,0,0,0,0,,1,132,815
hashicorp/vault,30973,timmjd,322,2399,2,2,96,559,heatherezell|timmjd,2,418,2958
hashicorp/vault,30954,weichuliu,64,404,1,1,16,91,BeElectronicSakshi,2,80,495
hashicorp/vault,30912,Rahulrama211,205,1354,1,1,67,359,heatherezell,2,272,1713
hashicorp/vault,30882,LostKobrakai,104,622,0,0,0,0,,1,104,622
hashicorp/vault,30866,rbayerl,491,3370,0,0,0,0,,1,491,3370
hashicorp/vault,30858,ngarafol,213,1422,1,1,8,45,Ananyasinha13,2,221,1467
hashicorp/vault,30853,MVPuknowme,0,0,0,0,0,0,,1,0,0
hashicorp/vault,30839,janisii,62,388,0,0,0,0,,1,62,388
hashicorp/vault,30802,3nprob,152,1070,0,0,0,0,,1,152,1070
hashicorp/vault,30793,dhatri308,82,512,1,1,67,359,heatherezell,2,149,871
hashicorp/vault,30773,bharat-arc,326,2837,1,1,50,281,heatherezell,2,376,3118
hashicorp/vault,30770,garfield1143,377,2456,3,2,58,262,garfield1143|heatherezell,2,435,2718
hashicorp/vault,30769,anxjok,320,2192,1,1,19,100,anxjok,1,339,2292
hashicorp/vault,30755,ozacas,1379,9755,6,2,295,1616,heatherezell|ozacas,2,1674,11371
hashicorp/vault,30754,MrDrMcCoy,978,7089,11,5,1187,8653,MrDrMcCoy|guygrigsby|heatherezell|mladlow|raskchanky,5,2165,15742
hashicorp/vault,30752,niekberenschot,234,1562,3,2,56,343,heatherezell|niekberenschot,2,290,1905
hashicorp/vault,30734,trodemaster,323,2044,0,0,0,0,,1,323,2044
hashicorp/vault,30714,berkitamas,326,2048,0,0,0,0,,1,326,2048
hashicorp/vault,30686,Bharat-vyas,293,2505,0,0,0,0,,1,293,2505
hashicorp/vault,30685,candrews,433,2911,10,5,1199,7418,candrews|jeff-skilton|jskilton|rhysjtevans|xb4r7x,5,1632,10329
hashicorp/vault,30665,Ruddickmg,1979,13624,9,4,473,3032,Ruddickmg|heatherezell|mwmahlberg|tchernobog,4,2452,16656
hashicorp/vault,30625,Bharat-vyas,315,2989,4,2,113,646,Bharat-vyas|heatherezell,2,428,3635
hashicorp/vault,30621,andy-d2019,208,1371,0,0,0,0,,1,208,1371
hashicorp/vault,30612,juujii,455,3206,1,1,45,292,heatherezell,2,500,3498
hashicorp/vault,30611,azrdev,194,1305,0,0,0,0,,1,194,1305
hashicorp/vault,30610,juandbotiva,404,3757,2,2,56,352,AjayRedJ|juandbotiva,2,460,4109
hashicorp/vault,30590,karabanov,236,1709,4,3,175,1028,chaptersix|heatherezell|karabanov,3,411,2737
hashicorp/vault,30584,mylestrymbulakFTDR,562,4274,1,1,41,222,heatherezell,2,603,4496
hashicorp/vault,30574,moo-im-a-cow,478,3602,1,1,42,244,heatherezell,2,520,3846
hashicorp/vault,30549,archana-punia,681,5908,8,2,459,4079,archana-punia|heatherezell,2,1140,9987
hashicorp/vault,30534,fairclothjm,4,20,1,1,7,39,heatherezell,2,11,59
hashicorp/vault,30516,gnugnug,113,669,1,1,72,1176,gnugnug,1,185,1845
hashicorp/vault,30480,dhatri308,2487,15468,4,4,190,1076,AndieC|cbarbian-sap|dhatri308|heatherezell,4,2677,16544
hashicorp/vault,30479,jcarrothers-sap,310,1964,0,0,0,0,,1,310,1964
hashicorp/vault,30387,vkanproton,173,1537,3,2,93,519,heatherezell|vkanproton,2,266,2056
hashicorp/vault,30383,FrostyMo,439,3132,2,2,235,1552,FrostyMo|heatherezell,2,674,4684
hashicorp/vault,30365,owenhaynes,183,1104,0,0,0,0,,1,183,1104
hashicorp/vault,30363,dabelenda,229,1536,1,1,26,148,dabelenda,1,255,1684
hashicorp/vault,30362,sundalon,194,1409,1,1,16,93,stephan2012,2,210,1502
hashicorp/vault,30322,glisav,111,732,1,1,100,617,heatherezell,2,211,1349
hashicorp/vault,30317,dabelenda,354,2178,5,3,421,2378,Tyrael|dabelenda|heatherezell,3,775,4556
hashicorp/vault,30303,kachi-app,632,5054,3,2,127,719,heatherezell|kachi-app,2,759,5773
hashicorp/vault,30302,kazu634,446,3347,0,0,0,0,,1,446,3347
hashicorp/vault,30301,0xfeeddeadbeef,280,1797,1,1,31,177,0xfeeddeadbeef,1,311,1974
hashicorp/vault,30288,muff1nman,73,494,4,2,178,1023,ahmedelgareep|heatherezell,3,251,1517
hashicorp/vault,30258,kurbezz,338,2534,0,0,0,0,,1,338,2534
hashicorp/vault,30249,heatherezell,127,911,7,4,385,2012,BigMacIT|divyaac|heatherezell|peikk0,4,512,2923
hashicorp/vault,30227,juliantaylor,489,4522,1,1,253,1913,Mon-143,2,742,6435
hashicorp/vault,30209,cfif1982,64,376,0,0,0,0,,1,64,376
hashicorp/vault,30207,mitsutaka,372,2398,0,0,0,0,,1,372,2398
hashicorp/vault,30201,semekh,331,2149,3,2,151,818,heatherezell|ruheenaansari34,3,482,2967
hashicorp/vault,30179,Joshua-Beha,170,1091,0,0,0,0,,1,170,1091
hashicorp/vault,30158,krytosvirus,717,4569,8,2,864,5195,heatherezell|krytosvirus,2,1581,9764
hashicorp/vault,30146,bradenrayhorn,224,1650,0,0,0,0,,1,224,1650
hashicorp/vault,30144,juliantaylor,154,1123,1,1,108,829,juliantaylor,1,262,1952
hashicorp/vault,30117,tdiesler,105,949,0,0,0,0,,1,105,949
hashicorp/vault,30018,candrews,508,5093,3,2,78,466,heatherezell|mickael-hc,3,586,5559
hashicorp/vault,29990,rjhornsby,101,632,2,2,27,178,rjhornsby|robmonte,2,128,810
hashicorp/vault,29952,alingse,29,242,3,3,105,635,alingse|davidadeleon|heatherezell,3,134,877
hashicorp/vault,29950,srishti772,324,2436,0,0,0,0,,1,324,2436
hashicorp/vault,29948,ruspaul013,466,3141,1,1,3,16,ruspaul013,1,469,3157
hashicorp/vault,29939,vthadkamadla-mn,29,151,2,2,54,299,VioletHynes|heatherezell,3,83,450
hashicorp/vault,29938,chris-burn-phocas,4427,27038,0,0,0,0,,1,4427,27038
hashicorp/vault,29936,cuishuang,48,301,2,2,24,127,aslamovamir|heatherezell,3,72,428
hashicorp/vault,29928,rkapl,205,1288,0,0,0,0,,1,205,1288
hashicorp/vault,29908,firstdorsal,1531,9707,4,2,262,1462,firstdorsal|heatherezell,2,1793,11169
hashicorp/vault,29901,nwsparks,35,247,0,0,0,0,,1,35,247
hashicorp/vault,29899,nwsparks,53,332,2,2,105,624,heatherezell|nwsparks,2,158,956
hashicorp/vault,29893,usernamemikem,74,359,15,4,1711,9468,heatherezell|joshcruz67|satyamz|usernamemikem,4,1785,9827
hashicorp/vault,29886,MathisPRS,167,1014,2,2,113,617,EschewObfuscaton|heatherezell,3,280,1631
hashicorp/vault,29885,Nivedita-coder,117,770,0,0,0,0,,1,117,770
hashicorp/vault,29884,rgoltz,211,1194,0,0,0,0,,1,211,1194
hashicorp/vault,29872,kingnarmer,460,2857,11,4,2581,20052,gerardma77|heatherezell|kingnarmer|pkossyfas,4,3041,22909
hashicorp/vault,29869,cmmarslender,307,1876,10,8,569,3485,F21|aphorise|asvinours|cmmarslender|gautamg795|heatherezell|luanaBanana|pmarshallase,8,876,5361
hashicorp/vault,29863,tedo-benchling,321,2439,7,7,464,2911,BigMacIT|TheLonelyGhost|age9990|heatherezell|isaac88|ryancragun|tedo-benchling,7,785,5350
hashicorp/vault,29861,landron,569,4461,0,0,0,0,,1,569,4461
hashicorp/vault,29851,skeet70,160,1046,0,0,0,0,,1,160,1046
hashicorp/vault,29783,sfabara,429,2695,2,2,61,331,heatherezell|sfabara,2,490,3026
hashicorp/vault,29744,hmalinov,359,3425,0,0,0,0,,1,359,3425
hashicorp/vault,29717,nomaster,257,2126,6,3,354,2088,heatherezell|keisari-ch|nomaster,3,611,4214
hashicorp/vault,29703,ZuhairORZaki,311,2185,2,2,190,1067,ZuhairORZaki|blueberry-pi,2,501,3252
hashicorp/vault,29694,jamespavett,539,3960,1,1,13,80,3213-cmd,2,552,4040
hashicorp/vault,29692,JanSF,219,1334,0,0,0,0,,1,219,1334
hashicorp/vault,29688,yabberyabber,287,1782,1,1,26,161,heatherezell,2,313,1943
hashicorp/vault,29681,eisraeli,108,712,0,0,0,0,,1,108,712
hashicorp/vault,29675,EugenKon,45,323,0,0,0,0,,1,45,323
hashicorp/vault,29673,mhf-ir,68,409,0,0,0,0,,1,68,409
hashicorp/vault,29672,fpopic,60,373,1,1,97,460,EschewObfuscaton,2,157,833
hashicorp/vault,29666,EugenKon,46,357,0,0,0,0,,1,46,357
hashicorp/vault,29664,EugenKon,69,473,0,0,0,0,,1,69,473
hashicorp/vault,29663,EugenKon,331,2396,1,1,35,158,heatherezell,2,366,2554
hashicorp/vault,29658,Nivedita-coder,113,693,1,1,27,159,Nivedita-coder,1,140,852
hashicorp/vault,29654,kwohlfahrt,236,1894,1,1,137,766,blueberry-pi,2,373,2660
hashicorp/vault,29603,con-f-use,121,701,0,0,0,0,,1,121,701
hashicorp/vault,29569,madhu-guptask,320,2233,3,2,103,579,blueberry-pi|madhu-guptask,2,423,2812
hashicorp/vault,29552,work-robot,246,1689,0,0,0,0,,1,246,1689
hashicorp/vault,29549,huttsMichael,306,1979,3,2,105,723,aphorise|huttsMichael,2,411,2702
hashicorp/vault,29545,dolmen,141,1062,0,0,0,0,,1,141,1062
hashicorp/vault,29544,witochandra,163,932,2,1,20,109,aslamovamir,2,183,1041
hashicorp/vault,29539,thevilledev,325,2171,0,0,0,0,,1,325,2171
hashicorp/vault,29532,d3bt3ch,54,401,2,2,263,1665,aslamovamir|d3bt3ch,2,317,2066
hashicorp/vault,29507,trevorackerman,343,2186,0,0,0,0,,1,343,2186
hashicorp/vault,29504,foscjos2,107,628,0,0,0,0,,1,107,628
hashicorp/vault,29503,glisav,390,2709,0,0,0,0,,1,390,2709
hashicorp/vault,29495,dr-thca,99,549,0,0,0,0,,1,99,549
hashicorp/vault,29481,karabanov,133,709,6,3,475,2785,heatherezell|karabanov|kiran-4444,3,608,3494
hashicorp/vault,29472,micolun,217,1318,0,0,0,0,,1,217,1318
hashicorp/vault,29460,Kloppi313,235,1486,0,0,0,0,,1,235,1486
hashicorp/vault,29444,domolitom,97,572,0,0,0,0,,1,97,572
hashicorp/vault,29443,Phanindra-Sangers,113,1017,0,0,0,0,,1,113,1017
hashicorp/vault,29442,Mmladshev,376,2742,0,0,0,0,,1,376,2742
hashicorp/vault,29441,lakrass,91,514,0,0,0,0,,1,91,514
hashicorp/vault,29435,lattwood,461,3226,0,0,0,0,,1,461,3226
hashicorp/vault,29417,RBird111,314,2024,0,0,0,0,,1,314,2024
hashicorp/vault,29392,drewmullen,483,3415,3,1,161,1187,drewmullen,1,644,4602
hashicorp/vault,29381,Acarnesecchi,301,2578,1,1,76,477,stevendpclark,2,377,3055
hashicorp/vault,29380,vitaaaaa1,189,1242,0,0,0,0,,1,189,1242
hashicorp/vault,29379,vitaaaaa1,189,1242,0,0,0,0,,1,189,1242
hashicorp/vault,29378,vitaaaaa1,209,1840,1,1,35,193,aphorise,2,244,2033
hashicorp/vault,29377,lvpeixin,189,1306,1,1,212,1650,aphorise,2,401,2956
hashicorp/vault,29368,javiermmenendez,313,2280,2,2,1013,8174,aphorise|sumitsomkuwer,3,1326,10454
hashicorp/vault,29364,oulinbao,91,566,1,1,78,450,stevendpclark,2,169,1016
hashicorp/vault,29362,krzysztof-dziadziak,438,2866,2,2,100,655,aphorise|krzysztof-dziadziak,2,538,3521
hashicorp/vault,29357,lgblaumeiser,210,1286,4,4,155,859,Monkeychip|aslamovamir|florianrusch|lgblaumeiser,4,365,2145
hashicorp/vault,29355,gnugnug,347,2350,2,1,46,241,aslamovamir,2,393,2591
hashicorp/vault,29353,ryanlovfer,204,1239,0,0,0,0,,1,204,1239
hashicorp/vault,29330,dagen,280,1912,1,1,66,353,VioletHynes,2,346,2265
hashicorp/vault,29324,witochandra,62,395,3,2,236,1378,aslamovamir|witochandra,2,298,1773
hashicorp/vault,29304,wenzel-felix,224,1552,2,2,51,302,aslamovamir|wenzel-felix,2,275,1854
hashicorp/vault,29287,AyoubElbardi,285,1958,1,1,82,508,VioletHynes,2,367,2466
hashicorp/vault,29286,brokedba,723,5420,0,0,0,0,,1,723,5420
hashicorp/vault,29279,sandi91,276,1823,5,3,206,1220,MrMarlin|pmangin|sandi91,3,482,3043
hashicorp/vault,29265,moo-im-a-cow,434,2688,1,1,25,132,sjh5205,2,459,2820
hashicorp/vault,29261,pulkits15,216,1369,2,2,77,406,aslamovamir|camaeel,3,293,1775
hashicorp/vault,29260,AdriRRP,1584,11164,0,0,0,0,,1,1584,11164
hashicorp/vault,29259,licenseplated,846,6660,0,0,0,0,,1,846,6660
hashicorp/vault,29258,derekrobertson,1459,11615,1,1,28,148,feiyunzhou,2,1487,11763
hashicorp/vault,29244,age9990,172,1176,2,2,18,97,LuckySB|age9990,2,190,1273
hashicorp/vault,29235,jsanant,670,5227,0,0,0,0,,1,670,5227
hashicorp/vault,29221,xeivieni,537,3903,2,2,80,525,stevendpclark|xeivieni,2,617,4428
hashicorp/vault,29201,leifmadsen,108,743,1,1,35,216,stevendpclark,2,143,959
hashicorp/vault,29188,michaelkosir,587,4351,1,1,91,506,davidadeleon,2,678,4857
hashicorp/vault,29179,nautique69,908,5886,1,1,129,736,VioletHynes,2,1037,6622
hashicorp/vault,29178,jrx,472,3629,0,0,0,0,,1,472,3629
hashicorp/vault,29163,J4sonZ,235,1600,0,0,0,0,,1,235,1600
hashicorp/vault,29157,jsirianni,193,1203,0,0,0,0,,1,193,1203
hashicorp/vault,29150,kacper1112,705,6169,1,1,83,544,kacper1112,1,788,6713
hashicorp/vault,29125,hariprasad-tallapalli,109,657,2,1,66,416,heatherezell,2,175,1073
hashicorp/vault,29119,void269,278,1721,1,1,38,224,glisav,2,316,1945
hashicorp/vault,29101,fpopic,133,814,3,2,143,826,beagins|fpopic,2,276,1640
hashicorp/vault,29099,jonmdev,1466,9895,6,2,2080,12061,jonmdev|stevendpclark,2,3546,21956
hashicorp/vault,29083,aescaler-raft,979,7024,8,2,808,4693,aescaler-raft|stevendpclark,2,1787,11717
hashicorp/vault,29064,wandergeek,263,1780,1,1,49,254,wandergeek,1,312,2034
hashicorp/vault,29055,cbarbian-sap,586,4843,0,0,0,0,,1,586,4843
hashicorp/vault,29054,MeikelLP,165,1208,4,2,168,1013,Letme|stevendpclark,3,333,2221
hashicorp/vault,29039,michael-leon,312,2998,0,0,0,0,,1,312,2998
hashicorp/vault,29038,eternalyperplxed,149,973,1,1,207,1145,bosouza,2,356,2118
hashicorp/vault,29035,thecmdradama,199,1201,1,1,37,218,thecmdradama,1,236,1419
hashicorp/vault,29033,ellisroll-b,791,5667,5,3,1398,8215,bosouza|ellisroll-b|maheshpoojaryneu,3,2189,13882
hashicorp/vault,29027,bandak2,116,720,1,1,66,449,bosouza,2,182,1169
hashicorp/vault,28993,raydenz,152,922,3,2,535,3185,bosouza|raydenz,2,687,4107
hashicorp/vault,28965,tonicmuroq,146,915,2,2,110,614,neodejack|stevendpclark,3,256,1529
hashicorp/vault,28954,kevin-loehfelm,69,456,2,2,27,142,kevin-loehfelm|kubawi,2,96,598
hashicorp/vault,28936,morganBlanloeil,149,934,1,1,90,519,stevendpclark,2,239,1453
hashicorp/vault,28935,Jamelgasa16,28,244,1,1,36,182,stevendpclark,2,64,426
hashicorp/vault,28912,vmaffet,201,1477,0,0,0,0,,1,201,1477
hashicorp/vault,28896,hajali-amine,210,1697,2,2,76,449,hajali-amine|stevendpclark,2,286,2146
hashicorp/vault,28883,jhrcz-ls,353,3333,1,1,34,190,stevendpclark,2,387,3523
hashicorp/vault,28880,cottand,569,3524,5,3,2473,15878,cottand|mpalmi|zpeschke,3,3042,19402
hashicorp/vault,28876,sgorbaty,272,2152,1,1,353,2575,bosouza,2,625,4727
hashicorp/vault,28846,askmike1,175,1055,4,3,452,2465,askmike1|kubawi|raskchanky,3,627,3520
hashicorp/vault,28844,valentinpelus,573,4177,1,1,124,863,valentinpelus,1,697,5040
hashicorp/vault,28831,rjhornsby,408,2935,1,1,47,273,rknightion,2,455,3208
hashicorp/vault,28805,sumanaps,172,1122,1,1,33,223,victorr,2,205,1345
hashicorp/vault,28792,pjain-fastly,259,1646,3,2,125,713,joeshaw|mpalmi,3,384,2359
hashicorp/vault,28789,conman2305,176,1032,3,3,140,897,dukhat2259|heatherezell|phuhung273,4,316,1929
hashicorp/vault,28759,bmerry,386,2669,2,2,73,416,Monkeychip|bmerry,2,459,3085
hashicorp/vault,28749,lboynton,626,4481,4,3,336,2018,bn-jbischko|heatherezell|kitography,4,962,6499
hashicorp/vault,28747,jackenbaer,148,959,0,0,0,0,,1,148,959
hashicorp/vault,28738,rusanki,383,2654,6,2,405,2443,miagilepner|rusanki,2,788,5097
hashicorp/vault,28735,abpetrov,120,808,0,0,0,0,,1,120,808
hashicorp/vault,28734,esenmarti,299,2129,1,1,17,86,miagilepner,2,316,2215
hashicorp/vault,28725,evdtempel,117,963,2,2,151,899,evdtempel|miagilepner,2,268,1862
hashicorp/vault,28720,liwadman,242,1607,1,1,47,393,phuhung273,2,289,2000
hashicorp/vault,28710,roehrijn,199,1167,2,2,37,199,aslamovamir|saiaunghlyanhtet,3,236,1366
hashicorp/vault,28689,KyRobbins,427,2429,0,0,0,0,,1,427,2429
hashicorp/vault,28682,samuelvgo,463,3550,8,3,774,5929,bosouza|miagilepner|samuelvgo,3,1237,9479
hashicorp/vault,28676,paulothread,281,2075,0,0,0,0,,1,281,2075
hashicorp/vault,28670,xguerin-orange,173,1051,5,4,86,439,Monkeychip|bennydeep|miagilepner|xguerin-orange,4,259,1490
hashicorp/vault,28667,semekh,222,1400,1,1,31,208,bosouza,2,253,1608
hashicorp/vault,28626,WoodyWoodsta,1119,7791,3,3,170,974,WoodyWoodsta|bosouza|miagilepner,3,1289,8765
hashicorp/vault,28611,jSherz,249,1583,2,1,50,278,jSherz,1,299,1861
hashicorp/vault,28607,econsult-devops,152,1030,1,1,32,164,bosouza,2,184,1194
hashicorp/vault,28579,Himura2la,165,1042,5,4,416,2911,Himura2la|Monkeychip|hellobontempo|lane-wetmore,4,581,3953
hashicorp/vault,28565,SamuZad,324,1902,0,0,0,0,,1,324,1902
hashicorp/vault,28547,taitelman,227,1678,6,3,330,2003,aphorise|rotembr|taitelman,3,557,3681
hashicorp/vault,28546,Flamefire,111,786,3,2,433,2792,Flamefire|kubawi,2,544,3578
hashicorp/vault,28545,FunkForever,174,1191,0,0,0,0,,1,174,1191
hashicorp/vault,28529,sjones4,146,984,0,0,0,0,,1,146,984
hashicorp/vault,28527,cwchristerw,191,1213,1,1,33,219,cwchristerw,1,224,1432
hashicorp/vault,28516,dominik-bln,744,5248,2,2,234,1518,mpodolsk-cisco|shefalivashishtha,3,978,6766
hashicorp/vault,28515,age9990,151,978,6,3,185,956,age9990|contain-security|heatherezell,3,336,1934
hashicorp/vault,28514,ghost,21,127,0,0,0,0,,1,21,127
hashicorp/vault,28507,sergeylanzman,356,2443,0,0,0,0,,1,356,2443
hashicorp/vault,28485,MorganReid,127,815,1,1,67,359,heatherezell,2,194,1174
hashicorp/vault,28480,M0NsTeRRR,464,2968,2,2,39,240,M0NsTeRRR|stevendpclark,2,503,3208
hashicorp/vault,28471,developer-guy,50,230,8,4,467,2612,VioletHynes|captn3m0|developer-guy|powersj,4,517,2842
hashicorp/vault,28467,paulothread,445,3101,0,0,0,0,,1,445,3101
hashicorp/vault,28462,Ruddickmg,174,1036,1,1,139,1203,sylvain-blot-sp,2,313,2239
hashicorp/vault,28457,kaiwalyakoparkar,100,603,1,1,23,112,heatherezell,2,123,715
hashicorp/vault,28440,Flamefire,164,1179,1,1,78,418,heatherezell,2,242,1597
hashicorp/vault,28427,chaitanyakoodoo,369,2291,1,1,6,41,msolbergmo,2,375,2332
hashicorp/vault,28417,Shaltz,278,1677,1,1,97,541,Shaltz,1,375,2218
hashicorp/vault,28390,johntyner,178,1094,0,0,0,0,,1,178,1094
hashicorp/vault,28388,ewan-chalmers,289,1889,3,2,214,1281,ewan-chalmers|heatherezell,2,503,3170
hashicorp/vault,28378,mossblaser,1148,9592,0,0,0,0,,1,1148,9592
hashicorp/vault,28320,synergiator,204,3599,1,1,12,79,heatherezell,2,216,3678
hashicorp/vault,28305,carlzogh,1046,8026,7,3,702,3892,VioletHynes|carlzogh|ruheenaansari34,3,1748,11918
hashicorp/vault,28282,mossblaser,1124,8865,1,1,36,171,aslamovamir,2,1160,9036
hashicorp/vault,28252,JumpWill,110,638,2,2,84,495,JumpWill|VioletHynes,2,194,1133
hashicorp/vault,28233,juparker37,439,3871,1,1,58,482,juparker37,1,497,4353
hashicorp/vault,28213,synergiator,81,471,0,0,0,0,,1,81,471
hashicorp/vault,28206,aharrisson,485,4445,4,3,142,752,aharrisson|biazmoreira|tdgeery,3,627,5197
hashicorp/vault,28205,slm0n87,344,2498,2,2,25,141,biazmoreira|paulothread,3,369,2639
hashicorp/vault,28188,PMExtra,88,507,1,1,34,184,heatherezell,2,122,691
hashicorp/vault,28185,mark-miller-dev,171,891,3,3,98,621,heatherezell|mark-miller-dev|mickael-hc,3,269,1512
hashicorp/vault,28170,kaleshag,76,441,26,3,2648,19097,1337Seeker|divyaac|kaleshag,3,2724,19538
hashicorp/vault,28137,carlzogh,2096,14674,16,2,4430,28883,VioletHynes|carlzogh,2,6526,43557
hashicorp/vault,28136,laszloszetey,292,1855,8,3,652,4144,Krishnakanth-Kolan|divyaac|laszloszetey,3,944,5999
hashicorp/vault,28135,captn3m0,208,1305,1,1,39,225,VioletHynes,2,247,1530
hashicorp/vault,28120,rajatgeminus,271,1697,2,2,202,1179,VioletHynes|raskchanky,3,473,2876
hashicorp/vault,28076,kevin-loehfelm,70,465,0,0,0,0,,1,70,465
hashicorp/vault,28073,ji-podhead,167,973,4,2,370,2139,cwchristerw|ji-podhead,2,537,3112
hashicorp/vault,28061,Flamefire,270,1784,4,3,220,1371,Flamefire|divyaac|karabanov,3,490,3155
hashicorp/vault,28053,karabanov,479,2691,2,2,29,151,dvk1302dvk|hellobontempo,3,508,2842
hashicorp/vault,28030,easkay-castlight,463,3403,3,2,238,1530,MrMarlin|pdohertybcov,3,701,4933
hashicorp/vault,28011,HomeOfTheWizard,2166,16411,1,1,36,202,HomeOfTheWizard,1,2202,16613
hashicorp/vault,28010,aquisx,218,1256,2,2,308,2128,aquisx|frippe75,2,526,3384
hashicorp/vault,28009,haraldh,90,575,0,0,0,0,,1,90,575
hashicorp/vault,28002,mrgordon,274,2664,3,2,112,613,heatherezell|mrgordon,2,386,3277
hashicorp/vault,27990,eli-eli333,255,1613,0,0,0,0,,1,255,1613
hashicorp/vault,27935,jboero,747,5029,5,2,325,2071,jboero|ryancragun,2,1072,7100
hashicorp/vault,27910,Jding2159,1010,7630,1,1,61,331,heatherezell,2,1071,7961
hashicorp/vault,27907,ma44in,804,6057,2,2,321,2048,biazmoreira|sbskas,3,1125,8105
hashicorp/vault,27899,letaoj,169,1027,2,2,21,110,heatherezell|synergiator,3,190,1137
hashicorp/vault,27894,borjaOrtizLlamas,208,1260,7,4,567,3068,banks|borjaOrtizLlamas|heatherezell|stevendpclark,4,775,4328
hashicorp/vault,27890,gummigudm,187,1206,5,2,400,2251,gummigudm|heatherezell,2,587,3457
hashicorp/vault,27888,stephan2012,153,1131,0,0,0,0,,1,153,1131
hashicorp/vault,27887,Zetanova,132,843,0,0,0,0,,1,132,843
hashicorp/vault,27882,kevin-loehfelm,58,401,0,0,0,0,,1,58,401
hashicorp/vault,27875,IUADE0X2,412,3001,6,4,228,1160,Baykonur|Monkeychip|NagenderPulluri|hvdkooij,5,640,4161
hashicorp/vault,27872,alek-devoluton,452,4250,1,1,42,289,biazmoreira,2,494,4539
hashicorp/vault,27868,bridany,453,3677,0,0,0,0,,1,453,3677
hashicorp/vault,27867,shinji62,162,1018,0,0,0,0,,1,162,1018
hashicorp/vault,27850,mgriffin13,266,1587,7,5,269,1966,NewestUser|bazza2000|dhaval-vagh|heatherezell|justinwalz,6,535,3553
hashicorp/vault,27840,borjaOrtizLlamas,78,449,0,0,0,0,,1,78,449
hashicorp/vault,27839,EtienneBruines,347,3185,0,0,0,0,,1,347,3185
hashicorp/vault,27838,telmomurphy,476,3539,2,2,182,981,don-stuart|telmomurphy,2,658,4520
hashicorp/vault,27837,t-indumathy,98,578,3,3,150,857,heatherezell|robmonte|t-indumathy,3,248,1435
hashicorp/vault,27822,TatyanaBol,43,213,7,2,516,2951,VioletHynes|dnephin,3,559,3164
hashicorp/vault,27814,Flamefire,176,1203,3,3,115,648,Flamefire|heatherezell|jeffsanicola,3,291,1851
hashicorp/vault,27805,Shocktrooper,260,1688,0,0,0,0,,1,260,1688
hashicorp/vault,27791,Flamefire,223,1499,0,0,0,0,,1,223,1499
hashicorp/vault,27788,the-green-man14,600,4073,1,1,27,137,the-green-man14,1,627,4210
hashicorp/vault,27780,Flamefire,161,1113,1,1,134,866,heatherezell,2,295,1979
hashicorp/vault,27775,hairyhenderson,229,1335,1,1,408,2644,tsaarni,2,637,3979
hashicorp/vault,27774,tks98,932,7776,7,6,176,846,AjayRedJ|kwagga|n1majne3|paulothread|smirta|tks98,6,1108,8622
hashicorp/vault,27772,BrandonIngalls,647,4129,17,11,1111,6407,BrandonIngalls|apenadiazApk|dezeroku|digivava|diogoserrano|gnadaban|heatherezell|hellobontempo|joeshaw|lcpandrade|thanks4wifi,11,1758,10536
hashicorp/vault,27770,fancybear-dev,651,4983,3,2,340,1916,akomlik|fancybear-dev,2,991,6899
hashicorp/vault,27769,mossblaser,280,1764,1,1,97,525,kasimon,2,377,2289
hashicorp/vault,27768,ruspaul013,478,2956,6,3,176,1013,borjaOrtizLlamas|hellobontempo|ruspaul013,3,654,3969
hashicorp/vault,27765,agcorreatech,523,3679,8,8,583,4035,KalenWessel|PJ1288|Sayrus|agcorreatech|biazmoreira|jskilton|micolun|ttruong-actian,8,1106,7714
hashicorp/vault,27749,stephan2012,153,1032,1,1,37,218,hellobontempo,2,190,1250
hashicorp/vault,27747,imaximov89,177,1162,0,0,0,0,,1,177,1162
hashicorp/vault,27739,ozozgun,1235,8279,1,1,55,307,ozozgun,1,1290,8586
hashicorp/vault,27707,generalsunion,215,1449,4,2,70,355,generalsunion|miagilepner,2,285,1804
hashicorp/vault,27706,shubangmck,1330,13008,1,1,82,445,shubangmck,1,1412,13453
hashicorp/vault,27703,sourcec0de,176,1175,0,0,0,0,,1,176,1175
hashicorp/vault,27692,lenaing,489,3787,3,3,192,1168,lboynton|luis-chan-mox|miagilepner,4,681,4955
hashicorp/vault,27691,r8474,193,1723,3,2,195,1069,r8474|stevendpclark,2,388,2792
hashicorp/vault,27689,stephan2012,163,1139,0,0,0,0,,1,163,1139
hashicorp/vault,27688,luiscleto,183,1269,1,1,42,267,miagilepner,2,225,1536
hashicorp/vault,27643,tthedaeth,263,1744,2,2,71,369,miagilepner|tthedaeth,2,334,2113
hashicorp/vault,27627,pieter-lautus,733,6224,1,1,101,539,miagilepner,2,834,6763
hashicorp/vault,27609,tchernobog,316,2023,1,1,55,373,tchernobog,1,371,2396
hashicorp/vault,27606,jsalatiel,97,535,1,1,53,282,miagilepner,2,150,817
hashicorp/vault,27593,Yakuza-UA,1048,8346,0,0,0,0,,1,1048,8346
hashicorp/vault,27592,rajesht-source,194,1265,0,0,0,0,,1,194,1265
hashicorp/vault,27588,holgpar,230,1543,0,0,0,0,,1,230,1543
hashicorp/vault,27586,hrld,509,4756,1,1,121,710,miagilepner,2,630,5466
hashicorp/vault,27551,radup123,251,1622,7,2,349,2136,miagilepner|radup123,2,600,3758
hashicorp/vault,27546,EtienneBruines,250,1651,0,0,0,0,,1,250,1651
hashicorp/vault,27539,fruechel-canva,248,1516,2,1,168,1147,fairclothjm,2,416,2663
hashicorp/vault,27528,Cronvs,772,6622,2,1,149,851,Cronvs,1,921,7473
hashicorp/vault,27526,palmobar,197,1192,2,2,126,684,miagilepner|palmobar,2,323,1876
hashicorp/vault,27524,karabanov,222,1401,3,2,45,292,hashishaw|karabanov,2,267,1693
hashicorp/vault,27521,lboynton,393,2525,4,4,267,1613,aphorise|lboynton|luis-chan-mox|peteski22,4,660,4138
hashicorp/vault,27514,MrFoxTrot,467,3352,1,1,170,966,peteski22,2,637,4318
hashicorp/vault,27505,celesteking,797,7219,11,8,501,2644,LB50000|VioletHynes|apenn321|celesteking|delfuego|heatherezell|jasonodonnell|verdel,8,1298,9863
hashicorp/vault,27495,ajaygk95,216,1585,2,2,49,252,ajaygk95|miagilepner,2,265,1837
hashicorp/vault,27483,delfuego,495,4155,0,0,0,0,,1,495,4155
hashicorp/vault,27477,ebarrett-Ocient,365,2309,3,2,320,1857,ebarrett-Ocient|robmonte,2,685,4166
hashicorp/vault,27433,maxadamo,399,3299,1,1,8,48,maxadamo,1,407,3347
hashicorp/vault,27432,ValeriiVozniuk,476,3911,0,0,0,0,,1,476,3911
hashicorp/vault,27422,sakharovaan,123,847,1,1,16,74,sakharovaan,1,139,921
hashicorp/vault,27414,G0g0lush,275,1845,1,1,62,340,G0g0lush,1,337,2185
hashicorp/vault,27404,rrjjvv,1648,11027,5,3,861,5133,biazmoreira|raskchanky|rrjjvv,3,2509,16160
hashicorp/vault,27403,Aliendie,109,683,1,1,22,114,heatherezell,2,131,797
hashicorp/vault,27393,zeylos,828,5562,1,1,58,341,stevendpclark,2,886,5903
hashicorp/vault,27383,vmhuy99,138,1166,1,1,6,33,heatherezell,2,144,1199
hashicorp/vault,27347,rjhornsby,330,1799,0,0,0,0,,1,330,1799
hashicorp/vault,27345,ifalatiksetlog,257,1844,1,1,3,20,ifalatiksetlog,1,260,1864
hashicorp/vault,27344,RNDM-01,1000,7260,0,0,0,0,,1,1000,7260
hashicorp/vault,27343,loicgreffier,386,2829,19,10,1542,11424,BornToBeRoot|dmpe|fairclothjm|loicgreffier|maithyton|nstrange0000|ochnerd|peikk0|ricardosilva86|xcompass,10,1928,14253
hashicorp/vault,27324,asr-rbx,554,4605,1,1,205,1862,stevendpclark,2,759,6467
hashicorp/vault,27323,systemmonkey42,261,2073,2,1,57,418,systemmonkey42,1,318,2491
hashicorp/vault,27301,ValeriiVozniuk,908,6940,2,1,537,4382,ValeriiVozniuk,1,1445,11322
hashicorp/vault,27294,ebarrett-Ocient,206,1303,2,2,117,682,PavGregor|heatherezell,3,323,1985
hashicorp/vault,27276,makrelas,639,6748,3,3,308,1689,alexeiser|l00d3r|sameerdeshmukh,4,947,8437
hashicorp/vault,27269,r00ta,255,2644,0,0,0,0,,1,255,2644
hashicorp/vault,27264,naxim92,406,3309,1,1,7,39,naxim92,1,413,3348
hashicorp/vault,27249,anastas001,98,616,3,3,37,200,Twisterrr|Zeyesm|bwmills,4,135,816
hashicorp/vault,27248,stormshield-gt,241,1709,0,0,0,0,,1,241,1709
hashicorp/vault,27241,tedivm,127,737,5,2,1698,12263,VioletHynes|tedivm,2,1825,13000
hashicorp/vault,27239,sycured,103,688,4,3,72,439,chpag|joe-ratzer|sycured,3,175,1127
hashicorp/vault,27221,luanaBanana,156,1096,2,2,100,512,Monkeychip|luanaBanana,2,256,1608
hashicorp/vault,27219,Garagoth,455,3802,4,4,95,527,qstoosz|qube222pl|waski94|xelite,5,550,4329
hashicorp/vault,27182,IliyanKostov9,241,1624,1,1,52,285,heatherezell,2,293,1909
hashicorp/vault,27165,mikebell90,182,1070,1,1,13,75,mikebell90,1,195,1145
hashicorp/vault,27153,BornToBeRoot,69,414,0,0,0,0,,1,69,414
hashicorp/vault,27151,nobe4,177,1073,4,2,413,2423,nobe4|robmonte,2,590,3496
hashicorp/vault,27150,shanerenshawaus,212,1481,0,0,0,0,,1,212,1481
hashicorp/vault,27135,rwv37,347,2393,1,1,54,285,VioletHynes,2,401,2678
hashicorp/vault,27126,anthonyralston,74,477,1,1,6,47,stevendpclark,2,80,524
hashicorp/vault,27124,infowolfe,372,2407,2,2,352,2120,Monkeychip|infowolfe,2,724,4527
hashicorp/vault,27118,mbaldessari,226,1602,1,1,10,57,heatherezell,2,236,1659
hashicorp/vault,27101,qiangliabcd,407,3822,1,1,29,131,kaleshag,2,436,3953
hashicorp/vault,27100,colinleroy,506,4162,4,2,281,1598,colinleroy|heatherezell,2,787,5760
hashicorp/vault,27029,kourosh-forti-hands,259,1860,3,2,217,1328,biazmoreira|kourosh-forti-hands,2,476,3188
hashicorp/vault,27006,jayboy-mabushi,757,5915,2,2,78,451,biazmoreira|heatherezell,3,835,6366
hashicorp/vault,26979,laocoon2525,38,302,0,0,0,0,,1,38,302
hashicorp/vault,26945,AdrienneCohea,336,2308,5,2,704,4305,AdrienneCohea|VioletHynes,2,1040,6613
hashicorp/vault,26944,ilsaloving,123,841,0,0,0,0,,1,123,841
hashicorp/vault,26927,kwohlfahrt,192,1207,0,0,0,0,,1,192,1207
hashicorp/vault,26894,mughetti,215,1452,2,2,111,606,mughetti|stevendpclark,2,326,2058
hashicorp/vault,26852,gkoutsoumpakis-form3,130,839,0,0,0,0,,1,130,839
hashicorp/vault,26831,mughetti,322,2218,7,3,479,2698,GJSBRT|marcboudreau|mughetti,3,801,4916
hashicorp/vault,26829,KzyKor,189,1498,8,4,248,1286,KzyKor|logix11|miagilepner|stevendpclark,4,437,2784
hashicorp/vault,26827,KyriosGN0,96,603,0,0,0,0,,1,96,603
hashicorp/vault,26792,shawnm14,300,1924,1,1,1,12,ggilley,2,301,1936
hashicorp/vault,26765,ilsaloving,361,2923,3,2,121,761,ilsaloving|stevendpclark,2,482,3684
hashicorp/vault,26732,RuneAlexanderTrachsel,95,590,2,2,12,57,mikkeldev|trezum,3,107,647
hashicorp/vault,26709,CodeLover254,267,1754,2,2,11,50,Monkeychip|timonych,3,278,1804
hashicorp/vault,26674,dhs-rec,89,523,1,1,128,706,stevendpclark,2,217,1229
hashicorp/vault,26673,fcrespofastly,652,5218,1,1,45,260,fcrespofastly,1,697,5478
hashicorp/vault,26670,cheeseburgermotivated,1601,13826,2,2,203,1259,cheeseburgermotivated|heatherezell,2,1804,15085
hashicorp/vault,26667,gfk,306,2018,3,2,65,383,raza707mirza|stevendpclark,3,371,2401
hashicorp/vault,26659,tsaarni,90,523,0,0,0,0,,1,90,523
hashicorp/vault,26645,Dialgatrainer02,456,3308,1,1,18,92,Dialgatrainer02,1,474,3400
hashicorp/vault,26644,bgaillard,319,1981,1,1,91,473,divyaac,2,410,2454
hashicorp/vault,26643,ScriptAutomate,231,1708,2,1,49,278,stevendpclark,2,280,1986
hashicorp/vault,26641,Shocktrooper,313,1883,0,0,0,0,,1,313,1883
hashicorp/vault,26634,timonych,107,610,7,5,243,1292,Monkeychip|karabanov|marcboudreau|timonych|xo4yecTb,5,350,1902
hashicorp/vault,26617,HenriBlacksmith,308,2150,3,2,236,1439,HenriBlacksmith|divyaac,2,544,3589
hashicorp/vault,26599,marioasabella,226,1510,5,3,440,2701,andaley|divyaac|marioasabella,3,666,4211
hashicorp/vault,26596,alkersan,361,2320,5,3,67,387,alkersan|brauliogr|dimm0,3,428,2707
hashicorp/vault,26580,dhumphries-sainsburys,466,3437,1,1,79,459,KalenWessel,2,545,3896
hashicorp/vault,26571,stormshield-gt,334,1976,2,2,178,1084,stevendpclark|stormshield-gt,2,512,3060
hashicorp/vault,26569,markafarrell,190,1123,2,2,54,332,divyaac|markafarrell,2,244,1455
hashicorp/vault,26568,hennadii2012,537,6576,14,5,864,5254,eaaltonen|hennadii2012|jasonodonnell|ldipaolaIT|timonych,5,1401,11830
hashicorp/vault,26551,ilsaloving,209,1370,1,1,30,170,ilsaloving,1,239,1540
hashicorp/vault,26550,ilsaloving,880,5958,2,2,352,2367,heatherezell|ilsaloving,2,1232,8325
hashicorp/vault,26492,esesyn01,301,2032,6,4,392,3789,Monkeychip|esesyn01|marcboudreau|zijiwork,4,693,5821
hashicorp/vault,26463,nmasur,163,1177,0,0,0,0,,1,163,1177
hashicorp/vault,26459,Foxboron,714,5552,2,2,38,218,Foxboron|heatherezell,2,752,5770
hashicorp/vault,26458,dkyanakiev,390,2756,4,3,212,1393,arightious|dkyanakiev|heatherezell,3,602,4149
hashicorp/vault,26442,tombaileyHO,1090,7488,2,1,61,338,heatherezell,2,1151,7826
hashicorp/vault,26439,bmendric,219,1652,0,0,0,0,,1,219,1652
hashicorp/vault,26415,ebuildy,460,3782,0,0,0,0,,1,460,3782
hashicorp/vault,26392,evgeh4ik,730,5708,2,1,41,307,evgeh4ik,1,771,6015
hashicorp/vault,26382,andrewstucki,192,1235,0,0,0,0,,1,192,1235
hashicorp/vault,26367,celesteking,1793,10247,8,5,403,2296,FlorentATo|Legogris|MatthiasKuehneEllerhold|VioletHynes|celesteking,5,2196,12543
hashicorp/vault,26335,F21,65,477,0,0,0,0,,1,65,477
hashicorp/vault,26334,F21,65,478,0,0,0,0,,1,65,478
hashicorp/vault,26311,Aransh,358,2593,1,1,29,151,Monkeychip,2,387,2744
hashicorp/vault,26310,ghost,101,748,2,2,25,160,ghost|heatherezell,2,126,908
hashicorp/vault,26309,SwatiBaffle,116,742,1,1,129,720,stevendpclark,2,245,1462
hashicorp/vault,26300,mihalt,141,894,0,0,0,0,,1,141,894
hashicorp/vault,26297,person50002,4920,35903,5,4,145,850,heatherezell|jkossis|person50002|ramnarayanp,4,5065,36753
hashicorp/vault,26294,michaelkosir,580,4283,3,3,286,1779,EschewObfuscaton|NBardelot|mrbelka12000,4,866,6062
hashicorp/vault,26285,amine-mf,371,2922,0,0,0,0,,1,371,2922
hashicorp/vault,26284,e3b0c442,353,2374,5,4,68,332,JoonaHa|divyaac|e3b0c442|ewinata,4,421,2706
hashicorp/vault,26283,F21,433,3028,4,4,2164,13977,F21|VioletHynes|divyaac|kingindanord,4,2597,17005
hashicorp/vault,26265,F21,138,842,2,1,276,2076,carlzogh,2,414,2918
hashicorp/vault,26254,nilune,419,3220,0,0,0,0,,1,419,3220
hashicorp/vault,26251,111a5ab1,248,1764,2,2,109,670,giodamelio|jacekjaros,3,357,2434
hashicorp/vault,26238,gioppoluca,176,1284,1,1,49,247,gioppoluca,1,225,1531
hashicorp/vault,26237,zoezhangmattr,293,1885,2,2,57,305,marcboudreau|timonych,3,350,2190
hashicorp/vault,26210,ihordyrman,425,3158,1,1,116,816,ihordyrman,1,541,3974
hashicorp/vault,26199,baguasquirrel,341,2163,4,4,178,1317,NelsonJeppesen|briantist|khrisrichardson|medains,5,519,3480
hashicorp/vault,26185,cunhah-ppb,407,3478,1,1,99,761,cunhah-ppb,1,506,4239
hashicorp/vault,26183,cjnosal,305,2826,1,1,11,57,fairclothjm,2,316,2883
hashicorp/vault,26180,jalbarracinklar,106,599,8,4,241,1325,arybach|heatherezell|jalbarracinklar|kx-aj,4,347,1924
hashicorp/vault,26171,trutled3,246,1839,12,5,269,1573,Joffrey54|fairclothjm|heatherezell|trutled3|usernamemikem,5,515,3412
hashicorp/vault,26164,tb-38,341,2447,0,0,0,0,,1,341,2447
hashicorp/vault,26156,gzbvas,226,1489,0,0,0,0,,1,226,1489
hashicorp/vault,26151,OlgasAcc,197,1214,2,2,94,533,heatherezell|mickael-hc,3,291,1747
hashicorp/vault,26136,dolmen,240,1458,2,1,76,467,dolmen,1,316,1925
hashicorp/vault,26134,forsberg,115,871,2,2,45,242,heatherezell|meersau,3,160,1113
hashicorp/vault,26103,g7r,423,2620,5,3,494,3035,g7r|hashishaw|heatherezell,3,917,5655
hashicorp/vault,26101,GregBrimble,302,2080,4,4,294,1828,GregBrimble|Monkeychip|rzimmerman|szechuen,4,596,3908
hashicorp/vault,26090,Cylindric,397,2901,0,0,0,0,,1,397,2901
hashicorp/vault,26089,forsberg,592,4547,1,1,28,139,stevendpclark,2,620,4686
hashicorp/vault,26070,swathida-byte,262,1756,2,1,137,751,Monkeychip,2,399,2507
hashicorp/vault,26064,TomerHakim,233,1637,0,0,0,0,,1,233,1637
hashicorp/vault,26053,misc-herrera,384,2313,2,2,167,1026,misc-herrera|siepkes,2,551,3339
hashicorp/vault,26037,dannyleesmith,503,3271,2,2,456,2717,dannyleesmith|stevendpclark,2,959,5988
hashicorp/vault,26036,vmaletic,463,3306,18,7,826,4872,1337Seeker|aloeenmae|cleclefibanity|divyaac|heatherezell|stevendpclark|vmaletic,7,1289,8178
hashicorp/vault,25997,rjhornsby,278,2121,3,3,151,872,ccapurso|fairclothjm|rjhornsby,3,429,2993
hashicorp/vault,25993,micheelengronne,341,2376,3,2,102,604,micheelengronne|stevendpclark,2,443,2980
hashicorp/vault,25988,karelorigin,286,2049,0,0,0,0,,1,286,2049
hashicorp/vault,25987,bmendric,273,1783,1,1,79,463,ccapurso,2,352,2246
hashicorp/vault,25969,stormshield-gt,193,1198,1,1,17,109,ccapurso,2,210,1307
hashicorp/vault,25965,rvos-73,497,3355,0,0,0,0,,1,497,3355
hashicorp/vault,25960,ag-TJNII,238,1585,1,1,39,219,ag-TJNII,1,277,1804
hashicorp/vault,25944,zoezhangmattr,314,2120,1,1,193,1720,ccapurso,2,507,3840
hashicorp/vault,25905,NoaFayn,193,1211,6,4,492,2729,99|Monkeychip|NoaFayn|florianrusch,4,685,3940
hashicorp/vault,25904,jagnjilo1234,187,1044,0,0,0,0,,1,187,1044
hashicorp/vault,25902,kevin-zhang-dev,296,1836,6,3,1006,5694,echo-qin|hessamalipour|mickael-hc,4,1302,7530
hashicorp/vault,25897,sorenisanerd,466,3255,0,0,0,0,,1,466,3255
hashicorp/vault,25865,danielhass,242,1499,0,0,0,0,,1,242,1499
hashicorp/vault,25848,tomaszkrzyzanowski,566,4247,2,2,215,1644,stevendpclark|vhdumann,3,781,5891
hashicorp/vault,25804,bmendric,466,3192,0,0,0,0,,1,466,3192
hashicorp/vault,25798,maxiscoding28,206,1301,0,0,0,0,,1,206,1301
hashicorp/vault,25791,souravs17031999,471,3707,2,2,109,601,fairclothjm|loicgreffier,3,580,4308
hashicorp/vault,25789,tdgeery,229,1404,2,2,40,210,Monkeychip|kirby0025,3,269,1614
hashicorp/vault,25787,andresvia,332,2230,4,2,500,2930,andresvia|peteski22,2,832,5160
hashicorp/vault,25783,radek-sprta,135,982,2,2,39,273,ccapurso|radek-sprta,2,174,1255
hashicorp/vault,25781,stormshield-gt,89,581,2,2,52,312,peteski22|stormshield-gt,2,141,893
hashicorp/vault,25780,ehanoc,114,748,0,0,0,0,,1,114,748
hashicorp/vault,25712,jrutkowski,528,4596,3,2,155,909,david-peters-aitch2o|matthisholleville,3,683,5505
hashicorp/vault,25710,tdiesler,330,2708,2,1,57,368,tdiesler,1,387,3076
hashicorp/vault,25708,devon-mar,161,1040,7,2,699,4473,devon-mar|stevendpclark,2,860,5513
hashicorp/vault,25690,synergiator,218,1521,1,1,10,61,synergiator,1,228,1582
hashicorp/vault,25623,dedsxc,2354,21199,1,1,88,495,dedsxc,1,2442,21694
hashicorp/vault,25620,naveen1583,76,491,3,3,144,725,hashishaw|naveen1583|ram-parameswaran,3,220,1216
hashicorp/vault,25619,Dialgatrainer02,2051,14990,2,2,94,577,Dialgatrainer02|stevendpclark,2,2145,15567
hashicorp/vault,25618,Dialgatrainer02,341,2413,1,1,12,56,Dialgatrainer02,1,353,2469
hashicorp/vault,25606,alexdawn,320,1869,1,1,72,409,divyaac,2,392,2278
hashicorp/vault,25603,aechweeks,378,2416,2,2,97,561,aechweeks|peteski22,2,475,2977
hashicorp/vault,25579,refucktor,306,1913,5,3,785,4760,BornToBeRoot|refucktor|tomhjp,3,1091,6673
hashicorp/vault,25558,tsaarni,509,3037,7,4,536,3034,BrixSat|VioletHynes|dostalradim|tsaarni,4,1045,6071
hashicorp/vault,25549,KKatsnel,224,1512,6,3,333,1926,Kasama|lboynton|peteski22,4,557,3438
hashicorp/vault,25525,naveen1583,148,979,2,2,136,776,austingebauer|naveen1583,2,284,1755
hashicorp/vault,25515,heitzflorian,345,2307,1,1,40,244,Sanket-Rajgiri,2,385,2551
hashicorp/vault,25506,loicgreffier,427,3305,1,1,76,442,peteski22,2,503,3747
hashicorp/vault,25505,fmiqbal,794,6817,1,1,139,1196,fmiqbal,1,933,8013
hashicorp/vault,25478,Syoc,292,1872,1,1,15,63,wer-anders,2,307,1935
hashicorp/vault,25440,wavefnx,736,4841,0,0,0,0,,1,736,4841
hashicorp/vault,25413,ikraemer-dd,215,1389,1,1,13,60,kpcraig,2,228,1449
hashicorp/vault,25380,Haythem42,424,2666,1,1,62,336,ccapurso,2,486,3002
hashicorp/vault,25360,szechp,667,4471,4,3,284,2729,faiz-credotian|hghaf099|szechp,3,951,7200
hashicorp/vault,25359,con-f-use,723,6117,2,2,70,398,con-f-use|hghaf099,2,793,6515
hashicorp/vault,25357,kevinschoonover,662,4997,0,0,0,0,,1,662,4997
hashicorp/vault,25325,mju,544,3494,10,2,2017,15249,mju|stevendpclark,2,2561,18743
hashicorp/vault,25315,Warren-Overholt-NIH,140,882,0,0,0,0,,1,140,882
hashicorp/vault,25284,foto-andreas,296,2600,2,1,63,471,foto-andreas,1,359,3071
hashicorp/vault,25278,kevinschoonover,115,722,0,0,0,0,,1,115,722
hashicorp/vault,25274,Dvergatal,47,281,1,1,55,336,stevendpclark,2,102,617
hashicorp/vault,25249,tisonv,433,3020,17,3,896,7248,raymonstah|tisonv|tlskinneriv,3,1329,10268
hashicorp/vault,25246,chuckyz,133,797,0,0,0,0,,1,133,797
hashicorp/vault,25214,diegoballen,298,1908,1,1,136,852,hghaf099,2,434,2760
hashicorp/vault,25213,sanjan,32,245,3,3,182,1075,hghaf099|raskchanky|sanjan,3,214,1320
hashicorp/vault,25206,nfi-hashicorp,69,413,0,0,0,0,,1,69,413
hashicorp/vault,25190,subin-seb,349,2243,3,2,216,1345,ccapurso|subin-seb,2,565,3588
hashicorp/vault,25164,lboynton,130,881,1,1,38,246,hghaf099,2,168,1127
hashicorp/vault,25153,gilfordgo,504,3440,0,0,0,0,,1,504,3440
hashicorp/vault,25142,Joffrey54,153,910,0,0,0,0,,1,153,910
hashicorp/vault,25141,SchulzeStTSI,204,1424,4,4,505,2798,Cajga|mju|solutiongeek|stevendpclark,5,709,4222
hashicorp/vault,25140,fruechel-canva,491,3427,0,0,0,0,,1,491,3427
hashicorp/vault,25131,jsermersheim-hv,41,240,2,2,96,492,hghaf099|jsermersheim-hv,2,137,732
hashicorp/vault,25116,fvogl,223,1653,1,1,43,209,miagilepner,2,266,1862
hashicorp/vault,25114,michael-diggin,319,1895,1,1,11,55,jahantech,2,330,1950
hashicorp/vault,25113,dispancergit,1601,17863,2,2,61,393,celesteking|stevendpclark,3,1662,18256
hashicorp/vault,25112,mr-miles,432,2759,10,4,1156,9234,apenadiazApk|divyaac|hghaf099|mr-miles,4,1588,11993
hashicorp/vault,25066,aubrich,89,645,0,0,0,0,,1,89,645
hashicorp/vault,25029,somerandow,652,4575,1,1,53,256,Monkeychip,2,705,4831
hashicorp/vault,25027,imdmahajankanika,265,1740,2,2,136,779,Monkeychip|imdmahajankanika,2,401,2519
hashicorp/vault,25025,tommad-securosys,240,1689,0,0,0,0,,1,240,1689
hashicorp/vault,25024,ptrovatelli,686,5395,7,5,798,4744,Aladex|heatherezell|phmcder|ptrovatelli|tahoward,5,1484,10139
hashicorp/vault,25023,NathanPB,435,2970,1,1,15,84,NathanPB,1,450,3054
hashicorp/vault,24997,celesteking,57,331,0,0,0,0,,1,57,331
hashicorp/vault,24995,framsouza,401,3547,1,1,36,208,biazmoreira,2,437,3755
hashicorp/vault,24994,Peter-FNet,86,640,0,0,0,0,,1,86,640
hashicorp/vault,24993,dtrts,438,3160,0,0,0,0,,1,438,3160
hashicorp/vault,24988,indjb,101,729,0,0,0,0,,1,101,729
hashicorp/vault,24975,alexdawn,505,3706,0,0,0,0,,1,505,3706
hashicorp/vault,24973,mr-miles,166,1035,0,0,0,0,,1,166,1035
hashicorp/vault,24971,jannickk,132,817,2,2,81,483,sgmiller|stevendpclark,3,213,1300
hashicorp/vault,24970,mohsen-abbas,1699,14446,7,5,1231,9020,AGCunningham-sky|Stikic991|adiii717|deadlysyn|ebuildy,6,2930,23466
hashicorp/vault,24964,chaimleib,471,2997,0,0,0,0,,1,471,2997
hashicorp/vault,24956,madjam002,218,1624,0,0,0,0,,1,218,1624
hashicorp/vault,24945,axolotlgeoff,310,2060,0,0,0,0,,1,310,2060
hashicorp/vault,24924,mr-miles,379,2329,0,0,0,0,,1,379,2329
hashicorp/vault,24900,bovy89,174,1183,4,2,192,1104,VioletHynes|bovy89,2,366,2287
hashicorp/vault,24877,alexdawn,2164,18774,0,0,0,0,,1,2164,18774
hashicorp/vault,24876,F0otsh0T,279,1881,1,1,16,89,VioletHynes,2,295,1970
hashicorp/vault,24866,ptrovatelli,730,6585,6,3,584,3510,Garagoth|hashishaw|xueshanf,4,1314,10095
hashicorp/vault,24854,starcraft66,247,1749,1,1,6,44,austingebauer,2,253,1793
hashicorp/vault,24853,cgaspar-deshaw,153,1040,1,1,27,145,dnlopes,2,180,1185
hashicorp/vault,24839,chichi13,193,1115,9,2,1649,9189,Monkeychip|chichi13,2,1842,10304
hashicorp/vault,24837,GiamBoscaro,510,4332,2,2,51,274,GiamBoscaro|berrykot,2,561,4606
hashicorp/vault,24836,dyasny,575,4440,0,0,0,0,,1,575,4440
hashicorp/vault,24817,mvkonovalov,402,2819,0,0,0,0,,1,402,2819
hashicorp/vault,24809,ethan256,568,4003,1,1,52,296,ethan256,1,620,4299
hashicorp/vault,24741,cascadia-sati,427,3761,2,1,178,1009,cascadia-sati,1,605,4770
hashicorp/vault,24726,reneeckstein,429,2713,6,6,803,4587,TinLe|eduardocalazansjr|fifa451|heliobmartins|ivankatliarchuk|mrocheleau,7,1232,7300
hashicorp/vault,24725,jyoung15,280,2060,0,0,0,0,,1,280,2060
hashicorp/vault,24724,MrWazaby,229,1463,2,2,33,199,MrWazaby|tkuehne-deliveryhero,2,262,1662
hashicorp/vault,24707,kgadams,158,993,0,0,0,0,,1,158,993
hashicorp/vault,24702,tearfulDalvik,43,314,0,0,0,0,,1,43,314
hashicorp/vault,24698,wiwwo,90,519,0,0,0,0,,1,90,519
hashicorp/vault,24682,Lucaber,63,404,0,0,0,0,,1,63,404
hashicorp/vault,24677,DrDaveD,275,1755,2,1,21,99,ruspaul013,2,296,1854
hashicorp/vault,24670,pieter-lautus,457,2692,1,1,216,1263,pieter-lautus,1,673,3955
hashicorp/vault,24662,nakkalar,63,380,1,1,33,203,VioletHynes,2,96,583
hashicorp/vault,24657,pieter-lautus,465,2882,1,1,77,425,pieter-lautus,1,542,3307
hashicorp/vault,24656,harbinha,271,1889,1,1,69,388,VioletHynes,2,340,2277
hashicorp/vault,24654,shahab-github,67,364,0,0,0,0,,1,67,364
hashicorp/vault,24652,ninjadude333,412,2859,0,0,0,0,,1,412,2859
hashicorp/vault,24650,http403,518,3597,0,0,0,0,,1,518,3597
hashicorp/vault,24648,dave92082,1045,8184,0,0,0,0,,1,1045,8184
hashicorp/vault,24647,imdmahajankanika,26,155,3,2,71,446,imdmahajankanika|rowansmithhc,2,97,601
hashicorp/vault,24640,ebuildy,107,777,0,0,0,0,,1,107,777
hashicorp/vault,24636,Hansanto,549,4139,2,1,196,1594,Hansanto,1,745,5733
hashicorp/vault,24635,MikeSchouw,1088,8512,2,2,44,220,MikeSchouw|carlosaml,2,1132,8732
hashicorp/vault,24634,alexdawn,468,3454,1,1,120,752,rob518183,2,588,4206
hashicorp/vault,24618,rforberger,419,3315,0,0,0,0,,1,419,3315
hashicorp/vault,24617,MorganReid,480,3928,0,0,0,0,,1,480,3928
hashicorp/vault,24604,charles-horel,786,6907,0,0,0,0,,1,786,6907
hashicorp/vault,24596,nicolaka,230,1872,1,1,38,393,nicolaka,1,268,2265
hashicorp/vault,24592,awatterson22,158,1149,2,1,64,393,marcboudreau,2,222,1542
hashicorp/vault,24585,mirwasim,345,2980,1,1,8,39,DasLampe,2,353,3019
hashicorp/vault,24581,GaoJianAllen,138,863,1,1,40,200,ramizpolic,2,178,1063
hashicorp/vault,24566,z15alall,196,1267,0,0,0,0,,1,196,1267
hashicorp/vault,24565,cd-jbo,356,2101,1,1,96,518,marcboudreau,2,452,2619
hashicorp/vault,24562,cognifloyd,426,2348,1,1,26,160,cognifloyd,1,452,2508
hashicorp/vault,24556,ypereirareis,591,4519,2,2,87,487,hashishaw|ypereirareis,2,678,5006
hashicorp/vault,24553,nia-potato,106,623,0,0,0,0,,1,106,623
hashicorp/vault,24551,JadeLeng,321,2128,5,3,666,3849,bakjos|banks|james0209,4,987,5977
hashicorp/vault,24550,lennarkivistik,161,965,0,0,0,0,,1,161,965
hashicorp/vault,24538,maxenced,216,1544,5,5,152,912,bryangwilliam|haseoleonard|noahg1|rjhornsby|suxiaoxiaomm,6,368,2456
hashicorp/vault,24535,weejeff,333,2077,9,4,535,3068,hashishaw|hellobontempo|sgmiller|weejeff,4,868,5145
hashicorp/vault,24504,cfreeman29,248,1744,2,2,29,168,hashishaw|marcboudreau,3,277,1912
hashicorp/vault,24500,alexdawn,318,2034,2,1,39,228,marcboudreau,2,357,2262
hashicorp/vault,24499,icc-garciaju,375,3008,1,1,116,699,marcboudreau,2,491,3707
hashicorp/vault,24498,ghost,356,2377,3,3,54,320,florianrusch|florianrusch-zf|nia-potato,4,410,2697
hashicorp/vault,24489,rforberger,227,1648,4,2,485,3590,marcboudreau|rforberger,2,712,5238
hashicorp/vault,24478,mattias-fjellstrom,126,789,0,0,0,0,,1,126,789
hashicorp/vault,24419,RNDM-01,948,5822,3,2,175,995,RNDM-01|miagilepner,2,1123,6817
hashicorp/vault,24401,ptimofee,548,4305,4,2,209,1248,miagilepner|ptimofee,2,757,5553
hashicorp/vault,24400,Stratouklos,573,4820,2,2,141,868,Stratouklos|miagilepner,2,714,5688
hashicorp/vault,24393,mikaello,320,2305,0,0,0,0,,1,320,2305
hashicorp/vault,24376,lboynton,297,1981,9,6,708,4012,KKatsnel|aphorise|lboynton|marcboudreau|miagilepner|nilune,6,1005,5993
hashicorp/vault,24371,GiamBoscaro,347,2642,8,2,1224,7606,GiamBoscaro|miagilepner,2,1571,10248
hashicorp/vault,24337,luispresuelVenafi,265,2003,2,2,178,1344,luispresuelVenafi|miagilepner,2,443,3347
hashicorp/vault,24319,hskiba,448,3210,0,0,0,0,,1,448,3210
hashicorp/vault,24309,ktrushin,830,9978,1,1,38,210,victorr,2,868,10188
hashicorp/vault,24303,Tim-herbie,158,983,2,2,106,595,Tim-herbie|biazmoreira,2,264,1578
hashicorp/vault,24301,emper0r,490,2901,3,2,167,932,emper0r|miagilepner,2,657,3833
hashicorp/vault,24289,Plipplopplip,175,1075,11,3,841,5419,Plipplopplip|marcboudreau|miagilepner,3,1016,6494
hashicorp/vault,24288,Shaeli,467,2931,4,3,107,779,Shaeli|miagilepner|rowansmithhc,3,574,3710
hashicorp/vault,24269,BradErz,223,1456,3,3,54,308,bapung|feiyunzhou|g0tbread,4,277,1764
hashicorp/vault,24267,bearoz,225,1405,3,2,125,760,bearoz|miagilepner,2,350,2165
hashicorp/vault,24265,rjhornsby,539,3155,0,0,0,0,,1,539,3155
hashicorp/vault,24255,benvanstaveren,90,552,0,0,0,0,,1,90,552
hashicorp/vault,24254,benvanstaveren,258,1508,2,1,39,189,miagilepner,2,297,1697
hashicorp/vault,24253,bovy89,221,1556,0,0,0,0,,1,221,1556
hashicorp/vault,24245,benvanstaveren,436,3346,3,1,435,2709,benvanstaveren,1,871,6055
hashicorp/vault,24244,2775468731,274,1972,6,5,208,1132,2775468731|Monkeychip|heatherezell|hellobontempo|miagilepner,5,482,3104
hashicorp/vault,24210,rdxmb,602,4827,0,0,0,0,,1,602,4827
hashicorp/vault,24209,bozaro,435,3353,1,1,360,2239,marcboudreau,2,795,5592
hashicorp/vault,24190,ghost,1254,8865,11,5,774,6159,austingebauer|ghost|miagilepner|nia-potato|ntang86,5,2028,15024
hashicorp/vault,24180,filipetavares,466,3225,0,0,0,0,,1,466,3225
hashicorp/vault,24167,Testhat,127,882,1,1,101,576,stevendpclark,2,228,1458
hashicorp/vault,24164,sjones4,265,1745,0,0,0,0,,1,265,1745
hashicorp/vault,24160,maxiscoding28,291,1723,1,1,25,151,Monkeychip,2,316,1874
hashicorp/vault,24158,jacekn,203,1236,0,0,0,0,,1,203,1236
hashicorp/vault,24157,rvojcik,320,2764,4,4,72,391,Dasio|adcsikos|delamart|miagilepner,5,392,3155
hashicorp/vault,24156,robertdebock,300,2322,0,0,0,0,,1,300,2322
hashicorp/vault,24154,Aravindpogu,132,683,0,0,0,0,,1,132,683
hashicorp/vault,24151,kevin-loehfelm,197,1252,0,0,0,0,,1,197,1252
hashicorp/vault,24131,tsiamer,1446,13129,5,2,1910,13441,stevendpclark|tsiamer,2,3356,26570
hashicorp/vault,24130,MagnoBooter,360,2350,2,2,82,508,Monkeychip|makrelas,3,442,2858
hashicorp/vault,24114,stanych23,304,1915,5,4,262,1554,NoamY8|Slevy35|hagaimaya|stevendpclark,5,566,3469
hashicorp/vault,24107,andrej-gomozov,165,1133,4,2,421,8496,andrej-gomozov|stevendpclark,2,586,9629
hashicorp/vault,24098,remriver,206,1449,3,2,49,268,remriver|sgmiller,2,255,1717
hashicorp/vault,24094,ChrisJBurns,25,184,0,0,0,0,,1,25,184
hashicorp/vault,24085,mehmetakbulut,156,991,0,0,0,0,,1,156,991
hashicorp/vault,24084,mehmetakbulut,189,1235,1,1,14,85,mehmetakbulut,1,203,1320
hashicorp/vault,24074,umglurf,372,2368,4,4,266,1690,Foxboron|ccapurso|mila-rodriguez-netapp|mladlow,5,638,4058
hashicorp/vault,24072,nia-potato,105,697,9,3,1315,7931,maxcoulombe|nia-potato|robmonte,3,1420,8628
hashicorp/vault,24055,trevop,205,1289,1,1,12,69,raskchanky,2,217,1358
hashicorp/vault,24053,dipeshacharya,338,3008,0,0,0,0,,1,338,3008
hashicorp/vault,24047,eunsland,206,1344,0,0,0,0,,1,206,1344
hashicorp/vault,24046,outscale-fba,407,2337,1,1,19,106,hellobontempo,2,426,2443
hashicorp/vault,24045,pavanrangain,408,3400,1,1,47,235,peteski22,2,455,3635
hashicorp/vault,24039,Hansanto,454,3436,1,1,68,401,ccapurso,2,522,3837
hashicorp/vault,24037,Hansanto,645,5543,1,1,108,667,ccapurso,2,753,6210
hashicorp/vault,24022,kirby0025,850,6358,1,1,722,4723,daoz1026,2,1572,11081
hashicorp/vault,24020,brucellino,239,1752,3,3,58,358,bdkuhman|brucellino|ccapurso,3,297,2110
hashicorp/vault,24019,Hansanto,406,2897,1,1,79,480,ccapurso,2,485,3377
hashicorp/vault,23983,nia-potato,133,1243,3,3,227,1748,austingebauer|miecio45|sourcec0de,4,360,2991
hashicorp/vault,23981,ipaqmaster,288,1770,12,5,727,4196,Brado231|adrianmoisey|ccapurso|hellobontempo|ipaqmaster,5,1015,5966
hashicorp/vault,23980,mark64,1111,8466,1,1,41,206,stevendpclark,2,1152,8672
hashicorp/vault,23979,rjhornsby,220,1239,7,3,652,3630,Monkeychip|hashishaw|rjhornsby,3,872,4869
hashicorp/vault,23978,rjhornsby,355,2013,3,2,123,658,heatherezell|rjhornsby,2,478,2671
hashicorp/vault,23963,ajaymohandas89,178,1062,8,2,661,4301,ajaymohandas89|ccapurso,2,839,5363
hashicorp/vault,23941,Tim-herbie,255,1760,5,4,194,1131,Tim-herbie|bastiao|ccapurso|hellobontempo,4,449,2891
hashicorp/vault,23940,NetzWerkPlanDeveloper,193,1063,2,2,221,1304,hashishaw|timonych,3,414,2367
hashicorp/vault,23918,trevop,615,5464,9,6,2402,14455,Fore-4|SanduDS|e100|thnee|trevop|upenderadepu-moe,6,3017,19919
hashicorp/vault,23912,dombalaz,287,4088,0,0,0,0,,1,287,4088
hashicorp/vault,23896,jayunit100,293,1596,1,1,63,405,ccapurso,2,356,2001
hashicorp/vault,23882,pwhittlesea,279,1875,0,0,0,0,,1,279,1875
hashicorp/vault,23871,lboynton,775,5267,1,1,39,206,dvdlevanon-sgh,2,814,5473
hashicorp/vault,23814,kokizzu,231,1739,4,2,294,1708,kokizzu|raskchanky,2,525,3447
hashicorp/vault,23808,nia-potato,165,1068,6,3,977,7646,maxcoulombe|nia-potato|robmonte,3,1142,8714
hashicorp/vault,23800,kelvinatreslv,266,1694,3,3,80,363,bukovjanmic|hashishaw|isman-usoh,4,346,2057
hashicorp/vault,23793,grzechukol,460,3362,2,2,543,3239,grzechukol|npurdy-tyro,2,1003,6601
hashicorp/vault,23784,khodyrevyurii,402,2873,9,2,687,4388,khodyrevyurii|raskchanky,2,1089,7261
hashicorp/vault,23783,Esity,198,1170,0,0,0,0,,1,198,1170
hashicorp/vault,23782,Esity,241,1677,0,0,0,0,,1,241,1677
hashicorp/vault,23772,jakefrancois5,102,620,0,0,0,0,,1,102,620
hashicorp/vault,23734,jeroenruytings,183,1239,3,2,165,994,ccapurso|jeroenruytings,2,348,2233
hashicorp/vault,23725,saturn4er,224,1509,0,0,0,0,,1,224,1509
hashicorp/vault,23666,smangels,302,2111,8,4,646,4511,plejd-sebman|raskchanky|smangels|stevendpclark,4,948,6622
hashicorp/vault,23635,Lord-Y,516,4212,4,3,191,1157,Lord-Y|divyaac|fcrespofastly,3,707,5369
hashicorp/vault,23629,stryder123451,42,313,3,3,114,698,Monkeychip|divyaac|stryder123451,3,156,1011
hashicorp/vault,23623,rjhornsby,520,3307,2,2,90,488,raskchanky|rjhornsby,2,610,3795
hashicorp/vault,23602,abexamir,183,1123,4,2,183,1152,abexamir|fairclothjm,2,366,2275
hashicorp/vault,23599,sarahhodne,1470,10014,0,0,0,0,,1,1470,10014
hashicorp/vault,23596,Langleu,685,4107,2,2,190,1095,Langleu|peteski22,2,875,5202
hashicorp/vault,23591,dginsberg-lt,689,5020,1,1,10,71,dginsberg-lt,1,699,5091
hashicorp/vault,23566,craftey,780,4938,6,4,432,2661,craftey|heatherezell|toannguyen-invisible-klara|vnazar,4,1212,7599
hashicorp/vault,23544,innerdev,405,2897,4,3,250,1370,divyaac|raskchanky|rraj-splunk,4,655,4267
hashicorp/vault,23541,wangzc93,105,722,0,0,0,0,,1,105,722
hashicorp/vault,23539,ipaqmaster,336,2116,8,4,616,3487,hashishaw|hmalinov|ipaqmaster|marsu-p,4,952,5603
hashicorp/vault,23523,RandJV,304,2147,0,0,0,0,,1,304,2147
hashicorp/vault,23496,dovys,209,1408,2,2,24,146,divyaac|dovys,2,233,1554
hashicorp/vault,23481,patcable,671,5155,4,2,1727,12055,maxiscoding28|patcable,2,2398,17210
hashicorp/vault,23465,bmcmahon-fa,317,1983,1,1,23,115,Monkeychip,2,340,2098
hashicorp/vault,23463,hillen,337,2616,4,3,228,1319,ed-ud|jayunit100|tdviet,4,565,3935
hashicorp/vault,23427,Clasyc,587,3997,1,1,78,527,ladserg,2,665,4524
hashicorp/vault,23371,z0rc,325,2524,3,3,88,604,bmcdonald05|karabanov|lals1,4,413,3128
hashicorp/vault,23369,mihkelader,403,2613,2,1,26,162,sgmiller,2,429,2775
hashicorp/vault,23361,protochron,1897,11454,4,3,419,2212,Rumbles|austingebauer|protochron,3,2316,13666
hashicorp/vault,23311,maron546,297,2514,1,1,9,46,nagavijayan-nagarathinam,2,306,2560
hashicorp/vault,23283,willhaines,300,2084,4,3,719,4573,biazmoreira|divyaac|willhaines,3,1019,6657
hashicorp/vault,23279,tenstad,250,1564,0,0,0,0,,1,250,1564
hashicorp/vault,23271,l-with,503,4163,0,0,0,0,,1,503,4163
hashicorp/vault,23269,l-with,340,2292,0,0,0,0,,1,340,2292
hashicorp/vault,23268,pvinay,217,1339,1,1,224,1994,pvinay,1,441,3333
hashicorp/vault,23244,selsabil94,281,1789,2,2,64,362,galaxis7|nicolamacoir,3,345,2151
hashicorp/vault,23216,alex-ikse,435,3003,1,1,8,39,hghaf099,2,443,3042
hashicorp/vault,23211,pporee,536,4752,1,1,13,59,naxim92,2,549,4811
hashicorp/vault,23194,ruuda,430,2555,2,2,339,1750,hghaf099|ruuda,2,769,4305
hashicorp/vault,23191,vineet-negi009,205,1594,1,1,106,697,hghaf099,2,311,2291
hashicorp/vault,23159,TatyanaBol,367,2332,23,12,1851,10987,1337andre|F21|adamrothman|hashiblaum|hghaf099|iloving|karmops|lootek|nielsdt-rabobank|seanamos|solyim|universam1,13,2218,13319
hashicorp/vault,23135,maxb,132,920,0,0,0,0,,1,132,920
hashicorp/vault,23133,ciscoinfo,359,2379,4,4,75,384,hashishaw|pativadar|vova123412|will-schneble,5,434,2763
hashicorp/vault,23132,fgiannetti,123,841,1,1,12,68,fgiannetti,1,135,909
hashicorp/vault,23106,wiwwo,267,1713,2,2,99,539,maxb|wiwwo,2,366,2252
hashicorp/vault,23074,wardob,642,5157,4,2,162,950,tsaarni|wardob,2,804,6107
hashicorp/vault,23073,RupeshPilania,141,895,1,1,56,339,verwema,2,197,1234
hashicorp/vault,23052,bkonicek-calm,208,1355,1,1,18,86,bkonicek-calm,1,226,1441
hashicorp/vault,23041,Nishapar,8,48,0,0,0,0,,1,8,48
hashicorp/vault,23037,dopheide-esnet,633,4600,7,4,263,1511,aphorise|dopheide-esnet|hghaf099|maxb,4,896,6111
hashicorp/vault,22995,ErKaramSingh,1013,10487,1,1,15,96,craftey,2,1028,10583
hashicorp/vault,22992,f4z3r,246,1495,1,1,207,1164,cipherboy,2,453,2659
hashicorp/vault,22980,jbrandhorst,822,5163,7,4,468,2731,cipherboy|jbrandhorst|jkirschner-hashicorp|ksmiley,4,1290,7894
hashicorp/vault,22968,luispresuelgit,301,1758,1,1,163,911,maxb,2,464,2669
hashicorp/vault,22961,chrisysk,222,1358,5,3,219,1213,cognifloyd|kda-jt|trodemaster,4,441,2571
hashicorp/vault,22958,tobsval,110,715,2,1,54,294,HenriBlacksmith,2,164,1009
hashicorp/vault,22895,t-davies,500,4111,0,0,0,0,,1,500,4111
hashicorp/vault,22893,evsasha,82,504,24,15,2178,12581,111a5ab1|AndrewJackson2020|ProfessorLogout|Sayrus|Stealthii|akshya96|dragetd|evsasha|franciscoabsampaio|heatherezell|jk464|maxb|sbandadd|sgmiller|sliekens,15,2260,13085
hashicorp/vault,22890,MarkusBauerFS,139,897,0,0,0,0,,1,139,897
hashicorp/vault,22889,rolish,568,4348,0,0,0,0,,1,568,4348
hashicorp/vault,22864,EugenKon,32,230,3,2,32,172,officialgupta|yhyakuna,3,64,402
hashicorp/vault,22839,ipaqmaster,379,2452,1,1,27,141,cipherboy,2,406,2593
hashicorp/vault,22789,BruXy,535,4198,1,1,51,250,VioletHynes,2,586,4448
hashicorp/vault,22784,teto,249,1574,2,2,175,1010,d-z-m|teto,2,424,2584
hashicorp/vault,22761,benjamin-altays,240,1581,12,8,585,3514,CorentinDeBoisset|Dvergatal|VanCannon|asucrews|bemk|benjamin-altays|cipherboy|iammathh,8,825,5095
hashicorp/vault,22751,EschewObfuscaton,278,1631,5,2,252,1393,Monkeychip|tdy-jbowdre,3,530,3024
hashicorp/vault,22737,ChrisJBurns,1636,10662,2,2,181,1152,ChrisJBurns|maxb,2,1817,11814
hashicorp/vault,22722,alakahakai,183,1224,0,0,0,0,,1,183,1224
hashicorp/vault,22688,con-f-use,100,633,2,2,1012,8018,cipherboy|heatherezell,3,1112,8651
hashicorp/vault,22682,Nishapar,51,353,0,0,0,0,,1,51,353
hashicorp/vault,22669,karelkryda,406,2679,4,4,309,1657,eBeyond|karelkryda|stevendpclark|valkenburg-prevue-ch,4,715,4336
hashicorp/vault,22639,mlbiam,300,1892,0,0,0,0,,1,300,1892
hashicorp/vault,22636,n2ux,588,5784,2,2,54,376,maxb|n2ux,2,642,6160
hashicorp/vault,22618,melienherrera,67,490,0,0,0,0,,1,67,490
hashicorp/vault,22602,GBT55,380,2461,1,1,16,95,GBT55,1,396,2556
hashicorp/vault,22601,GBT55,343,2243,1,1,4,24,GBT55,1,347,2267
hashicorp/vault,22599,mikemajor,223,1456,0,0,0,0,,1,223,1456
hashicorp/vault,22578,kenk667,629,4523,8,2,513,3167,kenk667|onurccn,2,1142,7690
hashicorp/vault,22576,rissson,178,1191,0,0,0,0,,1,178,1191
hashicorp/vault,22575,will-dee,626,4223,2,1,182,999,VioletHynes,2,808,5222
hashicorp/vault,22561,MarkusBauerFS,364,2975,6,3,262,1470,MarkusBauerFS|Monkeychip|weshouman,3,626,4445
hashicorp/vault,22560,brinnjoyce,340,2230,19,15,1744,13308,MMquant|PJ1288|Soromeister|aswen|biazmoreira|danielhass|fen9li|jkhuang-42|joao-paixao|joelofftsuny|juparker37|lofftjm|sfc-gh-dszmolka|thedoc31|yaboeing,16,2084,15538
hashicorp/vault,22493,maxenced,261,1795,21,4,2684,23975,biazmoreira|maxb|maxenced|veerendra2,4,2945,25770
hashicorp/vault,22492,mohamedzied-kaaniche,124,863,0,0,0,0,,1,124,863
hashicorp/vault,22467,rvojcik,374,2810,1,1,71,402,rvojcik,1,445,3212
hashicorp/vault,22466,shreyasg197,114,671,0,0,0,0,,1,114,671
hashicorp/vault,22461,thegatsbylofiexperience,301,1764,2,2,411,2419,austingebauer|thegatsbylofiexperience,2,712,4183
hashicorp/vault,22393,mju,538,3777,3,2,204,1064,VioletHynes|mju,2,742,4841
hashicorp/vault,22373,parwinderjit-iac,165,1008,4,3,330,1962,VioletHynes|maxb|parwinderjit-iac,3,495,2970
hashicorp/vault,22372,c0ffee,166,1155,3,3,56,272,biazmoreira|heatherezell|ncabatoff,4,222,1427
hashicorp/vault,22335,jackadamson,336,2200,16,4,1526,9534,VioletHynes|austingebauer|jackadamson|maxb,4,1862,11734
hashicorp/vault,22318,ston1th,60,344,4,4,78,473,VioletHynes|joatmon08|konidev20|ston1th,4,138,817
hashicorp/vault,22314,clwluvw,112,737,16,5,1609,9651,akshya96|biazmoreira|clwluvw|heatherezell|mpalmi,5,1721,10388
hashicorp/vault,22297,vosmax,159,852,2,2,435,2550,austingebauer|vosmax,2,594,3402
hashicorp/vault,22294,ExtremeSwat,425,3052,3,3,175,993,ExtremeSwat|VioletHynes|maxb,3,600,4045
hashicorp/vault,22292,SchweinDeBurg,781,4685,2,2,105,576,VioletHynes|maxb,3,886,5261
hashicorp/vault,22279,rjhornsby,175,1107,1,1,185,1186,rjhornsby,1,360,2293
hashicorp/vault,22275,benriou,238,1484,0,0,0,0,,1,238,1484
hashicorp/vault,22271,DamianArado,303,2081,3,2,102,562,VioletHynes|kartiklunkad26,3,405,2643
hashicorp/vault,22257,cwchristerw,403,3114,3,2,60,304,cwchristerw|ruuda,2,463,3418
hashicorp/vault,22250,matt14483,70,444,3,2,74,442,austingebauer|matt14483,2,144,886
hashicorp/vault,22229,dicky-yuen,342,2674,5,2,224,1320,austingebauer|dicky-yuen,2,566,3994
hashicorp/vault,22228,svenkata9,343,2425,13,4,676,3693,VioletHynes|heatherezell|sgmiller|svenkata9,4,1019,6118
hashicorp/vault,22214,itay1213141,427,2392,3,3,230,1299,heatherezell|itay1213141|maxb,3,657,3691
hashicorp/vault,22211,patrickdung,232,1442,9,4,734,4262,VioletHynes|heatherezell|maxb|patrickdung,4,966,5704
hashicorp/vault,22206,zanecodes,526,3534,2,2,77,390,biazmoreira|heatherezell,3,603,3924
hashicorp/vault,22204,liuliancao,92,516,1,1,34,348,liuliancao,1,126,864
hashicorp/vault,22203,HariAmoor-professional,152,900,5,4,409,2387,HariAmoor-professional|cipherboy|schultz-is|veorq,4,561,3287
hashicorp/vault,22189,JohannesFleischer,334,2165,7,3,412,2411,JohannesFleischer|maxb|raskchanky,3,746,4576
hashicorp/vault,22186,shxdxwraze,118,853,0,0,0,0,,1,118,853
hashicorp/vault,22173,haraldh,131,973,12,4,2021,12539,haraldh|heliobmartins|jaredallard|maxb,4,2152,13512
hashicorp/vault,22132,korhojoa,226,1520,0,0,0,0,,1,226,1520
hashicorp/vault,22131,fran07-cipher,389,2844,0,0,0,0,,1,389,2844
hashicorp/vault,22130,xoxys,267,2102,0,0,0,0,,1,267,2102
hashicorp/vault,22129,ArieLevs,209,1288,7,2,1049,6617,ArieLevs|maxb,2,1258,7905
hashicorp/vault,22125,eoinoreilly30,375,2784,3,2,330,2124,eoinoreilly30|maxb,2,705,4908
hashicorp/vault,22111,MikeK184,889,7142,7,5,389,2511,MikeK184|heatherezell|maxb|mohamedmshokry|tuxillo,5,1278,9653
hashicorp/vault,22107,Nishapar,182,1196,0,0,0,0,,1,182,1196
hashicorp/vault,22106,cwchristerw,138,914,5,3,147,813,Monkeychip|cwchristerw|maxb,3,285,1727
hashicorp/vault,22093,ericbaptista,305,2111,3,3,240,1465,VioletHynes|ericbaptista|maxb,3,545,3576
hashicorp/vault,22075,Suman-Mohan,322,2314,1,1,25,121,Suman-Mohan,1,347,2435
hashicorp/vault,22074,rubroboletus,337,2432,4,3,154,958,cipherboy|rubroboletus|stevendpclark,3,491,3390
hashicorp/vault,22065,Ajaykumarkolipaka,253,1704,1,1,18,98,akshya96,2,271,1802
hashicorp/vault,22063,boudey,1659,10760,2,2,10,55,boudey|maxb,2,1669,10815
hashicorp/vault,22052,caleb-devops,357,2803,6,3,119,639,Suman-Mohan|caleb-devops|stevendpclark,3,476,3442
hashicorp/vault,22045,maxb,73,437,1,1,75,409,VioletHynes,2,148,846
hashicorp/vault,22044,maxb,256,1657,0,0,0,0,,1,256,1657
hashicorp/vault,22032,rjhornsby,150,832,6,4,350,1913,VioletHynes|cwchristerw|peteski22|rjhornsby,4,500,2745
hashicorp/vault,22031,simeon95,323,2017,1,1,95,531,maxb,2,418,2548
hashicorp/vault,21989,apetrut,80,461,3,2,76,400,apetrut|maxb,2,156,861
hashicorp/vault,21976,czchen,260,2170,2,2,120,742,czchen|maxb,2,380,2912
hashicorp/vault,21967,isometry,428,3175,0,0,0,0,,1,428,3175
hashicorp/vault,21935,isometry,460,3330,5,4,308,1851,gneveu|heatherezell|isometry|mkushakov,4,768,5181
hashicorp/vault,21933,andreifer20,179,1091,2,2,20,123,cipherboy|maxb,3,199,1214
hashicorp/vault,21912,iveahugeship,372,3073,2,2,156,1019,iveahugeship|maxb,2,528,4092
hashicorp/vault,21905,jjone36,532,4025,7,3,857,5377,jjone36|maxb|stevendpclark,3,1389,9402
hashicorp/vault,21904,ahmet2mir,225,1300,3,2,391,2433,VioletHynes|ahmet2mir,2,616,3733
hashicorp/vault,21883,mdegel,305,2355,3,2,365,2162,maxb|mdegel,2,670,4517
hashicorp/vault,21882,vd-rd,106,610,0,0,0,0,,1,106,610
hashicorp/vault,21872,karelkryda,375,2482,2,2,57,332,cipherboy|karelkryda,2,432,2814
hashicorp/vault,21866,karelkryda,590,4825,2,2,118,616,cipherboy|karelkryda,2,708,5441
hashicorp/vault,21857,Dane903,412,3308,15,3,1323,8427,Dane903|heatherezell|maxb,3,1735,11735
hashicorp/vault,21847,sebinjohn,306,1968,0,0,0,0,,1,306,1968
hashicorp/vault,21801,jhmartin,139,886,4,3,843,5271,cipherboy|jhmartin|victorr,3,982,6157
hashicorp/vault,21778,maxiscoding28,772,5142,0,0,0,0,,1,772,5142
hashicorp/vault,21775,xskrasek,324,2577,8,6,2983,21664,chris-burn-phocas|geldmon|maxb|pporee|raskchanky|xskrasek,6,3307,24241
hashicorp/vault,21773,Exidex,55,296,7,2,212,1243,Exidex|cwchristerw,2,267,1539
hashicorp/vault,21770,cccsss01,43,294,2,2,63,359,cccsss01|cipherboy,2,106,653
hashicorp/vault,21751,patrickdung,113,765,0,0,0,0,,1,113,765
hashicorp/vault,21645,isometry,117,745,5,3,75,418,heatherezell|isometry|kpcraig,3,192,1163
hashicorp/vault,21610,davoustp,447,3013,5,3,763,5308,davoustp|maxb|raymonstah,3,1210,8321
hashicorp/vault,21588,thomashargrove,233,1470,1,1,21,120,VioletHynes,2,254,1590
hashicorp/vault,21571,cwchristerw,574,4867,2,1,16,96,cwchristerw,1,590,4963
hashicorp/vault,21570,apetrut,242,1612,5,4,133,818,apetrut|cipherboy|heatherezell|mpalmi,4,375,2430
hashicorp/vault,21566,zzzz465,232,1487,0,0,0,0,,1,232,1487
hashicorp/vault,21565,MikeK184,2022,17130,2,2,90,518,MikeK184|maxb,2,2112,17648
hashicorp/vault,21558,LCaparelli,263,1596,1,1,15,80,limistah,2,278,1676
hashicorp/vault,21553,juliantaylor,661,4687,1,1,109,685,juliantaylor,1,770,5372
hashicorp/vault,21552,ipaqmaster,368,2367,2,2,55,321,cipherboy|ipaqmaster,2,423,2688
hashicorp/vault,21549,laurent-so-1,664,6026,6,4,639,3816,Jamesits|cipherboy|laurent-so-1|stevendpclark,4,1303,9842
hashicorp/vault,21548,navjotsinghji,91,545,5,3,260,1615,fairclothjm|navjotsinghji|vikramaninforce,3,351,2160
hashicorp/vault,21547,yuandongjian,116,689,0,0,0,0,,1,116,689
hashicorp/vault,21545,maokt,153,919,3,2,344,2111,VioletHynes|maxb,3,497,3030
hashicorp/vault,21521,tsaarni,444,2837,5,2,269,1545,heatherezell|tsaarni,2,713,4382
hashicorp/vault,21510,andrejvanderzee,204,1326,2,2,33,196,dqsully|heatherezell,3,237,1522
hashicorp/vault,21508,Malshtur,268,1693,8,2,1481,8591,Malshtur|cipherboy,2,1749,10284
hashicorp/vault,21507,rickardgranberg,355,2588,4,4,66,385,MMquant|SulaihaFarook|justanotherghusr|rickardgranberg,4,421,2973
hashicorp/vault,21504,ngrewe,386,2371,1,1,142,945,cipherboy,2,528,3316
hashicorp/vault,21494,JohannesFleischer,159,971,4,4,119,647,JohannesFleischer|Malshtur|heatherezell|ssstroke,4,278,1618
hashicorp/vault,21478,dqsully,524,3858,14,11,701,4369,Suman-Mohan|dqsully|fairclothjm|heatherezell|igor-nikiforov|igoritos22|nitrogear|rissson|shivshav|tolleiv|ubajze,11,1225,8227
hashicorp/vault,21473,eoinoreilly30,1642,11010,2,2,100,608,eoinoreilly30|maxb,2,1742,11618
hashicorp/vault,21471,luckyraul,300,2214,1,1,22,117,luckyraul,1,322,2331
hashicorp/vault,21467,JovanPetkovski,136,850,1,1,62,368,austingebauer,2,198,1218
hashicorp/vault,21465,SeanKnight,250,1764,12,11,625,4191,DeepakRai94|SeanKnight|bdwyertech|dave4086|ddanijel|fairclothjm|fulcrum29|jbouse|mtavaresmedeiros|pjain-fastly|ubajze,11,875,5955
hashicorp/vault,21452,EtienneBruines,299,1901,0,0,0,0,,1,299,1901
hashicorp/vault,21451,EtienneBruines,220,1446,2,2,25,131,hashishaw|snake3lake,3,245,1577
hashicorp/vault,21448,agcorreatech,344,2045,2,2,312,1843,heatherezell|maxb,3,656,3888
hashicorp/vault,21447,tyu0912,311,2341,2,2,274,1683,maxb|tyu0912,2,585,4024
hashicorp/vault,21441,Rahul-Manglani,1831,14694,5,3,477,4305,Rahul-Manglani|heatherezell|kschoche,3,2308,18999
hashicorp/vault,21435,Dane903,314,2494,2,2,71,379,hghaf099|raskchanky,3,385,2873
hashicorp/vault,21433,Dane903,240,1579,0,0,0,0,,1,240,1579
hashicorp/vault,21406,chrisvanmeer,233,1508,4,4,252,1520,MB175|chrisvanmeer|heatherezell|hellobontempo,4,485,3028
hashicorp/vault,21390,jaredblackjcb,123,710,3,3,171,1004,kiannaquach|maxb|zofskeez,4,294,1714
hashicorp/vault,21339,thtonon,78,436,5,2,604,3634,cipherboy|maxb,3,682,4070
hashicorp/vault,21338,Ajaykumarkolipaka,785,5827,3,2,345,1867,Ajaykumarkolipaka|ncabatoff,2,1130,7694
hashicorp/vault,21306,Roxyrob,178,1139,5,4,231,1271,Monkeychip|Roxyrob|ghost|hashishaw,4,409,2410
hashicorp/vault,21303,ipaqmaster,550,3682,2,2,46,261,maxb|mpalmi,3,596,3943
hashicorp/vault,21302,zuesxiao,315,2288,3,3,43,220,MattEagle95|RRcwhiting|zuesxiao,3,358,2508
hashicorp/vault,21300,karmix,1026,8376,0,0,0,0,,1,1026,8376
hashicorp/vault,21222,Fuco1,498,2943,1,1,207,1221,maxb,2,705,4164
hashicorp/vault,21194,aisangelos,88,497,12,3,583,3443,aisangelos|heatherezell|maxb,3,671,3940
hashicorp/vault,21164,sereinity,163,1044,5,4,523,2976,Monkeychip|cipherboy|hellobontempo|outscale-fba,5,686,4020
hashicorp/vault,21109,jcasale,245,1516,2,2,344,2097,VioletHynes|maxb,3,589,3613
hashicorp/vault,21097,ipaqmaster,336,2073,2,2,110,576,hellobontempo|ipaqmaster,2,446,2649
hashicorp/vault,21096,ipaqmaster,339,2208,12,4,1041,6626,hashworks|heatherezell|ipaqmaster|maxb,4,1380,8834
hashicorp/vault,21069,Fredouye,302,1981,2,2,102,614,cipherboy|maxb,3,404,2595
hashicorp/vault,21042,ser6iy,543,3432,13,3,908,6989,cipherboy|maxb|ser6iy,3,1451,10421
hashicorp/vault,21041,ser6iy,287,1746,2,2,609,3711,cipherboy|ser6iy,2,896,5457
hashicorp/vault,21040,hwittenborn,161,989,3,2,297,1633,hwittenborn|maxb,2,458,2622
hashicorp/vault,21023,Esity,110,684,2,2,211,1254,cipherboy|heatherezell,3,321,1938
hashicorp/vault,21022,techBeck03,1153,7717,16,2,4544,35325,maxb|techBeck03,2,5697,43042
hashicorp/vault,21021,majimenez-stratio,710,5285,2,2,123,747,hassaanakram|majimenez-stratio,2,833,6032
hashicorp/vault,20983,Yorwba,155,988,2,2,190,1414,hashishaw|mpalmi,3,345,2402
hashicorp/vault,20979,ackishore,285,2365,5,3,544,3202,ackishore|cipherboy|maxb,3,829,5567
hashicorp/vault,20978,ghost,415,2880,4,4,349,2449,Eric-N-Be|ctracysf|ifalatiksetlog|mihaivint,5,764,5329
hashicorp/vault,20968,mdgreenfield,139,931,0,0,0,0,,1,139,931
hashicorp/vault,20953,Balaji-MP,85,595,4,4,330,2566,Ducky6944|cipherboy|lukmanlab|maxb,5,415,3161
hashicorp/vault,20923,ipaqmaster,705,4419,6,3,279,1532,cwchristerw|ipaqmaster|mcollao-hc,3,984,5951
hashicorp/vault,20899,assareh,75,505,1,1,13,59,cipherboy,2,88,564
hashicorp/vault,20888,shubhamparikh927,81,542,2,2,21,96,ddjain|limistah,3,102,638
hashicorp/vault,20885,ram-parameswaran,91,583,0,0,0,0,,1,91,583
hashicorp/vault,20883,pradeepg-alkira,79,520,0,0,0,0,,1,79,520
hashicorp/vault,20859,RRcwhiting,101,623,11,4,739,4193,Monkeychip|RRcwhiting|hashishaw|maxb,4,840,4816
hashicorp/vault,20845,dehnert,267,1644,0,0,0,0,,1,267,1644
hashicorp/vault,20844,cwchristerw,158,979,2,2,241,1454,cwchristerw|maxb,2,399,2433
hashicorp/vault,20824,elliotwutingfeng,180,1189,1,1,95,518,ncabatoff,2,275,1707
hashicorp/vault,20813,bgaillard,575,3639,3,3,650,3496,VioletHynes|bgaillard|heatherezell,3,1225,7135
hashicorp/vault,20804,rzimmerman,355,2709,2,1,140,808,cipherboy,2,495,3517
hashicorp/vault,20780,maxb,814,5107,0,0,0,0,,1,814,5107
hashicorp/vault,20772,jgourmelen,2256,15122,2,1,13,82,jgourmelen,1,2269,15204
hashicorp/vault,20740,maxiscoding28,490,3090,6,4,266,1516,ZhaoZhen711|marcboudreau|maxb|stormshield-gt,5,756,4606
hashicorp/vault,20734,amouat,98,561,2,2,177,1060,amouat|ncabatoff,2,275,1621
hashicorp/vault,20730,td4b,2129,16385,3,3,338,2407,marcboudreau|maxb|td4b,3,2467,18792
hashicorp/vault,20719,Jwy-jump,565,3484,7,3,1002,6558,Jwy-jump|cipherboy|maxb,3,1567,10042
hashicorp/vault,20713,ethan-lowman-dd,461,3319,9,3,222,1194,cipherboy|ethan-lowman-dd|fool1280,3,683,4513
hashicorp/vault,20673,jofaca,52,301,0,0,0,0,,1,52,301
hashicorp/vault,20672,Jwy-jump,92,600,2,2,11,68,Jwy-jump|maxb,2,103,668
hashicorp/vault,20646,NagenderPulluri,620,3910,0,0,0,0,,1,620,3910
hashicorp/vault,20645,ethan256,282,1936,0,0,0,0,,1,282,1936
hashicorp/vault,20644,pcsgithubid,127,982,4,3,126,696,marcboudreau|maxb|pcsgithubid,3,253,1678
hashicorp/vault,20627,sarahethompson,161,992,3,2,107,641,marcboudreau|tbehling,3,268,1633
hashicorp/vault,20614,Jwy-jump,94,634,2,2,164,1272,Jwy-jump|cipherboy,2,258,1906
hashicorp/vault,20589,ffkaka,112,687,2,2,63,364,cipherboy|ffkaka,2,175,1051
hashicorp/vault,20587,Shifna12Zarnaz,8,63,1,1,123,680,raskchanky,2,131,743
hashicorp/vault,20581,digiserg,197,1367,5,3,255,1458,digiserg|mathewjustin|raskchanky,3,452,2825
hashicorp/vault,20563,ajfc84,303,1928,2,2,261,1564,Monkeychip|maxb,3,564,3492
hashicorp/vault,20562,gnugnug,131,929,9,5,1140,6963,KushnerykPavel|cipherboy|gnugnug|kitography|stevendpclark,5,1271,7892
hashicorp/vault,20561,thomas-aw,158,1317,5,3,206,1229,hghaf099|maxb|thomas-aw,3,364,2546
hashicorp/vault,20555,xskrasek,235,1474,10,4,1364,7911,heatherezell|maxb|xskrasek|zofskeez,4,1599,9385
hashicorp/vault,20553,uanid,337,2894,0,0,0,0,,1,337,2894
hashicorp/vault,20539,Kloppi313,273,1784,6,4,402,2291,Kloppi313|StephenDunne97|heatherezell|maxb,4,675,4075
hashicorp/vault,20538,evan361425,566,3833,3,3,99,695,cipherboy|evan361425|kencx,3,665,4528
hashicorp/vault,20537,zboralski,268,1740,0,0,0,0,,1,268,1740
hashicorp/vault,20528,Tylerlhess,284,1855,5,3,755,4467,Tylerlhess|cipherboy|heatherezell,3,1039,6322
hashicorp/vault,20499,approximate,396,2968,0,0,0,0,,1,396,2968
hashicorp/vault,20456,nicolascrochet7,197,1174,1,1,35,176,cipherboy,2,232,1350
hashicorp/vault,20455,xskrasek,174,1096,1,1,49,265,heatherezell,2,223,1361
hashicorp/vault,20439,classabbyamp,303,2079,3,3,136,822,classabbyamp|maxb|miagilepner,3,439,2901
hashicorp/vault,20438,FalcoSuessgott,146,990,2,2,58,334,maxb|miagilepner,3,204,1324
hashicorp/vault,20422,nneul,205,1318,2,2,91,470,CIMARoger|nneul,2,296,1788
hashicorp/vault,20421,Syntax3rror404,691,6144,4,4,311,1968,Syntax3rror404|heatherezell|iGorebach|miagilepner,4,1002,8112
hashicorp/vault,20416,lukasertl,99,581,15,14,449,2652,AndrewSav|Cajga|Q-efx|bovy89|brewgator|davama|digiserg|krocans|liquidspikes|lukasertl|mgob|runtman|scaronni|zerkms,14,548,3233
hashicorp/vault,20396,FalcoSuessgott,398,3097,2,2,64,361,FalcoSuessgott|maxb,2,462,3458
hashicorp/vault,20391,apstndb,264,2252,0,0,0,0,,1,264,2252
hashicorp/vault,20362,mdegel,565,3632,3,3,416,2522,maxb|mdegel|miagilepner,3,981,6154
hashicorp/vault,20356,schematis,396,2836,5,3,257,1467,heatherezell|miagilepner|schematis,3,653,4303
hashicorp/vault,20338,keviiin38,224,1522,2,2,18,101,Matthiator|v1nc3nt27,3,242,1623
hashicorp/vault,20337,reddy9694,305,1819,9,4,694,3989,heatherezell|maxb|miagilepner|reddy9694,4,999,5808
hashicorp/vault,20336,roy-work,400,2937,13,8,2301,13221,Yatekii|heatherezell|ipaqmaster|maxb|miagilepner|roy-work|wardob|wtfloris,8,2701,16158
hashicorp/vault,20308,henryx,72,491,1,1,9,49,miagilepner,2,81,540
hashicorp/vault,20306,13567436138,843,7163,2,2,99,611,13567436138|miagilepner,2,942,7774
hashicorp/vault,20286,siredmar,1429,9948,8,4,4826,39000,heatherezell|maxb|miagilepner|siredmar,4,6255,48948
hashicorp/vault,20272,bendem,455,3414,2,2,46,278,Lillecarl|maxb,3,501,3692
hashicorp/vault,20241,shanmugh,268,1675,3,3,138,797,heatherezell|maxb|miagilepner,4,406,2472
hashicorp/vault,20219,ladung,85,493,10,5,768,4886,ebuildy|ladung|maxb|miagilepner|scrohde,5,853,5379
hashicorp/vault,20192,crujzo,81,508,1,1,106,568,hghaf099,2,187,1076
hashicorp/vault,20191,13567436138,233,1559,4,3,755,5612,13567436138|heatherezell|hghaf099,3,988,7171
hashicorp/vault,20189,maxb,78,534,2,2,23,119,cipherboy|maxb,2,101,653
hashicorp/vault,20182,jdloft,329,2085,5,4,529,3251,cipherboy|gunnarhaslinger|jdloft|luckyit-at,4,858,5336
hashicorp/vault,20169,Albert-W,260,2311,17,4,1378,9522,Albert-W|heatherezell|hghaf099|maxb,4,1638,11833
hashicorp/vault,20167,felix-dpg,91,659,1,1,28,216,mister-ken,2,119,875
hashicorp/vault,20165,sumitrindhe,181,1279,1,1,54,314,sumitrindhe,1,235,1593
hashicorp/vault,20138,jbgcarnes,217,1478,0,0,0,0,,1,217,1478
hashicorp/vault,20137,flassman,305,1878,15,3,2106,14048,cipherboy|flassman|maxb,3,2411,15926
hashicorp/vault,20096,askmike1,387,2765,3,3,149,980,askmike1|hghaf099|maxb,3,536,3745
hashicorp/vault,20072,zboralski,203,1426,2,1,35,196,zboralski,1,238,1622
hashicorp/vault,20055,rohit-shenoy,1053,8770,1,1,8,48,revanthalampally,2,1061,8818
hashicorp/vault,20039,jrutkowski,357,2118,3,3,357,2051,dtrts|heatherezell|ronballesteros,4,714,4169
hashicorp/vault,20038,remriver,233,1594,1,1,16,80,miagilepner,2,249,1674
hashicorp/vault,20021,ellisroll-b,553,5147,8,5,841,5254,NateDimick|ellisroll-b|heatherezell|miagilepner|schavis,5,1394,10401
hashicorp/vault,20006,itspngu,546,3819,0,0,0,0,,1,546,3819
hashicorp/vault,20005,qiangliabcd,746,5908,4,2,211,1201,heatherezell|qiangliabcd,2,957,7109
hashicorp/vault,19974,ghost,179,1133,4,3,28,145,cipherboy|ghost|heatherezell,3,207,1278
hashicorp/vault,19964,mstrdvps,20,138,2,2,107,591,heatherezell|mstrdvps,2,127,729
hashicorp/vault,19952,kvzn,990,8235,5,3,250,1501,ashishmahamuni21|kvzn|maxb,3,1240,9736
hashicorp/vault,19935,axi92,257,1746,1,1,17,89,Syoc,2,274,1835
hashicorp/vault,19889,62mkv,514,2881,1,1,200,1238,62mkv,1,714,4119
hashicorp/vault,19888,h33p,375,2474,0,0,0,0,,1,375,2474
hashicorp/vault,19887,robbjass,274,2105,2,2,140,848,hellobontempo|robbjass,2,414,2953
hashicorp/vault,19879,M1Gd0nPG,261,1690,6,3,671,3683,M1Gd0nPG|VioletHynes|adrianlzt,3,932,5373
hashicorp/vault,19856,liorwavebl,290,2211,7,3,411,2467,heatherezell|liorwavebl|solidgoldbomb,3,701,4678
hashicorp/vault,19849,bmcdonald05,950,7534,8,5,670,4574,MMquant|bmcdonald05|kejiangzoox|maxb|tsipinakis,5,1620,12108
hashicorp/vault,19818,melmus,361,2723,5,5,113,713,heatherezell|linuxoid69|maxb|melmus|yhyakuna,5,474,3436
hashicorp/vault,19815,nemethloci,307,2559,6,4,255,1471,VioletHynes|hghaf099|maxb|nemethloci,4,562,4030
hashicorp/vault,19810,nickryand,398,2872,0,0,0,0,,1,398,2872
hashicorp/vault,19787,nrogerarkhn,542,3851,4,3,360,2477,jayboy-mabushi|nrogerarkhn|tvoran,3,902,6328
hashicorp/vault,19785,pschulten,177,1239,3,2,333,1966,hghaf099|maxb,3,510,3205
hashicorp/vault,19784,walkrya,76,445,2,2,1161,7033,cipherboy|stevendpclark,3,1237,7478
hashicorp/vault,19766,eliteaz,258,2200,6,3,256,1566,eliteaz|heatherezell|maxb,3,514,3766
hashicorp/vault,19765,suhailsid,180,1055,4,3,592,3905,BrixSat|maxb|suhailsid,3,772,4960
hashicorp/vault,19755,Gary-Armstrong,379,2710,6,2,182,1067,Gary-Armstrong|cipherboy,2,561,3777
hashicorp/vault,19729,tony-sol,382,2735,4,3,193,1228,hghaf099|maxb|tony-sol,3,575,3963
hashicorp/vault,19725,ned1313,122,771,0,0,0,0,,1,122,771
hashicorp/vault,19702,irogers97,191,1280,15,6,964,6602,Bralva|Monkeychip|elopsod|erikpartila|hellobontempo|karelkryda,7,1155,7882
hashicorp/vault,19697,blmhemu,268,1662,0,0,0,0,,1,268,1662
hashicorp/vault,19693,13567436138,273,1827,3,2,418,4071,13567436138|cipherboy,2,691,5898
hashicorp/vault,19684,greghensley,4051,31536,8,6,6123,41218,VioletHynes|busser|greghensley|heatherezell|ozozgun|rivedty,6,10174,72754
hashicorp/vault,19668,13567436138,449,3504,1,1,52,317,stevendpclark,2,501,3821
hashicorp/vault,19603,alainchiasson,391,2640,0,0,0,0,,1,391,2640
hashicorp/vault,19599,mikeycarlton,419,2544,3,2,107,605,VioletHynes|mikeycarlton,2,526,3149
hashicorp/vault,19594,rzimmerman,237,1587,1,1,9,56,biazmoreira,2,246,1643
hashicorp/vault,19581,cipherboy,190,1323,0,0,0,0,,1,190,1323
hashicorp/vault,19578,Smolsada,779,4933,6,4,525,3048,Smolsada|VioletHynes|biazmoreira|heatherezell,4,1304,7981
hashicorp/vault,19577,Christoph-Raab,190,1420,3,2,548,3395,Christoph-Raab|cipherboy,2,738,4815
hashicorp/vault,19576,rzimmerman,134,1006,3,2,22,135,rzimmerman|stevendpclark,2,156,1141
hashicorp/vault,19568,dereckson,162,1047,6,4,456,3451,VioletHynes|cipherboy|dereckson|hellobontempo,4,618,4498
hashicorp/vault,19550,brauliogr,56,401,0,0,0,0,,1,56,401
hashicorp/vault,19539,RebootFixesAll,1101,7566,1,1,51,291,VioletHynes,2,1152,7857
hashicorp/vault,19529,AccidentallyTheCable,351,2420,1,1,278,1784,mickael-hc,2,629,4204
hashicorp/vault,19513,kberzinch,196,1465,4,3,377,2555,lindleywhite|mancej|robmonte,4,573,4020
hashicorp/vault,19512,alifiroozi80,173,1166,1,1,45,294,alifiroozi80,1,218,1460
hashicorp/vault,19511,patrakov,60,368,2,2,185,1011,VioletHynes|martinfojtik,3,245,1379
hashicorp/vault,19510,Wnthr,148,879,2,1,165,1005,cipherboy,2,313,1884
hashicorp/vault,19503,Kamilcuk,242,1657,0,0,0,0,,1,242,1657
hashicorp/vault,19502,bridany,331,2385,1,1,75,418,VioletHynes,2,406,2803
hashicorp/vault,19490,magnus-teschner,174,1162,1,1,44,269,maxb,2,218,1431
hashicorp/vault,19489,SRENoon,232,1488,0,0,0,0,,1,232,1488
hashicorp/vault,19480,evan361425,565,4248,4,2,108,508,VioletHynes|evan361425,2,673,4756
hashicorp/vault,19479,evan361425,103,693,0,0,0,0,,1,103,693
hashicorp/vault,19477,ailsonfds,354,3200,2,2,185,998,VioletHynes|ailsonfds,2,539,4198
hashicorp/vault,19476,aservedio,200,1316,1,1,38,199,aservedio,1,238,1515
hashicorp/vault,19473,thtonon,80,444,1,1,60,281,VioletHynes,2,140,725
hashicorp/vault,19471,taitelman,484,3527,3,1,151,1070,taitelman,1,635,4597
hashicorp/vault,19458,joernheissler,131,794,0,0,0,0,,1,131,794
hashicorp/vault,19452,Frizlab,200,1437,4,3,364,2168,Frizlab|cipherboy|heatherezell,3,564,3605
hashicorp/vault,19451,JeffHemmen,290,1887,0,0,0,0,,1,290,1887
hashicorp/vault,19436,danlsgiga,335,2251,11,4,1139,7160,F21|VioletHynes|danlsgiga|itspngu,4,1474,9411
hashicorp/vault,19434,maxiscoding28,655,4471,0,0,0,0,,1,655,4471
hashicorp/vault,19412,joemiller,571,3582,4,2,107,637,harsimranmaan|joemiller,2,678,4219
hashicorp/vault,19404,karras,191,1333,3,2,43,242,acahn|karras,2,234,1575
hashicorp/vault,19400,noltedennis,249,1593,0,0,0,0,,1,249,1593
hashicorp/vault,19393,wibram,144,888,3,2,142,887,maxb|wibram,2,286,1775
hashicorp/vault,19372,kaitaklam,341,2178,1,1,6,26,kaitaklam,1,347,2204
hashicorp/vault,19370,mandaramle,114,643,1,1,90,666,mandaramle,1,204,1309
hashicorp/vault,19368,otto-dev,146,1076,3,2,110,625,akshya96|otto-dev,2,256,1701
hashicorp/vault,19367,DemiMarie,112,730,0,0,0,0,,1,112,730
hashicorp/vault,19364,mafos,474,3865,0,0,0,0,,1,474,3865
hashicorp/vault,19342,ddjain,860,6077,8,3,420,2772,ddjain|heatherezell|maxb,3,1280,8849
hashicorp/vault,19341,adrian-mi-romero,224,1309,1,1,3,16,heatherezell,2,227,1325
hashicorp/vault,19340,ddjain,862,6084,2,1,242,1954,ddjain,1,1104,8038
hashicorp/vault,19338,ddjain,0,1,0,0,0,0,,1,0,1
hashicorp/vault,19337,ps3460,80,489,1,1,202,1096,Monkeychip,2,282,1585
hashicorp/vault,19336,ps3460,55,370,2,2,24,126,MuhtasimTanmoy|brendanelmes,3,79,496
hashicorp/vault,19292,ellisroll-b,496,2976,4,3,85,454,ellisroll-b|heatherezell|jaredallard,3,581,3430
hashicorp/vault,19266,ipaqmaster,511,3080,6,4,1164,7939,hashworks|heatherezell|ipaqmaster|maxb,4,1675,11019
hashicorp/vault,19263,raven-wing,81,546,4,3,207,1352,Threpio|heatherezell|raven-wing,3,288,1898
hashicorp/vault,19261,echo-qin,314,1915,9,4,643,3484,christinahaig|echo-qin|heatherezell|maxb,4,957,5399
hashicorp/vault,19259,rjhornsby,424,2832,3,3,301,1613,cipherboy|maxb|rjhornsby,3,725,4445
hashicorp/vault,19227,Freyert,400,2468,2,1,136,789,Freyert,1,536,3257
hashicorp/vault,19214,iulianroman,145,935,1,1,395,2288,maxb,2,540,3223
hashicorp/vault,19210,nsimons,116,727,3,3,196,1044,cipherboy|heatherezell|nsimons,3,312,1771
hashicorp/vault,19209,UXabre,222,1299,3,2,181,1146,antonmos|austingebauer,3,403,2445
hashicorp/vault,19207,bertptrs,277,1723,2,1,369,3130,ctoestreich,2,646,4853
hashicorp/vault,19198,remiphilippe,145,889,4,3,137,752,cipherboy|heatherezell|ncabatoff,4,282,1641
hashicorp/vault,19195,F21,101,646,0,0,0,0,,1,101,646
hashicorp/vault,19192,heliobmartins,762,5613,39,4,8632,53234,fairclothjm|heliobmartins|maxb|ncabatoff,4,9394,58847
hashicorp/vault,19155,2wistedd4life,58,386,1,1,43,218,heatherezell,2,101,604
hashicorp/vault,19131,d3xma,192,1290,3,3,183,1241,d3xma|jafkn|wibram,3,375,2531
hashicorp/vault,19129,eliottcassidy2000,290,1568,0,0,0,0,,1,290,1568
hashicorp/vault,19124,lcondliffe,198,1316,1,1,31,198,lcondliffe,1,229,1514
hashicorp/vault,19106,adamstrawson,326,2731,0,0,0,0,,1,326,2731
hashicorp/vault,19099,kuanyong-wong-partior,480,3303,8,6,691,4142,heatherezell|kuanyong-wong-partior|marhar|maxb|raskchanky|tstraley,6,1171,7445
hashicorp/vault,19073,jinnatar,372,3180,9,6,941,5706,Sway23|VioletHynes|akshya96|elbars|hghaf099|jinnatar,6,1313,8886
hashicorp/vault,19030,arubdesu,555,3473,4,3,220,1272,agateau|arubdesu|mdeggies,3,775,4745
hashicorp/vault,19028,godeater,362,2333,2,2,60,349,aram535|godeater,2,422,2682
hashicorp/vault,19001,Ais8Ooz8,123,639,1,1,55,303,Monkeychip,2,178,942
hashicorp/vault,19000,candlerb,224,1369,0,0,0,0,,1,224,1369
hashicorp/vault,18969,FalcoSuessgott,259,1822,4,3,325,2439,FalcoSuessgott|hghaf099|maxb,3,584,4261
hashicorp/vault,18963,joel-rieke,224,1720,3,2,303,1682,heatherezell|joel-rieke,2,527,3402
hashicorp/vault,18961,glerchundi,303,1900,1,1,24,135,DemiMarie,2,327,2035
hashicorp/vault,18960,Jasper-Ben,33,207,1,1,29,180,cipherboy,2,62,387
hashicorp/vault,18959,droslean,126,954,0,0,0,0,,1,126,954
hashicorp/vault,18958,Joffrey54,343,2813,4,2,345,2124,Joffrey54|austingebauer,2,688,4937
hashicorp/vault,18957,F21,108,733,0,0,0,0,,1,108,733
hashicorp/vault,18943,cpboyd,314,2562,6,3,550,3190,cipherboy|optiz0r|remilapeyre,4,864,5752
hashicorp/vault,18940,JCrawshawBD,67,372,0,0,0,0,,1,67,372
hashicorp/vault,18932,fabiendelpierre,233,1523,1,1,32,202,FWest98,2,265,1725
hashicorp/vault,18918,Joffrey54,136,832,1,1,53,327,austingebauer,2,189,1159
hashicorp/vault,18915,dguihal,390,3652,3,2,354,2085,austingebauer|dguihal,2,744,5737
hashicorp/vault,18891,ankursrivastva,50,332,1,1,174,1075,mickael-hc,2,224,1407
hashicorp/vault,18875,nordicmachine,529,4567,9,4,410,2251,austingebauer|brewgator|maxb|nordicmachine,4,939,6818
hashicorp/vault,18872,maxb,245,1509,1,1,42,241,maxb,1,287,1750
hashicorp/vault,18853,sabarisankarj,69,532,0,0,0,0,,1,69,532
hashicorp/vault,18852,ludovicianul,111,818,1,1,23,136,ccapurso,2,134,954
hashicorp/vault,18851,ludovicianul,107,760,3,2,126,724,ludovicianul|ryowright,2,233,1484
hashicorp/vault,18850,ludovicianul,342,2716,1,1,28,131,ccapurso,2,370,2847
hashicorp/vault,18849,ludovicianul,292,2303,0,0,0,0,,1,292,2303
hashicorp/vault,18843,tmessi,336,2263,0,0,0,0,,1,336,2263
hashicorp/vault,18838,shaj13,156,961,3,2,229,1319,ccapurso|shaj13,2,385,2280
hashicorp/vault,18836,andrewcameronsims,340,2124,3,3,93,520,andrewcameronsims|ccapurso|maxb,3,433,2644
hashicorp/vault,18820,eliottcassidy2000,181,1105,3,2,144,869,eliottcassidy2000|marianoasselborn,2,325,1974
hashicorp/vault,18814,maxb,139,946,0,0,0,0,,1,139,946
hashicorp/vault,18812,maxb,199,1449,0,0,0,0,,1,199,1449
hashicorp/vault,18810,maxb,246,1812,2,2,90,507,finnstech|heatherezell,3,336,2319
hashicorp/vault,18775,TheLastProject,484,2933,4,3,171,932,TheLastProject|ali-hamza-noor|cipherboy,3,655,3865
hashicorp/vault,18769,precia-bbc,375,2314,1,1,13,75,stormshield-gt,2,388,2389
hashicorp/vault,18768,gflex,920,8437,0,0,0,0,,1,920,8437
hashicorp/vault,18759,yevgenypats,149,964,2,2,57,298,heatherezell|yevgenypats,2,206,1262
hashicorp/vault,18739,dhduvall,48,419,0,0,0,0,,1,48,419
hashicorp/vault,18738,thekev,331,2259,0,0,0,0,,1,331,2259
hashicorp/vault,18736,Mais316,483,4512,1,1,128,708,heatherezell,2,611,5220
hashicorp/vault,18733,shiyuhang0,369,2864,0,0,0,0,,1,369,2864
hashicorp/vault,18732,xskrasek,246,1563,4,3,333,1923,heatherezell|maxb|xskrasek,3,579,3486
hashicorp/vault,18731,sbskas,275,2351,1,1,9,47,tvoran,2,284,2398
hashicorp/vault,18730,valli0x,168,1122,1,1,46,260,ccapurso,2,214,1382
hashicorp/vault,18725,wim-de-groot,110,660,1,1,161,936,maxb,2,271,1596
hashicorp/vault,18724,busser,759,5754,2,2,95,610,ccapurso|yurii-fisakov,3,854,6364
hashicorp/vault,18723,framsouza,134,823,3,3,96,556,elkninja|framsouza|tomhjp,3,230,1379
hashicorp/vault,18705,const-tmp,353,2553,5,3,758,5167,const-tmp|maxb|tomhjp,3,1111,7720
hashicorp/vault,18690,blainenelson,484,3313,1,1,94,507,heatherezell,2,578,3820
hashicorp/vault,18679,Celant,190,1067,1,1,11,64,cipherboy,2,201,1131
hashicorp/vault,18668,S0LERA,97,623,7,7,164,840,S0LERA|brettcurtis|heatherezell|hoffmanr-cshs|maxb|rizary|scredii,7,261,1463
hashicorp/vault,18667,nsimons,301,1848,4,2,645,3646,cipherboy|nsimons,2,946,5494
hashicorp/vault,18665,Mofato,152,1245,5,2,279,1956,Mofato|heatherezell,2,431,3201
hashicorp/vault,18664,janaurka,314,1921,0,0,0,0,,1,314,1921
hashicorp/vault,18662,gw-uber,324,1902,2,2,57,317,finnstech|heatherezell,3,381,2219
hashicorp/vault,18661,m-skw,758,6346,0,0,0,0,,1,758,6346
hashicorp/vault,18660,julienperignon,321,2267,6,2,1043,6073,cipherboy|julienperignon,2,1364,8340
hashicorp/vault,18658,terinjokes,457,3272,10,2,582,3519,averche|terinjokes,2,1039,6791
hashicorp/vault,18648,voiprodrigo,281,1666,23,9,1268,7462,Grey999|M0NsTeRRR|alkersan|dimm0|edouard-lopez|ngotchac|protsey|voiprodrigo|zofskeez,9,1549,9128
hashicorp/vault,18631,fancybear-dev,185,1126,1,1,45,330,fancybear-dev,1,230,1456
hashicorp/vault,18630,slm0n87,143,831,0,0,0,0,,1,143,831
hashicorp/vault,18614,maxb,163,1042,9,2,692,3993,maxb|vaerh,2,855,5035
hashicorp/vault,18601,namthuoc-LE,301,2272,6,4,508,4008,hellobontempo|liboyang0615|sabarisankarj|zofskeez,5,809,6280
hashicorp/vault,18591,roman-yaryzhenko,281,2269,5,3,598,3647,heatherezell|maxb|mickael-hc,4,879,5916
hashicorp/vault,18583,nsimons,821,6027,11,3,2754,16160,cipherboy|nsimons|stevendpclark,3,3575,22187
hashicorp/vault,18582,ffkaka,181,1086,3,2,84,669,ffkaka|heatherezell,2,265,1755
hashicorp/vault,18580,erkexzcx,381,2712,9,5,1052,6798,RachanaDhaked|ebuildy|erkexzcx|heatherezell|maxb,5,1433,9510
hashicorp/vault,18579,tijmendj,476,3296,6,4,354,2367,Glyphack|aitumik|mhdiiilham|tijmendj,4,830,5663
hashicorp/vault,18578,maxb,296,1953,3,2,306,2289,averche|maxb,2,602,4242
hashicorp/vault,18577,ilbarone87,218,1542,6,3,282,1596,heatherezell|ilbarone87|maxb,3,500,3138
hashicorp/vault,18574,thatsnotamuffin,1080,11312,3,3,158,922,heatherezell|maxb|thatsnotamuffin,3,1238,12234
hashicorp/vault,18573,apischan,152,1060,2,1,166,947,maxb,2,318,2007
hashicorp/vault,18570,rjhornsby,376,2531,0,0,0,0,,1,376,2531
hashicorp/vault,18567,noahehall,759,6092,2,2,129,765,maxb|noahehall,2,888,6857
hashicorp/vault,18566,jacob-faber,359,2948,0,0,0,0,,1,359,2948
hashicorp/vault,18562,karelorigin,637,4300,0,0,0,0,,1,637,4300
hashicorp/vault,18560,maxb,951,6423,7,2,1470,8945,averche|maxb,2,2421,15368
hashicorp/vault,18559,maxb,349,2394,1,1,105,556,lursu,2,454,2950
hashicorp/vault,18555,noahehall,821,6439,1,1,17,84,noahehall,1,838,6523
hashicorp/vault,18552,rshiva777,425,3433,8,4,200,1187,bhargav2427|heatherezell|maxb|rshiva777,4,625,4620
hashicorp/vault,18551,noahehall,464,3398,4,2,551,4410,maxb|noahehall,2,1015,7808
hashicorp/vault,18550,noahehall,1329,9888,0,0,0,0,,1,1329,9888
hashicorp/vault,18525,maxb,177,1360,2,2,149,1127,maxb|yhyakuna,2,326,2487
hashicorp/vault,18511,maxb,20,116,5,4,168,873,VioletHynes|cipherboy|maxb|mcollao-hc,4,188,989
hashicorp/vault,18508,byunru,140,903,0,0,0,0,,1,140,903
hashicorp/vault,18507,maxb,155,929,3,2,129,620,cipherboy|maxb,2,284,1549
hashicorp/vault,18498,ameyp,619,4683,5,4,83,458,ameyp|fairclothjm|maxb|tyevil,4,702,5141
hashicorp/vault,18494,josegonzalez,194,1213,0,0,0,0,,1,194,1213
hashicorp/vault,18491,alifiroozi80,863,8006,4,2,187,1442,alifiroozi80|saintmalik,2,1050,9448
hashicorp/vault,18488,maxb,44,285,0,0,0,0,,1,44,285
hashicorp/vault,18484,maxb,154,1055,2,1,80,754,maxb,1,234,1809
hashicorp/vault,18464,liorazroel,62,343,1,1,11,66,heatherezell,2,73,409
hashicorp/vault,18462,zamazan4ik,236,1457,0,0,0,0,,1,236,1457
hashicorp/vault,18461,2wistedd4life,52,344,1,1,22,109,heatherezell,2,74,453
hashicorp/vault,18460,LiJunBJZhu,66,1271,1,1,35,186,mickael-hc,2,101,1457
hashicorp/vault,18453,adamgrasso,391,2802,23,2,1702,12249,jasonodonnell|rossmohsenzadeh,3,2093,15051
hashicorp/vault,18438,noahehall,584,4262,0,0,0,0,,1,584,4262
hashicorp/vault,18435,aldelsa,157,1069,1,1,148,793,f4z3r,2,305,1862
hashicorp/vault,18433,GinoPane,86,588,2,2,84,574,VioletHynes|maxb,3,170,1162
hashicorp/vault,18400,briantist,243,1545,0,0,0,0,,1,243,1545
hashicorp/vault,18389,ingvarch,1999,15152,10,3,1137,6746,heatherezell|ingvarch|maxb,3,3136,21898
hashicorp/vault,18379,byunru,138,917,6,3,588,4090,byunru|heatherezell|maxb,3,726,5007
hashicorp/vault,18375,AdrienneCohea,75,457,8,5,848,4780,AdrienneCohea|bengaywins|jefferai|jorhett|remilapeyre,5,923,5237
hashicorp/vault,18359,ipaqmaster,241,1586,7,5,316,1883,aphorise|cwchristerw|ipaqmaster|maxb|nyetwurk,5,557,3469
hashicorp/vault,18361,MarkRx,94,588,6,4,242,1546,Monkeychip|heatherezell|tvoran|yhyakuna,5,336,2134
hashicorp/vault,18337,MarkRx,652,4257,3,3,246,1485,MarkRx|notjames|s7an-it,3,898,5742
hashicorp/vault,18323,heliobmartins,455,3330,15,4,1112,6754,benashz|ccapurso|heatherezell|heliobmartins,4,1567,10084
hashicorp/vault,18304,shaj13,460,3424,1,1,85,504,Kardi5,2,545,3928
hashicorp/vault,18293,jbenassi,104,661,1,1,41,255,tvoran,2,145,916
hashicorp/vault,18281,Great-Stone,159,1072,3,3,109,657,jsp-exhashi|kmworld|powhapki,4,268,1729
hashicorp/vault,18264,Kasama,212,1370,0,0,0,0,,1,212,1370
hashicorp/vault,18261,madianas21,129,863,0,0,0,0,,1,129,863
hashicorp/vault,18259,kaitaklam,187,1184,6,3,274,1523,cipherboy|raskchanky|stevendpclark,4,461,2707
hashicorp/vault,18258,maxb,584,3642,0,0,0,0,,1,584,3642
hashicorp/vault,18257,cldmstr,224,1439,19,9,1906,12327,MasterBroda|MueChr|UXabre|adrianlzt|brightgong|cldmstr|dhatri308|dhduvall|jtv8,9,2130,13766
hashicorp/vault,18252,alekhrj,666,5936,2,2,25,135,heatherezell|maxb,3,691,6071
hashicorp/vault,18251,alekhrj,617,4484,6,3,537,3228,alekhrj|heatherezell|maxb,3,1154,7712
hashicorp/vault,18250,hixichen,85,551,1,1,3,19,hixichen,1,88,570
hashicorp/vault,18248,xuwang,461,5336,2,2,1383,25836,stevendpclark|xuwang,2,1844,31172
hashicorp/vault,18242,RyanW8,150,903,0,0,0,0,,1,150,903
hashicorp/vault,18241,ArchiFleKs,490,3256,2,2,21,96,adis3421|art-niu,3,511,3352
hashicorp/vault,18237,dops-at,179,1129,1,1,257,1629,maxb,2,436,2758
hashicorp/vault,18236,maxforster1983,143,887,3,1,96,497,VioletHynes,2,239,1384
hashicorp/vault,18235,marknl,151,963,0,0,0,0,,1,151,963
hashicorp/vault,18226,itspngu,1199,7917,0,0,0,0,,1,1199,7917
hashicorp/vault,18224,amn,303,1801,5,4,1102,6486,amn|heatherezell|maxb|raskchanky,4,1405,8287
hashicorp/vault,18213,skibadmitriy,78,671,5,4,360,2156,Cajga|f4z3r|heatherezell|maxb,5,438,2827
hashicorp/vault,18212,tmanninger,635,6011,5,3,118,751,heatherezell|stevendpclark|tmanninger,3,753,6762
hashicorp/vault,18188,lucasscheepers,299,1788,5,4,290,1756,feresberbeche|lucasscheepers|maxb|raskchanky,4,589,3544
hashicorp/vault,18168,inflatador,203,1534,4,2,393,2412,inflatador|raskchanky,2,596,3946
hashicorp/vault,18165,allyunion,206,1179,0,0,0,0,,1,206,1179
hashicorp/vault,18164,robertdebock,357,2671,1,1,159,830,VioletHynes,2,516,3501
hashicorp/vault,18151,droslean,57,368,9,3,781,4934,droslean|raskchanky|stevendpclark,3,838,5302
hashicorp/vault,18150,Niba-nazar,247,1481,1,1,46,272,raskchanky,2,293,1753
hashicorp/vault,18148,aram535,93,535,1,1,82,454,raskchanky,2,175,989
hashicorp/vault,18142,rossmohsenzadeh,195,1209,1,1,42,255,raskchanky,2,237,1464
hashicorp/vault,18132,puppy61,54,405,3,3,170,1243,VioletHynes|maxb|raskchanky,4,224,1648
hashicorp/vault,18129,dmitrytretyakov,326,2085,0,0,0,0,,1,326,2085
hashicorp/vault,18123,aram535,68,374,5,2,401,2413,aram535|raskchanky,2,469,2787
hashicorp/vault,18120,xeivieni,294,1891,1,1,27,137,EvertonSA,2,321,2028
hashicorp/vault,18119,soumyadeep-paul-ibm,143,883,8,3,723,4400,cipherboy|maxb|soumyadeep-paul-ibm,3,866,5283
hashicorp/vault,18117,WatsongRB,5711,34787,10,4,2376,13668,WatsongRB|anthonyralston|banks|maxb,4,8087,48455
hashicorp/vault,18100,sbirl,165,1106,4,3,178,981,maxb|raskchanky|sbirl,3,343,2087
hashicorp/vault,18095,mr-karan,225,1388,1,1,49,285,mr-karan,1,274,1673
hashicorp/vault,18081,smrutimandal,104,604,3,3,110,632,VioletHynes|heatherezell|hghaf099,4,214,1236
hashicorp/vault,18072,AmanChh,241,1637,3,3,194,1108,hghaf099|maxb|raskchanky,4,435,2745
hashicorp/vault,18071,BHanq,237,1572,1,1,26,120,Monkeychip,2,263,1692
hashicorp/vault,18062,valli0x,227,2053,1,1,105,625,maxb,2,332,2678
hashicorp/vault,18061,voiprodrigo,291,1993,2,2,77,395,heatherezell|hghaf099,3,368,2388
hashicorp/vault,18060,boeboe,376,2376,3,2,870,4945,boeboe|cipherboy,2,1246,7321
hashicorp/vault,18034,nirvana-msu,157,871,2,1,158,932,hghaf099,2,315,1803
hashicorp/vault,18032,soumyadeep-paul-ibm,215,1307,1,1,57,334,cipherboy,2,272,1641
hashicorp/vault,18028,needToRoll,262,1512,2,2,181,1064,hghaf099|needToRoll,2,443,2576
hashicorp/vault,18024,jweissig,33,198,0,0,0,0,,1,33,198
hashicorp/vault,18014,Mitchell-Gant,328,2375,2,2,212,1260,austingebauer|dadav,3,540,3635
hashicorp/vault,18006,ddjain,860,6074,11,9,977,7629,ap-vishal|ddjain|heatherezell|hghaf099|maxb|mirkoszy|rcomanne|t0klian|wim-de-groot,9,1837,13703
hashicorp/vault,18004,dpedu,3690,22718,17,6,1785,10348,VioletHynes|agill17|dpedu|koen-venly|maxb|ncabatoff,6,5475,33066
hashicorp/vault,17987,reddy9694,88,485,4,4,268,1472,heatherezell|hghaf099|maxb|reddy9694,4,356,1957
hashicorp/vault,17953,aamkye,2064,13455,2,2,42,213,aamkye|oferchen,2,2106,13668
hashicorp/vault,17945,AdmiralNemo,262,1791,1,1,102,629,hghaf099,2,364,2420
hashicorp/vault,17939,verzth,70,406,4,4,117,621,argenta-quanto|haraldrudell|heatherezell|verzth,4,187,1027
hashicorp/vault,17923,abdusahin,390,2973,3,2,162,1264,austingebauer|heatherezell,3,552,4237
hashicorp/vault,17920,mhristof,684,5774,2,2,170,903,heatherezell|hghaf099,3,854,6677
hashicorp/vault,17918,nlang,397,3766,7,2,664,4309,cipherboy|nlang,2,1061,8075
hashicorp/vault,17905,johnsmartco,237,1465,3,2,63,424,ccapurso|johnsmartco,2,300,1889
hashicorp/vault,17900,matusb,314,2094,3,2,218,1256,hghaf099|matusb,2,532,3350
hashicorp/vault,17898,enspritz,306,2035,19,3,3041,21264,bradjoss|enspritz|raymonstah,3,3347,23299
hashicorp/vault,17889,jakehenak,131,894,4,4,387,2115,heatherezell|jakehenak|maxb|ncabatoff,4,518,3009
hashicorp/vault,17880,UchihaItachiSama,65,367,4,3,232,1326,UchihaItachiSama|heatherezell|maxb,3,297,1693
hashicorp/vault,17878,evitch,285,2033,2,2,433,2579,paxwell92|tomhjp,3,718,4612
hashicorp/vault,17874,uchanchlani,265,2117,1,1,27,175,uchanchlani,1,292,2292
hashicorp/vault,17873,denniswloo,532,4086,1,1,159,1009,ccapurso,2,691,5095
hashicorp/vault,17872,patcable,434,2589,2,1,28,169,patcable,1,462,2758
hashicorp/vault,17852,bmendric,379,2448,3,2,394,2365,bmendric|cipherboy,2,773,4813
hashicorp/vault,17847,valli0x,42,263,4,2,131,939,sgmiller|valli0x,2,173,1202
hashicorp/vault,17834,sdetoni,536,4419,4,2,206,1184,hashishaw|sdetoni,2,742,5603
hashicorp/vault,17820,wuchuxiong,275,2086,9,3,629,3979,maxb|ncabatoff|wuchuxiong,3,904,6065
hashicorp/vault,17819,darpham,82,585,20,19,374,2155,MoeidHeidari|Trenta27|catoja1107|chris-pryazhentsev|d0tmike|darpham|dude-maker|heatherezell|jbaskeen|mikaello|oelezra|pavel-semenchukov|piratetm|rkulla|ropapermaker|smling|threewordphrase|wsams|y3boy,19,456,2740
hashicorp/vault,17817,g-psantos,503,3171,7,6,236,1361,MaxDiOrio|alexisdondon|g-psantos|getsomebread|heatherezell|shanewhite97,6,739,4532
hashicorp/vault,17792,arusso,533,4346,9,4,751,4512,arusso|heatherezell|hghaf099|nsimons,4,1284,8858
hashicorp/vault,17791,Hondough,174,1169,0,0,0,0,,1,174,1169
hashicorp/vault,17771,yakatz,257,1867,2,2,86,448,mpalmi|yakatz,2,343,2315
hashicorp/vault,17764,acidprime,754,5284,3,3,248,1645,acidprime|ccapurso|mladlow,3,1002,6929
hashicorp/vault,17761,hrobertson,285,1914,0,0,0,0,,1,285,1914
hashicorp/vault,17754,valli0x,104,651,4,2,443,3654,ccapurso|valli0x,2,547,4305
hashicorp/vault,17741,Makhonya,138,868,0,0,0,0,,1,138,868
hashicorp/vault,17850,KosShutenko,192,1143,6,5,637,3862,KosShutenko|dhess|jawnsy|stevendpclark|tvoran,5,829,5005
hashicorp/vault,17738,davidcorrigan714,121,1000,5,3,284,1653,ccapurso|davidcorrigan714|tomhjp,3,405,2653
hashicorp/vault,17737,obourdon,637,4676,26,4,1949,11184,ArchiFleKs|ccapurso|ncabatoff|obourdon,4,2586,15860
hashicorp/vault,17735,rzimmerman,398,3114,0,0,0,0,,1,398,3114
hashicorp/vault,17733,dpedu,136,925,5,2,243,1442,ccapurso|dpedu,2,379,2367
hashicorp/vault,17723,enrico-e,213,1436,11,2,1435,10452,Zlaticanin|enrico-e,2,1648,11888
hashicorp/vault,17722,jorgemarey,173,1110,4,4,238,1440,AnthonyHerman|artur-borys1|jmthvt|tomhjp,5,411,2550
hashicorp/vault,17716,allyunion,48,370,2,2,132,755,cipherboy|maxb,3,180,1125
hashicorp/vault,17655,Shaeli,408,2433,7,3,2751,23102,Shaeli|cipherboy|stevendpclark,3,3159,25535
hashicorp/vault,17643,johanneswuerbach,2343,16686,0,0,0,0,,1,2343,16686
hashicorp/vault,17642,JNProtzman,326,2347,3,2,118,634,JNProtzman|cipherboy,2,444,2981
hashicorp/vault,17637,dovys,443,3210,1,1,131,837,ccapurso,2,574,4047
hashicorp/vault,17616,KAllan357,255,1560,0,0,0,0,,1,255,1560
hashicorp/vault,17614,heatherezell,5,24,0,0,0,0,,1,5,24
hashicorp/vault,17608,denmaddog,843,7551,7,4,152,787,atabacar|denmaddog|hashishaw|heatherezell,4,995,8338
hashicorp/vault,17584,MattIPv4,311,1956,9,6,1010,5959,MattIPv4|aphorise|ausfestivus|candlerb|greedybro|shivshav,6,1321,7915
hashicorp/vault,17583,hawleyOSU,333,2255,3,3,169,1012,hawleyOSU|hghaf099|john159753,3,502,3267
hashicorp/vault,17576,wxdao,209,1471,1,1,29,130,ccapurso,2,238,1601
hashicorp/vault,17560,bstraehle,34,272,0,0,0,0,,1,34,272
hashicorp/vault,17551,davidcorrigan714,186,1395,8,7,486,2894,aminubakori|davidcorrigan714|fancybear-dev|joliver|marvingfx|omarelsheekh|stevendpclark,7,672,4289
hashicorp/vault,17550,HenriBlacksmith,108,685,1,1,10,54,HenriBlacksmith,1,118,739
hashicorp/vault,17541,Smolsada,391,3079,0,0,0,0,,1,391,3079
hashicorp/vault,17527,sycured,259,1913,12,9,817,5602,Techno-wizard|adil-jeel|datnguyengurur|gibney-ronin|gildor478|heatherezell|stevendpclark|sycured|viperML,9,1076,7515
hashicorp/vault,17507,tledkov,210,1336,1,1,111,692,tledkov,1,321,2028
hashicorp/vault,17502,kristianLundkvist,658,5186,1,1,89,558,mpalmi,2,747,5744
hashicorp/vault,17495,assiakhateeb,81,466,1,1,101,536,heatherezell,2,182,1002
hashicorp/vault,17489,dngray,37,230,3,3,147,752,cipherboy|dngray|mpalmi,3,184,982
hashicorp/vault,17475,ajpauwels,300,1796,2,2,73,593,SoundGoof|bluecmd,3,373,2389
hashicorp/vault,17470,justsem,398,2589,9,2,5190,41922,justsem|mpalmi,2,5588,44511
hashicorp/vault,17451,sycured,173,1102,1,1,76,422,hghaf099,2,249,1524
hashicorp/vault,17441,nivedita-p,362,2309,13,11,1110,6369,Smithx10|apenadiazApk|con-f-use|gee456|heatherezell|hghaf099|ipaqmaster|jeverett1522|oyvsi|ston1th|toothyc,12,1472,8678
hashicorp/vault,17425,76creates,164,1004,1,1,54,277,heatherezell,2,218,1281
hashicorp/vault,17423,ceseuron,546,4007,0,0,0,0,,1,546,4007
hashicorp/vault,17416,ianferguson,370,2369,0,0,0,0,,1,370,2369
hashicorp/vault,17402,valli0x,56,421,2,1,82,508,mpalmi,2,138,929
hashicorp/vault,17389,KarlKatz,438,3057,7,6,502,2956,KarlKatz|chris-burn-phocas|hghaf099|mpalmi|petrasl1976|portnoy,6,940,6013
hashicorp/vault,17383,MinDBreaK,213,1775,1,1,10,62,zofskeez,2,223,1837
hashicorp/vault,17360,DirkWi,202,1256,1,1,51,281,heatherezell,2,253,1537
hashicorp/vault,17359,shaj13,340,2272,2,2,186,1187,cipherboy|kitography,3,526,3459
hashicorp/vault,17358,dr4Ke,325,2133,7,4,605,4627,dr4Ke|froque|heatherezell|nix-power,4,930,6760
hashicorp/vault,17357,shaj13,279,1838,6,2,549,3279,ncabatoff|shaj13,2,828,5117
hashicorp/vault,17356,skabashnyuk,247,1592,8,3,631,3785,cipherboy|heatherezell|skabashnyuk,3,878,5377
hashicorp/vault,17355,ileeds,433,2788,1,1,57,326,zofskeez,2,490,3114
hashicorp/vault,17346,james-lawrence,258,1579,4,2,130,730,james-lawrence|mpalmi,2,388,2309
hashicorp/vault,17344,chris-edwards-pub,118,687,3,3,58,326,Akhofreeze|Tommo56700|abhi0698,4,176,1013
hashicorp/vault,17329,hennadii2012,430,3528,2,2,96,567,hennadii2012|hghaf099,2,526,4095
hashicorp/vault,17326,estokes-vs,215,1186,0,0,0,0,,1,215,1186
hashicorp/vault,17325,DGKolev,170,1077,3,3,94,516,Monkeychip|draggeta|lato333,4,264,1593
hashicorp/vault,17324,camaeel,413,3106,3,2,134,775,camaeel|mpalmi,2,547,3881
hashicorp/vault,17315,brizzbuzz,281,2006,0,0,0,0,,1,281,2006
hashicorp/vault,17313,phamrak,369,2416,6,3,1444,15046,Jwy-jump|cipherboy|phamrak,3,1813,17462
hashicorp/vault,17306,fitz123,276,1757,2,2,26,174,cipherboy|fitz123,2,302,1931
hashicorp/vault,17253,bstraehle,67,465,1,1,4,23,mpalmi,2,71,488
hashicorp/vault,17250,fox-md,601,5265,6,5,774,5147,andrewmbenton|fox-md|maxb|mpalmi|rootsami,5,1375,10412
hashicorp/vault,17246,eravindar12,97,658,4,4,201,1139,alisher-matkurbanov|heatherezell|mpalmi|refaelb,5,298,1797
hashicorp/vault,17226,junnplus,195,1253,5,4,241,1553,dmsergeevN26|junnplus|tbjers|xom4ek,4,436,2806
hashicorp/vault,17225,RVink,213,1399,1,1,91,573,andydix70,2,304,1972
hashicorp/vault,17221,hagarz,166,1160,2,2,164,1165,ccapurso|ms140569,3,330,2325
hashicorp/vault,17216,alok183,263,1782,2,2,75,475,alok183|mpalmi,2,338,2257
hashicorp/vault,17193,mew1033,132,741,0,0,0,0,,1,132,741
hashicorp/vault,17189,devbobo8,175,1099,0,0,0,0,,1,175,1099
hashicorp/vault,17166,const-tmp,1308,9445,5,3,2055,16238,Planokur|const-tmp|mpalmi,3,3363,25683
hashicorp/vault,17158,plusiv,450,4151,2,2,129,1869,ncabatoff|plusiv,2,579,6020
hashicorp/vault,17147,sosiskin2000,233,1456,3,2,126,744,mpalmi|sosiskin2000,2,359,2200
hashicorp/vault,17144,bmendric,598,4208,5,2,153,806,bmendric|heatherezell,2,751,5014
hashicorp/vault,17130,soumyadeep-paul-ibm,633,4554,9,6,936,6260,fritz0011|jDmacD|maxb|nordicmachine|onefourfive|soumyadeep-paul-ibm,6,1569,10814
hashicorp/vault,17129,ethan256,54,306,1,1,39,241,heatherezell,2,93,547
hashicorp/vault,17123,zachfi,427,2775,3,2,150,938,kstinster|zachfi,2,577,3713
hashicorp/vault,17119,colin-pm,570,3769,2,2,48,236,heatherezell|raskchanky,3,618,4005
hashicorp/vault,17117,stuartpurgavie,373,2378,0,0,0,0,,1,373,2378
hashicorp/vault,17115,colin-pm,307,1916,1,1,55,387,heatherezell,2,362,2303
hashicorp/vault,17114,theory,310,2299,3,3,89,519,cipherboy|pschulten|skabashnyuk,4,399,2818
hashicorp/vault,17113,astapelfeld,414,2837,0,0,0,0,,1,414,2837
hashicorp/vault,17112,francogu,254,1524,4,3,102,579,francogu|matrix-spec|mpalmi,3,356,2103
hashicorp/vault,17111,lgrawet,318,2385,2,2,47,255,lgrawet|ncabatoff,2,365,2640
hashicorp/vault,17110,luke-clifton,93,496,1,1,25,162,luke-clifton,1,118,658
hashicorp/vault,17109,fatindeed,164,1088,1,1,87,542,ebuildy,2,251,1630
hashicorp/vault,17108,luke-clifton,142,963,0,0,0,0,,1,142,963
hashicorp/vault,17107,colin-pm,519,3883,1,1,30,141,colin-pm,1,549,4024
hashicorp/vault,17100,cleboo,1337,12451,11,4,1560,9129,antonspcp|cleboo|ghost|heatherezell,4,2897,21580
hashicorp/vault,17090,AnthonyHerman,1187,9305,3,1,462,3074,aphorise,2,1649,12379
hashicorp/vault,17064,Angelote2022,473,3737,1,1,101,630,stevendpclark,2,574,4367
hashicorp/vault,17063,sabarisankarj,318,2799,2,2,102,569,cipherboy|sabarisankarj,2,420,3368
hashicorp/vault,17056,alok183,260,1997,1,1,92,586,stevendpclark,2,352,2583
hashicorp/vault,17044,kashak88,474,4594,3,1,68,369,kashak88,1,542,4963
hashicorp/vault,17022,vktrrdk,364,2403,7,5,204,1047,dennisme|heatherezell|hellobontempo|macmiranda|voiprodrigo,6,568,3450
hashicorp/vault,17016,reyyzzy,219,1458,6,3,450,2454,Dorra-B|aphorise|heatherezell,4,669,3912
hashicorp/vault,17014,aqua777,572,4143,16,3,2525,16183,UUIDNIE|aqua777|raskchanky,3,3097,20326
hashicorp/vault,17013,DocEmmetBrown,466,3864,3,2,95,586,hghaf099|maxb,3,561,4450
hashicorp/vault,17012,timurkhisamov,442,4094,4,2,171,1046,VioletHynes|zombiezen,3,613,5140
hashicorp/vault,17006,tianhaopx,834,7739,0,0,0,0,,1,834,7739
hashicorp/vault,17004,eikenb,109,710,5,2,524,3051,cipherboy|eikenb,2,633,3761
hashicorp/vault,17002,neo3matrix,440,3072,16,6,1757,12041,maxb|moshiaiz|neo3matrix|tlb1galaxy|tunchamroeun|white-eagle-83,6,2197,15113
hashicorp/vault,16973,mayankmike86,146,957,2,2,118,674,aphorise|heatherezell,3,264,1631
hashicorp/vault,16955,eightseventhreethree,499,3702,2,2,38,230,eightseventhreethree|zofskeez,2,537,3932
hashicorp/vault,16928,xueshanf,557,4778,12,6,803,4789,eliottcassidy2000|gnugnug|jonnyt|mpalmi|pat-s|xueshanf,6,1360,9567
hashicorp/vault,16919,weichuliu,478,2961,3,3,165,952,heatherezell|ncabatoff|weichuliu,3,643,3913
hashicorp/vault,16870,theory,279,2037,7,5,268,1935,AnPucel|SebastienTolron|digivava|driftingaway86|theory,5,547,3972
hashicorp/vault,16864,petr-balogh,165,1262,4,3,362,2666,heatherezell|romunov|sguarin,4,527,3928
hashicorp/vault,16829,Kloppi313,174,1202,3,2,52,313,Kloppi313|thiskevinwang,2,226,1515
hashicorp/vault,16820,ndlanier,142,929,0,0,0,0,,1,142,929
hashicorp/vault,16810,juliantaylor,450,3488,6,3,227,1330,cipherboy|juliantaylor|stevendpclark,3,677,4818
hashicorp/vault,16791,ashokgadeking,178,1049,0,0,0,0,,1,178,1049
hashicorp/vault,16790,Ais8Ooz8,175,1171,1,1,6,31,Ais8Ooz8,1,181,1202
hashicorp/vault,16788,prologic,333,2371,5,4,92,493,amirrmonfared|aphorise|bgshri|prologic,4,425,2864
hashicorp/vault,16786,jsalatiel,95,586,1,1,9,58,pdecat,2,104,644
hashicorp/vault,16782,nathkn,398,2961,1,1,38,207,kitography,2,436,3168
hashicorp/vault,16778,siepkes,203,1221,4,2,364,2449,austingebauer|siepkes,2,567,3670
hashicorp/vault,16750,hack-char,450,3551,0,0,0,0,,1,450,3551
hashicorp/vault,16733,sabarisankarj,196,1382,4,2,334,2105,cipherboy|sabarisankarj,2,530,3487
hashicorp/vault,16720,the-maldridge,298,1804,0,0,0,0,,1,298,1804
hashicorp/vault,16719,luke-clifton,183,1166,1,1,13,72,luke-clifton,1,196,1238
hashicorp/vault,16718,barbsicle,392,2797,2,2,44,226,barbsicle|hellobontempo,2,436,3023
hashicorp/vault,16717,thequailman,64,437,0,0,0,0,,1,64,437
hashicorp/vault,16712,uubk,193,1249,0,0,0,0,,1,193,1249
hashicorp/vault,16685,Cajga,409,2740,2,2,126,665,Cajga|Tarang,2,535,3405
hashicorp/vault,16682,khoale1605,134,893,1,1,101,677,tvoran,2,235,1570
hashicorp/vault,16667,mmauro-ez,257,1717,7,4,553,3391,cipherboy|dosfslib|mmauro-ez|schultz-is,4,810,5108
hashicorp/vault,16663,ambis,202,1196,9,5,866,5564,VioletHynes|ambis|bullno1|kalote|quinten1333,5,1068,6760
hashicorp/vault,16661,swenson,13,76,0,0,0,0,,1,13,76
hashicorp/vault,16656,swenson,13,79,0,0,0,0,,1,13,79
hashicorp/vault,16639,vpedosyuk,487,3636,6,4,334,2355,aphorise|ccapurso|jdgoins|vpedosyuk,4,821,5991
hashicorp/vault,16637,ammarzuberi,112,666,4,3,73,440,HomeOfTheWizard|VioletHynes|ammarzuberi,3,185,1106
hashicorp/vault,16635,michaelkot,432,2906,1,1,10,50,michaelkot,1,442,2956
hashicorp/vault,16610,susam,1040,7211,2,2,54,271,heatherezell|raskchanky,3,1094,7482
hashicorp/vault,16604,chrisvanmeer,315,2240,2,1,21,106,chrisvanmeer,1,336,2346
hashicorp/vault,16603,micborens,533,4584,2,2,49,273,aphorise|micborens,2,582,4857
hashicorp/vault,16602,harrycis,223,1480,0,0,0,0,,1,223,1480
hashicorp/vault,16591,jatinkumarpatel,354,2505,4,2,216,1311,jatinkumarpatel|stevendpclark,2,570,3816
hashicorp/vault,16587,ghost,73,518,5,3,262,1651,Anil10Kulkarni|aphorise|heatherezell,4,335,2169
hashicorp/vault,16585,cmdrrobin,500,4062,5,3,651,4663,cmdrrobin|kitography|schultz-is,3,1151,8725
hashicorp/vault,16577,JDurstberger,104,589,3,2,66,375,JDurstberger|austingebauer,2,170,964
hashicorp/vault,16552,georgethebeatle,274,1732,1,1,22,124,HridoyRoy,2,296,1856
hashicorp/vault,16544,PaulLol,57,402,1,1,40,220,ccapurso,2,97,622
hashicorp/vault,16542,eravindar12,191,1187,1,1,96,597,eravindar12,1,287,1784
hashicorp/vault,16529,rmartinez-dasnano,266,1886,1,1,65,370,cipherboy,2,331,2256
hashicorp/vault,16527,zoezhangmattr,193,1152,2,1,162,881,zoezhangmattr,1,355,2033
hashicorp/vault,16513,danielraq,110,705,0,0,0,0,,1,110,705
hashicorp/vault,16512,denmaddog,843,7557,5,3,200,1136,aphorise|denmaddog|maxb,3,1043,8693
hashicorp/vault,16488,johanneswuerbach,338,2281,2,2,319,1993,astromechza|ncabatoff,3,657,4274
hashicorp/vault,16486,timotheencl,305,1858,2,1,70,376,mpalmi,2,375,2234
hashicorp/vault,16483,Dentrax,214,1551,1,1,174,1116,averche,2,388,2667
hashicorp/vault,16465,faseyiks,627,5165,6,4,243,1434,Zlaticanin|benashz|calvn|heatherezell,5,870,6599
hashicorp/vault,16462,iul1an,736,6230,0,0,0,0,,1,736,6230
hashicorp/vault,16461,dmitriy-moiseev,599,4379,6,3,372,2267,cipherboy|nehatomar12|sgmiller,4,971,6646
hashicorp/vault,16458,KaevonD,17,98,0,0,0,0,,1,17,98
hashicorp/vault,16449,Suselz,85,581,2,1,41,220,austingebauer,2,126,801
hashicorp/vault,16448,valli0x,79,588,3,2,59,408,ccapurso|valli0x,2,138,996
hashicorp/vault,16439,7fELF,806,8201,25,6,3384,21426,7fELF|Freyert|aphorise|heatherezell|mladlow|peteski22,6,4190,29627
hashicorp/vault,16437,Davent4408,182,1199,0,0,0,0,,1,182,1199
hashicorp/vault,16424,vijayscsa,258,1849,7,4,1090,7398,HridoyRoy|cipherboy|heatherezell|vijayscsa,4,1348,9247
hashicorp/vault,16423,Oleksii-Melnyk-UA,195,1136,3,3,194,1190,Oleksii-Melnyk-UA|ccapurso|jepio,3,389,2326
hashicorp/vault,16419,ksa-real,207,1265,2,2,1274,7430,ksa-real|maxb,2,1481,8695
hashicorp/vault,16408,3nprob,45,230,3,2,210,1155,3nprob|heatherezell,2,255,1385
hashicorp/vault,16391,sylr,694,5582,6,5,449,2594,NagenderPulluri|heatherezell|maxb|mschultz-aofl|sylr,5,1143,8176
hashicorp/vault,16385,tam116,197,1234,6,6,76,397,chris-burn-phocas|elopsod|erikpartila|hellobontempo|lahiruperamune|tibuntu,7,273,1631
hashicorp/vault,16376,valli0x,114,889,6,2,298,1648,ncabatoff|valli0x,2,412,2537
hashicorp/vault,16369,bmendric,633,3874,3,3,166,998,Monkeychip|hashishaw|hellobontempo,4,799,4872
hashicorp/vault,16367,marcellanz,226,1381,2,2,55,337,rcaillon-Iliad|stevendpclark,3,281,1718
hashicorp/vault,16350,ianferguson,422,2980,0,0,0,0,,1,422,2980
hashicorp/vault,16335,DemiMarie,150,929,2,2,656,3970,DemiMarie|cipherboy,2,806,4899
hashicorp/vault,16325,bvollmerOT,227,1388,0,0,0,0,,1,227,1388
hashicorp/vault,16322,andreas-p,60,320,3,3,138,750,andreas-p|heatherezell|maxb,3,198,1070
hashicorp/vault,16319,manhtukhang,36,280,1,1,10,64,austingebauer,2,46,344
hashicorp/vault,16318,DemiMarie,138,910,2,2,210,1201,cipherboy|othouvou,3,348,2111
hashicorp/vault,16316,DemiMarie,81,566,3,3,186,1065,DemiMarie|harningt|sgmiller,3,267,1631
hashicorp/vault,16315,DemiMarie,130,855,2,2,52,357,DemiMarie|maxb,2,182,1212
hashicorp/vault,16311,bluebrown,97,538,1,1,73,511,bluebrown,1,170,1049
hashicorp/vault,16308,trodemaster,809,5427,7,2,924,5451,VioletHynes|trodemaster,2,1733,10878
hashicorp/vault,16307,bogaertg,354,3188,2,2,55,307,aphorise|teddylear,3,409,3495
hashicorp/vault,16306,adimitris,66,468,0,0,0,0,,1,66,468
hashicorp/vault,16305,r3nic1e,154,947,1,1,51,286,heatherezell,2,205,1233
hashicorp/vault,16300,ghost,92,516,7,4,739,4204,anmolsaini-hpe|heatherezell|maxb|wvh,5,831,4720
hashicorp/vault,16295,ausmartway,293,2247,1,1,18,100,linda9379,2,311,2347
hashicorp/vault,16294,mschultz-aofl,332,2390,4,2,1474,11677,mschultz-aofl|stevendpclark,2,1806,14067
hashicorp/vault,16287,rwong2888,522,3344,3,2,120,738,bzupnick|rwong2888,2,642,4082
hashicorp/vault,16286,fhitchen,102,652,10,2,736,4690,Zlaticanin|fhitchen,2,838,5342
hashicorp/vault,16282,ChrisJBurns,219,1679,1,1,1,2,vring0,2,220,1681
hashicorp/vault,16275,kr-143,279,1731,2,1,39,208,cipherboy,2,318,1939
hashicorp/vault,16268,omelnyk1,200,1315,2,2,97,557,andreluiznsilva|jpoley,3,297,1872
hashicorp/vault,16266,the-maldridge,582,4414,4,3,112,602,ArchiFleKs|kencx|the-maldridge,3,694,5016
hashicorp/vault,16258,valli0x,53,404,4,4,292,1731,Imomoi|calvn|ncabatoff|valli0x,4,345,2135
hashicorp/vault,16257,rohitranjan1991,212,1487,12,9,1250,7904,IngCr3at1on|KosShutenko|densnoigaskogen|heatherezell|maradwan|maxb|rohitranjan1991|sgmiller|shoootyou,9,1462,9391
hashicorp/vault,16256,qhenkart,429,2634,3,2,85,484,qhenkart|sgmiller,2,514,3118
hashicorp/vault,16255,martin31821,270,1648,2,2,83,474,Jasper-Ben|ygersie,3,353,2122
hashicorp/vault,16252,tmekaumput,1071,7450,0,0,0,0,,1,1071,7450
hashicorp/vault,16241,YoniPrv,154,1328,5,3,54,311,BornToBeRoot|cacharle|maxb,4,208,1639
hashicorp/vault,16238,NSenaud,215,1588,1,1,45,233,ccapurso,2,260,1821
hashicorp/vault,16237,t-davies,381,2439,2,2,31,174,stevendpclark|t-davies,2,412,2613
hashicorp/vault,16230,johnalotoski,354,2512,4,2,225,1597,jasonodonnell|johnalotoski,2,579,4109
hashicorp/vault,16229,ilyaluk,539,5028,0,0,0,0,,1,539,5028
hashicorp/vault,16228,tmekaumput,631,4826,1,1,20,113,heatherezell,2,651,4939
hashicorp/vault,16223,467892746,34,218,2,2,173,933,467892746|VioletHynes,2,207,1151
hashicorp/vault,16222,raffaelespazzoli,226,1482,9,3,1430,8499,f4z3r|raffaelespazzoli|tvoran,3,1656,9981
hashicorp/vault,16217,rhysxevans,111,726,2,2,56,354,ccapurso|rhys-evans,3,167,1080
hashicorp/vault,16216,Arustinal,240,1868,0,0,0,0,,1,240,1868
hashicorp/vault,16203,jnapl1,535,3503,23,4,11942,65404,cipherboy|heatherezell|jnapl1|maxb,4,12477,68907
hashicorp/vault,16201,nwmqpa,377,2773,2,2,50,238,VioletHynes|geekofalltrades,3,427,3011
hashicorp/vault,16183,shoeffner,895,5359,1,1,328,2144,shoeffner,1,1223,7503
hashicorp/vault,16168,binacloud,865,6398,6,6,346,2262,a14m|maxb|sgmiller|sinisterstumble|smrutimandal|vini-gorillas,7,1211,8660
hashicorp/vault,16159,chrism417,896,9472,2,2,86,462,maxb|mpalmi,3,982,9934
hashicorp/vault,16158,erhlee-bird,621,6526,2,2,239,2136,erhlee-bird|heatherezell,2,860,8662
hashicorp/vault,16151,SimonXming,1239,13469,5,5,273,1524,SimonXming|VioletHynes|evanchaoli|heatherezell|ncabatoff,5,1512,14993
hashicorp/vault,16148,lincolnmantracer,407,3167,4,4,111,708,Shocktrooper|ncabatoff|sfabara|zboralski,5,518,3875
hashicorp/vault,16138,WeWebsterchen,586,4461,5,4,280,1560,WeWebsterchen|heatherezell|maxb|sgmiller,4,866,6021
hashicorp/vault,16134,siepkes,243,1443,15,8,926,5622,adampl|alexleach|austingebauer|jeffmccune|marshallford|mateuszmidor|siepkes|zagnafeynt,8,1169,7065
hashicorp/vault,16133,edtshuma,470,3581,1,1,29,175,maxb,2,499,3756
hashicorp/vault,16123,evarganov,361,3239,3,3,111,695,HridoyRoy|heatherezell|maxb,4,472,3934
hashicorp/vault,16122,tirelibirefe,64,435,3,3,57,314,heatherezell|maxb|tirelibirefe,3,121,749
hashicorp/vault,16106,Thunderbottom,526,4083,2,2,176,953,Thunderbottom|robmonte,2,702,5036
hashicorp/vault,16104,packageman,703,5075,6,3,387,2179,heatherezell|packageman|raskchanky,3,1090,7254
hashicorp/vault,16102,qlaut,400,2486,4,2,162,835,boldandbusted|raskchanky,3,562,3321
hashicorp/vault,16078,korcadr,222,1491,0,0,0,0,,1,222,1491
hashicorp/vault,16076,BasmehSabeer,52,343,0,0,0,0,,1,52,343
hashicorp/vault,16062,skabashnyuk,163,1232,0,0,0,0,,1,163,1232
hashicorp/vault,16061,lmilbaum,99,634,5,2,284,1540,heatherezell|lmilbaum,2,383,2174
hashicorp/vault,16060,maxb,98,581,15,2,3310,19652,cipherboy|maxb,2,3408,20233
hashicorp/vault,16057,maxb,169,994,5,3,973,5605,cipherboy|maxb|stevendpclark,3,1142,6599
hashicorp/vault,16035,rakibulhossain,659,6244,6,3,468,2742,maxb|rakibulhossain|raskchanky,3,1127,8986
hashicorp/vault,16033,Jasper-Ben,858,10077,1,1,15,100,Jasper-Ben,1,873,10177
hashicorp/vault,16031,sjoel,158,1023,3,2,74,419,maxb|raskchanky,3,232,1442
hashicorp/vault,16011,wirdman,33,264,1,1,8,44,cipherboy,2,41,308
hashicorp/vault,16010,0xArKrant,554,4245,16,7,9048,62009,0xArKrant|cipherboy|eliottcassidy2000|exnerd|ncabatoff|raskchanky|tomerguttman,7,9602,66254
hashicorp/vault,15988,n3ph,414,3769,9,3,976,5751,Freyert|austingebauer|n3ph,3,1390,9520
hashicorp/vault,15951,ReeceBlack123,92,574,6,3,621,3763,ReeceBlack123|maxb|raskchanky,3,713,4337
hashicorp/vault,15942,rchench,472,3965,2,2,66,392,maxb|rchench,2,538,4357
hashicorp/vault,15932,sksingh20,516,3981,6,3,668,4124,maxb|raskchanky|sksingh20,3,1184,8105
hashicorp/vault,15899,mrthota,549,4596,2,2,170,885,heatherezell|raskchanky,3,719,5481
hashicorp/vault,15846,reddy9694,111,680,4,3,212,1235,dopheide-esnet|maxb|reddy9694,3,323,1915
hashicorp/vault,15780,patjones,498,4254,3,2,356,1931,heatherezell|patjones,2,854,6185
hashicorp/vault,15779,vr333dev,167,1029,2,2,83,501,cipherboy|vr333dev,2,250,1530
hashicorp/vault,15776,rushi47,256,1461,2,2,91,540,AnPucel|rushi47,2,347,2001
hashicorp/vault,15752,FireDrunk,166,1399,1,1,61,417,FireDrunk,1,227,1816
hashicorp/vault,15746,shwuandwing,202,1267,0,0,0,0,,1,202,1267
hashicorp/vault,15740,ghost,282,1760,5,5,429,2733,Eregrith|ghost|hashishaw|maxb|ritikBhandari,5,711,4493
hashicorp/vault,15725,njegosrailic,840,6808,7,3,1004,6254,VioletHynes|jasonodonnell|njegosrailic,3,1844,13062
hashicorp/vault,15724,tobgu,286,1669,2,1,76,453,stormshield-gt,2,362,2122
hashicorp/vault,15707,godvaser,431,2685,4,2,250,1653,godvaser|heatherezell,2,681,4338
hashicorp/vault,15690,chris93111,450,3777,1,1,26,146,chris93111,1,476,3923
hashicorp/vault,15689,pieter-lautus,329,3657,1,1,89,571,cipherboy,2,418,4228
hashicorp/vault,15688,lawliet89,309,2032,6,4,254,1385,VioletHynes|heatherezell|lawliet89|raskchanky,4,563,3417
hashicorp/vault,15680,shujun10086,665,4267,7,3,276,1505,maxb|sathuish|shujun10086,3,941,5772
hashicorp/vault,15678,melkorm,160,1289,0,0,0,0,,1,160,1289
hashicorp/vault,15677,danmasta,406,2743,4,3,71,399,danmasta|heatherezell|maxb,3,477,3142
hashicorp/vault,15676,XDjackieXD,252,1669,4,2,284,1497,XDjackieXD|akshya96,2,536,3166
hashicorp/vault,15661,remilapeyre,365,2176,2,2,102,583,heatherezell|remilapeyre,2,467,2759
hashicorp/vault,15660,cjconrad2,295,1787,7,7,163,916,amora-hc|cjconrad2|deckjockey|eg-chdev|gary-hopkins-listrak|heatherezell|shayd3,7,458,2703
hashicorp/vault,15659,siepkes,538,3151,2,2,62,351,austingebauer|fairclothjm,3,600,3502
hashicorp/vault,15641,rbayerl,27,139,2,2,93,510,kpenfound|rbayerl,2,120,649
hashicorp/vault,15639,bhmj,96,585,0,0,0,0,,1,96,585
hashicorp/vault,15596,addreas,89,621,5,2,686,4051,addreas|cipherboy,2,775,4672
hashicorp/vault,15594,weichuliu,67,437,0,0,0,0,,1,67,437
hashicorp/vault,15591,byronicle,581,3921,0,0,0,0,,1,581,3921
hashicorp/vault,15570,drskalman,314,2135,3,3,177,965,drskalman|heatherezell|maxb,3,491,3100
hashicorp/vault,15534,mstrYoda,74,446,5,3,509,3128,Mercanuis|cipherboy|mstrYoda,3,583,3574
hashicorp/vault,15532,dataO1,348,2428,8,5,615,4077,ProbstenHias|aphorise|cipherboy|dataO1|maxb,5,963,6505
hashicorp/vault,15508,cedricfeist,125,944,3,3,159,1047,heatherezell|maxb|ncabatoff,4,284,1991
hashicorp/vault,15501,I-B-CC,94,556,1,1,189,1064,VinnyHC,2,283,1620
hashicorp/vault,15492,ichasco-heytrade,74,512,4,3,213,1209,HridoyRoy|heatherezell|ichasco-heytrade,3,287,1721
hashicorp/vault,15490,maxb,229,1424,14,9,742,4493,anguswilliams|craftey|dops-at|g-psantos|heatherezell|maxb|sgmiller|solutiongeek|yhyakuna,9,971,5917
hashicorp/vault,15489,zohebs341,111,699,1,1,140,1021,zohebs341,1,251,1720
hashicorp/vault,15488,prbinu,533,3808,5,5,983,7424,cipherboy|jlrcontegix|juresaht2|prbinu|vmhuy99,5,1516,11232
hashicorp/vault,15461,waptaff,191,1319,0,0,0,0,,1,191,1319
hashicorp/vault,15448,alok183,475,3794,4,2,229,1511,alok183|heatherezell,2,704,5305
hashicorp/vault,15436,localhorst-org,1936,13766,1,1,39,198,heatherezell,2,1975,13964
hashicorp/vault,15433,Preen,73,426,1,1,21,120,heatherezell,2,94,546
hashicorp/vault,15431,ravikantsirsat,74,585,1,1,56,358,heatherezell,2,130,943
hashicorp/vault,15430,vsaha15,232,1456,8,4,343,1992,Tarasovych|bharatgovindaradjou|heatherezell|msvticket,5,575,3448
hashicorp/vault,15421,christianbrescia,233,1410,1,1,189,1076,austingebauer,2,422,2486
hashicorp/vault,15393,aphorise,185,1204,4,3,102,604,VioletHynes|heatherezell|taoism4504,4,287,1808
hashicorp/vault,15390,tim-sendible,435,2767,8,6,554,3489,hamza-alzaatreh|rodosskiand|tim-sendible|tomhjp|tsaarni|tstraley,6,989,6256
hashicorp/vault,15389,RyanW8,718,6191,0,0,0,0,,1,718,6191
hashicorp/vault,15381,utkarsh079,422,4093,1,1,23,130,jsluck,2,445,4223
hashicorp/vault,15370,dkade,460,3296,3,2,138,748,dkade|maxb,2,598,4044
hashicorp/vault,15368,DawidDlubek-TomTom,239,1684,6,2,1082,7023,DawidDlubek-TomTom|maxb,2,1321,8707
hashicorp/vault,15367,ravikantsirsat,258,2008,4,2,233,1267,heatherezell|ravikantsirsat,2,491,3275
hashicorp/vault,15366,kholisrag,220,1358,0,0,0,0,,1,220,1358
hashicorp/vault,15347,JanMa,476,3474,1,1,49,274,hellobontempo,2,525,3748
hashicorp/vault,15346,agrawalsmart7,112,616,1,1,62,320,heatherezell,2,174,936
hashicorp/vault,15337,bmendric,255,1598,1,1,9,54,heatherezell,2,264,1652
hashicorp/vault,15332,bmendric,263,1823,2,2,117,734,leviathanbadger|zachfi,3,380,2557
hashicorp/vault,15331,jhrcz-ls,480,3186,3,3,236,1772,HridoyRoy|jhrcz-ls|lenaing,3,716,4958
hashicorp/vault,15330,pieter-lautus,637,5210,7,5,348,2614,AlKapkone|Itiho|austingebauer|pieter-lautus|ricardosilva86,5,985,7824
hashicorp/vault,15317,Radcriminal,243,1415,1,1,10,71,Radcriminal,1,253,1486
hashicorp/vault,15313,krzwiatrzyk,196,1371,6,3,294,1719,VioletHynes|alplunge|n3ph,4,490,3090
hashicorp/vault,15311,zerkms,273,1797,17,7,951,5367,danmasta|heatherezell|iniinikoski|maxb|mttradebyte|tgmatt|zerkms,7,1224,7164
hashicorp/vault,15310,sycured,99,671,3,3,50,294,HridoyRoy|maxb|sycured,3,149,965
hashicorp/vault,15309,hussam123-lab,48,329,4,3,84,452,heatherezell|hussam123-lab|maxb,3,132,781
hashicorp/vault,15307,chuckyz,140,836,4,3,966,5995,averche|chuckyz|heatherezell,3,1106,6831
hashicorp/vault,15300,joeyberkovitz,138,944,6,4,808,5115,heatherezell|joeyberkovitz|taoism4504|yhyakuna,4,946,6059
hashicorp/vault,15299,rsommer,367,2618,2,2,43,256,heatherezell|rsommer,2,410,2874
hashicorp/vault,15258,maxb,130,823,10,10,968,7303,dtulnovgg|fancybear-dev|hardeepsingh3|heatherezell|icc-garciaju|maxb|mohsen-abbas|pmcatominey|tcdev0|zenrabbit007,10,1098,8126
hashicorp/vault,15252,maxb,179,1118,1,1,31,147,maxb,1,210,1265
hashicorp/vault,15251,t-davies,519,3710,12,10,1044,7497,Mayankgajpall|bencohen2|gtsopour|jerosa|modrake|raphaeldavidf|robertdebock|t-davies|tibo43|zachjang,10,1563,11207
hashicorp/vault,15223,lucadepaoli,289,1847,1,1,70,370,austingebauer,2,359,2217
hashicorp/vault,15222,smlgbl,388,2458,2,2,528,3331,smlgbl|tvoran,2,916,5789
hashicorp/vault,15221,s01u5,293,2351,7,5,296,1881,cipherboy|heatherezell|jdoss|maxb|ncabatoff,6,589,4232
hashicorp/vault,15212,lincolnmantracer,185,1165,2,2,120,700,lincolnmantracer|maxb,2,305,1865
hashicorp/vault,15210,fransguelinckx,443,3129,3,2,176,1007,fransguelinckx|ncabatoff,2,619,4136
hashicorp/vault,15209,candlerb,245,2338,5,3,643,5394,candlerb|ccapurso|cipherboy,3,888,7732
hashicorp/vault,15208,candlerb,210,1247,1,1,41,248,maxb,2,251,1495
hashicorp/vault,15207,D0wn3r,56,333,1,1,16,81,D0wn3r,1,72,414
hashicorp/vault,15201,sdenovan,622,4636,5,3,153,834,ccapurso|sdenova|sdenovan,3,775,5470
hashicorp/vault,15197,Goobaroo,796,5947,14,9,1323,8378,AidarGatin|Goobaroo|atefhaloui|ayk33|bhatikuldeep|kayumiman|maxb|ncabatoff|olwe0002,9,2119,14325
hashicorp/vault,15196,candlerb,565,3834,1,1,116,659,rhrlima,2,681,4493
hashicorp/vault,15177,dacamposol,414,2506,2,2,72,423,andre68723|hashishaw,3,486,2929
hashicorp/vault,15176,HyeonggonLee,188,1179,2,2,143,848,HyeonggonLee|heatherezell,2,331,2027
hashicorp/vault,15153,SudoSpartanDan,141,893,2,2,10,59,acocamitiga|framsouza,3,151,952
hashicorp/vault,15151,wskorodecki,167,1266,7,5,525,3158,dacamposol|heatherezell|maxb|raskchanky|wskorodecki,5,692,4424
hashicorp/vault,15148,huzz5991,525,4351,1,1,100,571,cipherboy,2,625,4922
hashicorp/vault,15147,arren-ru,380,2488,10,6,1842,11032,ccapurso|heatherezell|localhorst-org|marceloavilaoliveira|sjm42|tristanmorgan,7,2222,13520
hashicorp/vault,15124,rcjames,89,512,0,0,0,0,,1,89,512
hashicorp/vault,15112,levequej,129,721,2,2,194,1217,cognifloyd|levequej,2,323,1938
hashicorp/vault,15109,yxxhero,18,98,4,3,84,426,heatherezell|hennadii2012|yxxhero,3,102,524
hashicorp/vault,15108,hennadii2012,403,3281,5,3,130,699,danackerson|hennadii2012|ncabatoff,3,533,3980
hashicorp/vault,15107,mofakhar,142,871,1,1,26,144,AnPucel,2,168,1015
hashicorp/vault,15090,djzhh,61,335,1,1,191,1126,kitography,2,252,1461
hashicorp/vault,15089,evan361425,74,503,1,1,183,1540,kitography,2,257,2043
hashicorp/vault,15088,rcousens,509,3382,4,2,516,2971,aeekayy|rcousens,2,1025,6353
hashicorp/vault,15079,BrotherLavarius,99,697,3,3,217,1269,AnPucel|BrotherLavarius|maxb,3,316,1966
hashicorp/vault,15071,sergeylanzman,94,680,0,0,0,0,,1,94,680
hashicorp/vault,15070,maxb,263,1598,2,1,424,2532,maxb,1,687,4130
hashicorp/vault,15069,NegativeFeedback,104,670,0,0,0,0,,1,104,670
hashicorp/vault,15057,valli0x,148,1020,5,3,137,875,VinnyHC|ccapurso|valli0x,3,285,1895
hashicorp/vault,15050,jacobm3,165,946,1,1,28,145,jacobm3,1,193,1091
hashicorp/vault,15021,anthosz,219,1439,8,3,1274,8068,anthosz|aphorise|peteski22,3,1493,9507
hashicorp/vault,15020,lincolnmantracer,144,980,3,3,124,753,VinnyHC|abh|etiennelandais,4,268,1733
hashicorp/vault,14990,paalbra,253,1580,4,3,283,1587,AnPucel|heatherezell|paalbra,3,536,3167
hashicorp/vault,14989,candlerb,860,5059,10,8,434,2393,abexamir|candlerb|dhelms-bw|fairclothjm|fortis-lt|nia-potato|rpuserh|tavrez,8,1294,7452
hashicorp/vault,14987,Lyndom41,52,389,4,4,108,637,HridoyRoy|heatherezell|hghaf099|jon-armen,5,160,1026
hashicorp/vault,14986,candlerb,741,4712,1,1,2,12,fsdrw08,2,743,4724
hashicorp/vault,14981,maxb,154,939,3,2,86,486,AnPucel|heatherezell,3,240,1425
hashicorp/vault,14980,Pritamhars,104,614,8,3,987,6190,Pritamhars|heatherezell|schultz-is,3,1091,6804
hashicorp/vault,14971,millanie,378,2587,2,1,53,422,millanie,1,431,3009
hashicorp/vault,14952,yang8621,168,1053,6,2,356,2164,sebastiangajek|svenkata9,3,524,3217
hashicorp/vault,14944,cipherboy,387,2544,1,1,35,191,cipherboy,1,422,2735
hashicorp/vault,14934,aead,366,2415,4,3,449,2610,VinnyHC|aead|ncabatoff,3,815,5025
hashicorp/vault,14932,andersonfoppa,146,860,2,2,181,1064,iniinikoski|themantissa,3,327,1924
hashicorp/vault,14926,eikenb,126,777,2,2,163,1455,Mac2|nicklhw,3,289,2232
hashicorp/vault,14920,theJaxon,247,1809,2,2,191,1545,hghaf099|theJaxon,2,438,3354
hashicorp/vault,14901,luke-clifton,79,549,2,2,26,148,f4z3r|schultz-is,3,105,697
hashicorp/vault,14895,idimov-keeper,465,3011,7,3,412,2657,dfs-|heatherezell|idimov-keeper,3,877,5668
hashicorp/vault,14888,mrtaler,453,3245,1,1,434,2813,cipherboy,2,887,6058
hashicorp/vault,14917,rjhornsby,199,1211,7,4,514,2934,Amier3|aphorise|maxb|rjhornsby,4,713,4145
hashicorp/vault,14870,leovct,420,2677,3,2,72,392,leovct|schultz-is,2,492,3069
hashicorp/vault,14863,voanhduy1512,1186,7503,1,1,100,640,stevendpclark,2,1286,8143
hashicorp/vault,14862,tal-ayalon,192,1253,3,2,90,509,heatherezell|tal-ayalon,2,282,1762
hashicorp/vault,14833,candlerb,711,4579,20,7,2623,17897,RickyGrassmuck|Skybladev2|candlerb|chrishoffman|helicase-bzh|ncabatoff|welderpb,7,3334,22476
hashicorp/vault,14823,anxstj,533,3703,2,2,189,1037,anxstj|calvn,2,722,4740
hashicorp/vault,14783,kyvidmar,579,4111,2,2,118,742,raskchanky|stevendpclark,3,697,4853
hashicorp/vault,14782,christianbrescia,96,606,0,0,0,0,,1,96,606
hashicorp/vault,14781,jlestrada,600,3602,4,2,705,4270,calvn|jlestrada,2,1305,7872
hashicorp/vault,14777,thachnv92,109,623,2,2,227,1483,gemone|stevendpclark,3,336,2106
hashicorp/vault,14772,AlyRagab,71,470,1,1,19,108,cipherboy,2,90,578
hashicorp/vault,14750,pbriet,767,5725,6,2,554,3206,pbriet|stevendpclark,2,1321,8931
hashicorp/vault,14749,yashra,149,836,1,1,146,889,hashishaw,2,295,1725
hashicorp/vault,14731,Lyndom41,161,1078,1,1,41,231,stevendpclark,2,202,1309
hashicorp/vault,14727,awolde,319,2696,1,1,56,303,austingebauer,2,375,2999
hashicorp/vault,14726,chaoticryptidz,90,514,1,1,230,1527,csawyerYumaed,2,320,2041
hashicorp/vault,14724,nicolascb,133,922,2,1,49,271,averche,2,182,1193
hashicorp/vault,14696,ianferguson,365,2395,2,2,121,693,HridoyRoy|gonda-datadog,3,486,3088
hashicorp/vault,14671,braunsonm,360,2570,30,15,2313,15053,acortes-okode|austingebauer|braunsonm|driskell|heatherezell|iniinikoski|jeffmccune|klaphi|maxb|santachago|silentpete|tks98|xoxys|xskrasek|zofskeez,15,2673,17623
hashicorp/vault,14667,WhyJee,173,1226,5,3,110,681,WhyJee|heatherezell|ns-patanjalic,3,283,1907
hashicorp/vault,14666,oflannabhra,547,4166,9,8,229,1417,bencohen2|binvant|camtheperson|grajappan|heatherezell|ns-patanjalic|oflannabhra|tannydas,8,776,5583
hashicorp/vault,14660,grahamc,351,2264,1,1,328,1730,digivava,2,679,3994
hashicorp/vault,14656,ShriprasadM,261,1748,9,4,217,1165,Monkeychip|ShriprasadM|heatherezell|hellobontempo,4,478,2913
hashicorp/vault,14648,harsimranmaan,180,1107,4,3,156,873,Syntax3rror404|heatherezell|swayne275,4,336,1980
hashicorp/vault,14638,vlaurenzano,328,2165,2,2,74,417,averche|swayne275,3,402,2582
hashicorp/vault,14637,Torkolis,269,1801,1,1,223,1359,schultz-is,2,492,3160
hashicorp/vault,14635,harsimranmaan,335,2163,7,3,774,4384,harsimranmaan|raskchanky|swayne275,3,1109,6547
hashicorp/vault,14634,RafaelMontegordoFelix,601,4640,4,4,159,973,RafaelMontegordoFelix|abh|ajiteb|tvoran,4,760,5613
hashicorp/vault,14613,Mouad-B,247,1776,1,1,2,11,woodliu,2,249,1787
hashicorp/vault,14607,yee379,59,348,5,3,109,585,ClientIco|austingebauer|mwxp06,4,168,933
hashicorp/vault,14606,yee379,296,2109,2,2,99,581,austingebauer|yee379,2,395,2690
hashicorp/vault,14587,RemcoBuddelmeijer,413,2566,4,4,123,688,AtiwadkarAjinkya|Inveracity|aphorise|zofskeez,5,536,3254
hashicorp/vault,14570,rosmanov,158,1126,2,2,40,240,solutiongeek|swayne275,3,198,1366
hashicorp/vault,14541,peteroruba,82,546,3,2,32,178,peteroruba|swayne275,2,114,724
hashicorp/vault,14535,wenslayer,451,3550,4,3,88,564,hghaf099|himanshu-jain1606|wenslayer,3,539,4114
hashicorp/vault,14534,sing011,455,3009,9,4,570,3405,artem1982|austingebauer|calvn|sing011,4,1025,6414
hashicorp/vault,14531,lukpep,351,2564,5,3,451,2810,lukpep|maxb|ncabatoff,3,802,5374
hashicorp/vault,14520,deepeshuniyal,411,2986,3,2,155,900,deepeshuniyal|swayne275,2,566,3886
hashicorp/vault,14510,HenryAndry,85,558,4,4,167,955,HenryAndry|kitography|raskchanky|swayne275,4,252,1513
hashicorp/vault,14494,MochaCaffe,422,3500,10,5,498,3533,MochaCaffe|calvn|jasonodonnell|ncabatoff|ryowright,5,920,7033
hashicorp/vault,14481,olahouze,516,4626,2,2,48,313,RickyGrassmuck|olahouze,2,564,4939
hashicorp/vault,14475,bhargav2427,314,1978,2,2,60,399,mickael-hc|sgmiller,3,374,2377
hashicorp/vault,14456,petersonnek,231,1560,0,0,0,0,,1,231,1560
hashicorp/vault,14434,aram535,361,2345,4,3,320,1802,VioletHynes|aram535|ncabatoff,3,681,4147
hashicorp/vault,14432,mr-miles,122,699,2,2,53,262,maxb|sgmiller,3,175,961
hashicorp/vault,14421,jaredpetersen,227,1581,2,2,57,335,jaredpetersen|ncabatoff,2,284,1916
hashicorp/vault,14418,MochaCaffe,185,1223,6,4,612,3538,HridoyRoy|MochaCaffe|heatherezell|pmmukh,4,797,4761
hashicorp/vault,14417,sergiomarotco,86,579,2,2,76,472,heatherezell|sergiomarotco,2,162,1051
hashicorp/vault,14416,yashra,86,562,3,2,645,3587,maxb|yashra,2,731,4149
hashicorp/vault,14415,infa-svijayak,274,1576,5,4,546,3089,asenyaev|heatherezell|maxb|swayne275,5,820,4665
hashicorp/vault,14410,RemcoBuddelmeijer,108,695,9,4,520,3314,RemcoBuddelmeijer|heatherezell|kevinlmadison|liggitt,4,628,4009
hashicorp/vault,14409,VityaSchel,89,475,2,2,100,595,RemcoBuddelmeijer|swayne275,3,189,1070
hashicorp/vault,14394,davemay99,570,4178,0,0,0,0,,1,570,4178
hashicorp/vault,14390,kent007,235,1515,12,2,1096,6211,RemcoBuddelmeijer|kent007,2,1331,7726
hashicorp/vault,14372,benvanstaveren,229,1236,5,2,292,1525,benvanstaveren|swayne275,2,521,2761
hashicorp/vault,14371,RickyGrassmuck,514,3410,2,2,17,92,RickyGrassmuck|sgmiller,2,531,3502
hashicorp/vault,14351,benvanstaveren,121,693,2,1,149,909,swayne275,2,270,1602
hashicorp/vault,14350,arcenik,1095,8293,15,2,558,3334,arcenik|swayne275,2,1653,11627
hashicorp/vault,14337,AdrianFarmadin,113,668,10,6,579,3752,AdrianFarmadin|RemcoBuddelmeijer|TrueBurn|evan361425|heatherezell|tcoenraad,6,692,4420
hashicorp/vault,14322,sgmiller,47,334,0,0,0,0,,1,47,334
hashicorp/vault,14316,markafarrell,1505,10812,3,3,31,149,heatherezell|nikhil-rajesh|reidlai,4,1536,10961
hashicorp/vault,14299,BrianH824,260,1689,1,1,22,118,heatherezell,2,282,1807
hashicorp/vault,14296,weitzjdevk,640,5217,6,4,356,2303,calvn|maxb|weitzj|weitzjdevk,4,996,7520
hashicorp/vault,14275,sing011,142,904,2,2,101,505,heatherezell|sing011,2,243,1409
hashicorp/vault,14245,jmezach,188,1118,0,0,0,0,,1,188,1118
hashicorp/vault,14225,Oro,764,5653,7,4,982,6364,Oro|RemcoBuddelmeijer|lwimmer|tvoran,4,1746,12017
hashicorp/vault,14221,dynajoe,82,579,0,0,0,0,,1,82,579
hashicorp/vault,14220,gounselor,164,1023,1,1,8,42,heatherezell,2,172,1065
hashicorp/vault,14204,xens,104,629,0,0,0,0,,1,104,629
hashicorp/vault,14202,grahamc,949,7516,4,2,38,228,8080129594|ryowright,3,987,7744
hashicorp/vault,14200,grahamc,157,996,3,3,124,665,HridoyRoy|VioletHynes|heatherezell,4,281,1661
hashicorp/vault,14194,hb9cwp,523,3670,0,0,0,0,,1,523,3670
hashicorp/vault,14191,RafaelMontegordoFelix,245,1568,1,1,26,146,hashishaw,2,271,1714
hashicorp/vault,14189,tsaarni,40,277,0,0,0,0,,1,40,277
hashicorp/vault,14188,candlerb,115,737,3,2,155,887,WeetA34|austingebauer,3,270,1624
hashicorp/vault,14182,nomeelnoj,512,3656,0,0,0,0,,1,512,3656
hashicorp/vault,14177,mmittel2,534,4075,3,2,84,506,aphorise|ncabatoff,3,618,4581
hashicorp/vault,14176,dietmarb01,105,662,0,0,0,0,,1,105,662
hashicorp/vault,14175,maxb,179,1549,1,1,34,196,ccapurso,2,213,1745
hashicorp/vault,14169,shwuandwing,142,917,3,2,152,962,brotherdust|kitography,3,294,1879
hashicorp/vault,14153,justingood,5134,34401,4,4,208,1174,awnumar|justingood|ncabatoff|stgarf-sx,4,5342,35575
hashicorp/vault,14149,peppe77,222,1755,10,2,1451,8859,maxb|peppe77,2,1673,10614
hashicorp/vault,14146,snehavenkatayogi,174,1225,3,3,168,1021,HridoyRoy|heatherezell|maxb,4,342,2246
hashicorp/vault,14129,SachinMaharana,1080,9263,3,3,224,1314,ccapurso|maxb|phishbandana,4,1304,10577
hashicorp/vault,14123,Banh-Canh,480,2973,1,1,79,409,zofskeez,2,559,3382
hashicorp/vault,14122,danielraq,86,566,9,5,1583,16189,cipherboy|danielraq|heatherezell|sgmiller|umlublin,5,1669,16755
hashicorp/vault,14120,candlerb,49,340,1,1,23,137,ccapurso,2,72,477
hashicorp/vault,14114,drawks,466,2925,3,2,193,1066,drawks|heatherezell,2,659,3991
hashicorp/vault,14099,eau-u4f,634,4434,5,2,764,4538,VinnyHC|eau-u4f,2,1398,8972
hashicorp/vault,14097,candlerb,252,1615,1,1,21,144,zofskeez,2,273,1759
hashicorp/vault,14096,candlerb,223,1481,2,2,48,333,ccapurso|heatherezell,3,271,1814
hashicorp/vault,14077,mr-miles,93,594,2,2,58,325,heatherezell|mr-miles,2,151,919
hashicorp/vault,14076,MazenElzanaty,75,435,6,2,131,733,MazenElzanaty|heatherezell,2,206,1168
hashicorp/vault,14072,mipsel64,263,1942,3,3,151,900,RemcoBuddelmeijer|matthiashaasesourceforge|mipsel64,3,414,2842
hashicorp/vault,14071,awoodobvio,278,1780,3,3,198,1143,Zlaticanin|alexkonkin|lavkhanna,4,476,2923
hashicorp/vault,14070,ilyakaznacheev,170,1142,3,1,37,220,ilyakaznacheev,1,207,1362
hashicorp/vault,14043,tjs-intel,281,1969,0,0,0,0,,1,281,1969
hashicorp/vault,14041,UstyuzhaninAV,100,609,0,0,0,0,,1,100,609
hashicorp/vault,14040,zohebs341,240,1530,11,6,545,3964,HridoyRoy|adiii717|heatherezell|hghaf099|marat-gd|zohebs341,6,785,5494
hashicorp/vault,14039,Xerkus,420,2764,1,1,116,645,VinnyHC,2,536,3409
hashicorp/vault,14034,me0x847206,166,991,1,1,184,1142,hashishaw,2,350,2133
hashicorp/vault,14032,drawks,328,1959,8,4,534,3084,aphorise|drawks|heatherezell|ncabatoff,4,862,5043
hashicorp/vault,14017,dolmen,804,5948,12,3,379,2411,VinnyHC|dolmen|heatherezell,3,1183,8359
hashicorp/vault,14016,lukpep,173,1193,2,1,45,265,hashishaw,2,218,1458
hashicorp/vault,14005,candlerb,308,2171,3,2,131,738,austingebauer|candlerb,2,439,2909
hashicorp/vault,14004,monwolf,67,393,2,2,96,592,heatherezell|maxb,3,163,985
hashicorp/vault,14002,nvx,336,2000,3,2,343,1894,maxb|nvx,2,679,3894
hashicorp/vault,13982,candlerb,174,1078,5,5,182,970,CIMARoger|KhizerJaan|austingebauer|ncvescera|selcuksan,6,356,2048
hashicorp/vault,13978,mohan-nagandlla,148,1250,3,3,98,555,Mais316|RemcoBuddelmeijer|mohan-nagandlla,3,246,1805
hashicorp/vault,13972,zloeber,234,1580,0,0,0,0,,1,234,1580
hashicorp/vault,13949,monwolf,307,1949,1,1,14,62,monwolf,1,321,2011
hashicorp/vault,13936,candlerb,284,2039,1,1,39,223,austingebauer,2,323,2262
hashicorp/vault,13934,mbrancato,315,2061,1,1,31,177,fairclothjm,2,346,2238
hashicorp/vault,13926,ahomatthew,82,538,4,2,460,2604,ahomatthew|maxcoulombe,2,542,3142
hashicorp/vault,13919,DaddyzillaBitch,52,343,0,0,0,0,,1,52,343
hashicorp/vault,13918,shehzad91,180,1093,5,2,235,1315,heatherezell|shehzad91,2,415,2408
hashicorp/vault,13906,RickyGrassmuck,72,425,1,1,14,76,ncabatoff,2,86,501
hashicorp/vault,13904,AnthonyHerman,294,1894,2,2,348,2291,cognifloyd|peter-fe,3,642,4185
hashicorp/vault,13902,DaddyzillaBitch,52,343,1,1,29,158,heatherezell,2,81,501
hashicorp/vault,13901,ze6ra,478,2969,0,0,0,0,,1,478,2969
hashicorp/vault,13887,candlerb,236,1831,2,1,115,672,hghaf099,2,351,2503
hashicorp/vault,13886,SureshMadaswamy,289,1910,1,1,17,100,heatherezell,2,306,2010
hashicorp/vault,13882,boldandbusted,251,1529,1,1,156,932,aphorise,2,407,2461
hashicorp/vault,13875,Schluggi,392,2322,4,2,282,1661,TamsenSpelchak|heatherezell,3,674,3983
hashicorp/vault,13874,ichasco-heytrade,57,343,2,2,28,156,heatherezell|ichasco-heytrade,2,85,499
hashicorp/vault,13873,thulasidassrinivasan,551,5318,10,4,549,3328,Happycoil|RemcoBuddelmeijer|thulasidassrinivasan|tomhjp,4,1100,8646
hashicorp/vault,13867,sjoel,239,1564,3,3,585,3923,RemcoBuddelmeijer|kalafut|sjoel,3,824,5487
hashicorp/vault,13866,zoloft,628,4778,2,1,22,104,zoloft,1,650,4882
hashicorp/vault,13858,aakashgaur01,103,610,1,1,37,185,heatherezell,2,140,795
hashicorp/vault,13857,Mercanuis,1128,9572,1,1,117,663,Mercanuis,1,1245,10235
hashicorp/vault,13849,ptous,361,2374,4,2,87,489,heatherezell|ptous,2,448,2863
hashicorp/vault,13844,liggitt,192,1280,1,1,121,651,tomhjp,2,313,1931
hashicorp/vault,13843,DloBagari,82,583,4,4,287,1743,DloBagari|HridoyRoy|hghaf099|raskchanky,4,369,2326
hashicorp/vault,13842,hsupu,243,1592,4,2,119,733,heatherezell|hsupu,2,362,2325
hashicorp/vault,13807,mrparkers,434,3043,0,0,0,0,,1,434,3043
hashicorp/vault,13806,FalcoSuessgott,147,1059,3,2,196,1193,FalcoSuessgott|aphorise,2,343,2252
hashicorp/vault,13804,BaiShaoqi,144,912,0,0,0,0,,1,144,912
hashicorp/vault,13802,grahamc,361,2608,2,2,101,553,hghaf099|kalafut,3,462,3161
hashicorp/vault,13779,pracplayopen,503,3092,12,3,1190,6994,heatherezell|ncabatoff|pracplayopen,3,1693,10086
hashicorp/vault,13750,maneac,326,2534,0,0,0,0,,1,326,2534
hashicorp/vault,13746,nvkanumuri,446,3704,0,0,0,0,,1,446,3704
hashicorp/vault,13725,iusergii,237,1600,6,4,688,4609,HridoyRoy|heatherezell|iusergii|sumitsomkuwer,4,925,6209
hashicorp/vault,13701,kucharskim,75,476,4,3,291,1723,abdennour|ccapurso|kucharskim,3,366,2199
hashicorp/vault,13700,asm-informatik,437,3379,4,3,381,2293,ericl85|maxb|rizary,4,818,5672
hashicorp/vault,13697,harsimranmaan,405,2353,2,2,385,2426,dr-yd|zerog2k,3,790,4779
hashicorp/vault,13681,fcomte,119,661,0,0,0,0,,1,119,661
hashicorp/vault,13680,nwerker,265,1633,3,2,344,2127,cipherboy|pcuttriss,3,609,3760
hashicorp/vault,13677,alokrbl,378,2505,4,2,225,1351,alokrbl|ncabatoff,2,603,3856
hashicorp/vault,13676,stremovsky,647,4859,2,2,99,613,jasonodonnell|yuli-lendbuzz,3,746,5472
hashicorp/vault,13674,Vincent1984,324,2240,3,2,166,905,HridoyRoy|Vincent1984,2,490,3145
hashicorp/vault,13664,nvkanumuri,552,4018,2,2,17,74,heatherezell|nvkanumuri,2,569,4092
hashicorp/vault,13663,Akanksha-P97,228,1483,12,4,923,6423,Akanksha-P97|austingebauer|borisbritvahub|sing011,4,1151,7906
hashicorp/vault,13651,zablvit,584,4227,5,4,154,910,arjunbhandage|ccapurso|ggilley|zablvit,4,738,5137
hashicorp/vault,13647,firstdorsal,64,394,4,4,239,1430,Fuco1|digivava|maxb|ncabatoff,5,303,1824
hashicorp/vault,13645,bitvijays,693,4868,1,1,53,329,rdxmb,2,746,5197
hashicorp/vault,13639,jlestrada,616,4580,2,2,47,240,heatherezell|raskchanky,3,663,4820
hashicorp/vault,13636,majewsky,72,446,1,1,22,110,digivava,2,94,556
hashicorp/vault,13626,dw-develop,396,3548,3,3,292,1875,heatherezell|jeffsanicola|ncabatoff,4,688,5423
hashicorp/vault,13608,dhbaird,151,946,10,2,890,5098,Gabrielopesantos|cipherboy,3,1041,6044
hashicorp/vault,13607,fhilgers,435,2847,5,3,198,1102,fhilgers|giovannicandido|sycured,3,633,3949
hashicorp/vault,13605,blaggacao,122,796,2,2,78,434,blaggacao|ncabatoff,2,200,1230
hashicorp/vault,13602,dekimsey,225,1375,3,2,65,342,dekimsey|heatherezell,2,290,1717
hashicorp/vault,13600,dekimsey,373,2650,4,3,203,1213,averche|heatherezell|tvoran,4,576,3863
hashicorp/vault,13589,dekimsey,481,3838,15,5,535,3050,VioletHynes|calvn|dekimsey|fairclothjm|heatherezell,5,1016,6888
hashicorp/vault,13584,mcinquin,383,3215,4,3,274,1752,georgemayrin|heatherezell|mcinquin,3,657,4967
hashicorp/vault,13581,alexandernst,340,2065,2,2,35,206,heatherezell|hellobontempo,3,375,2271
hashicorp/vault,13570,MurzNN,191,1235,1,1,15,109,heatherezell,2,206,1344
hashicorp/vault,13569,lovepr16,184,1209,6,2,243,1559,lovepr16|ncabatoff,2,427,2768
hashicorp/vault,13560,mlodato517,239,1573,1,1,56,299,LukaszWasko,2,295,1872
hashicorp/vault,13542,whitepiratebaku,99,522,3,3,219,1463,cipherboy|ncabatoff|whitepiratebaku,3,318,1985
hashicorp/vault,13538,bitvijays,321,2412,0,0,0,0,,1,321,2412
hashicorp/vault,13536,shwuandwing,313,1839,1,1,74,397,aphorise,2,387,2236
hashicorp/vault,13535,goutamtadi1,159,1014,2,2,92,528,kerak19|ncabatoff,3,251,1542
hashicorp/vault,13534,Merikanto,73,464,3,3,33,208,Merikanto|heatherezell|taoism4504,3,106,672
hashicorp/vault,13533,iusergii,175,1560,4,3,857,5420,cipherboy|heatherezell|iusergii,3,1032,6980
hashicorp/vault,13532,rpg999,380,2227,0,0,0,0,,1,380,2227
hashicorp/vault,13530,drawks,137,845,5,3,388,2479,cipherboy|dovys|drawks,3,525,3324
hashicorp/vault,13528,jeffwidman,94,573,2,2,63,332,digivava|jeffwidman,2,157,905
hashicorp/vault,13523,paladin-devops,422,2779,2,1,152,946,austingebauer,2,574,3725
hashicorp/vault,13518,orshlom,197,1331,1,1,245,1506,cipherboy,2,442,2837
hashicorp/vault,13517,winkee01,124,726,0,0,0,0,,1,124,726
hashicorp/vault,13503,loutPhilipps,124,661,1,1,30,175,RuneAlexanderTrachsel,2,154,836
hashicorp/vault,13502,gprzyby,91,598,6,6,112,566,TonioGela|brissenden|bunnybilou|gprzyby|heatherezell|ncabatoff,6,203,1164
hashicorp/vault,13501,winkee01,121,2085,0,0,0,0,,1,121,2085
hashicorp/vault,13498,supriya-premkumar,110,698,3,3,51,293,cipherboy|heatherezell|supriya-premkumar,3,161,991
hashicorp/vault,13497,paladin-devops,154,1142,2,2,81,449,heatherezell|maxb,3,235,1591
hashicorp/vault,13489,dnephin,343,2258,2,1,50,290,dnephin,1,393,2548
hashicorp/vault,13485,winkee01,86,456,0,0,0,0,,1,86,456
hashicorp/vault,13472,lovepr16,166,1112,3,3,282,1650,fairclothjm|heatherezell|lovepr16,3,448,2762
hashicorp/vault,13467,maxramqvist,147,859,6,6,447,2836,VinnyHC|austingebauer|heatherezell|maxramqvist|mdgreenwald|priyanshu281,6,594,3695
hashicorp/vault,13466,freimer,615,3777,1,1,31,186,heatherezell,2,646,3963
hashicorp/vault,13460,braunsonm,368,2623,9,3,471,2582,archoversight|austingebauer|braunsonm,3,839,5205
hashicorp/vault,13456,OOTS,169,1127,3,2,95,528,dops-at|f4z3r,3,264,1655
hashicorp/vault,13453,pauelstv,367,2528,4,2,166,967,heatherezell|pauelstv,2,533,3495
hashicorp/vault,13450,mike2194,235,1900,3,2,85,509,heatherezell|mike2194,2,320,2409
hashicorp/vault,13442,T0tt1,808,6475,11,3,773,5113,T0tt1|heatherezell|ocharles,3,1581,11588
hashicorp/vault,13440,jdef,381,2670,3,2,203,1310,cipherboy|jdef,2,584,3980
hashicorp/vault,13416,JulianNeuhaus27,556,3834,1,1,236,1347,mderriey,2,792,5181
hashicorp/vault,13410,phozzy,23,150,0,0,0,0,,1,23,150
hashicorp/vault,13406,grahamc,161,1092,4,4,215,1247,aram535|ch0wm3in|heatherezell|jplindquist,5,376,2339
hashicorp/vault,13404,vsychov,244,2223,8,4,3460,40494,lukpep|ncabatoff|pmmukh|vsychov,4,3704,42717
hashicorp/vault,13403,developer-guy,161,968,3,3,166,923,Dentrax|hghaf099|raskchanky,4,327,1891
hashicorp/vault,13388,ichasco-heytrade,166,1094,4,4,117,677,epinzur|guitcastro|ichasco-heytrade|kalafut,4,283,1771
hashicorp/vault,13386,woohgit,125,774,8,6,716,4219,george-angel|heatherezell|jeffwidman|ncabatoff|peczenyj|woohgit,6,841,4993
hashicorp/vault,13376,bmendric,230,1550,3,3,68,390,bmendric|heatherezell|remilapeyre,3,298,1940
hashicorp/vault,13374,paladin-devops,140,911,0,0,0,0,,1,140,911
hashicorp/vault,13364,djivko,409,2707,2,2,54,307,djivko|heatherezell,2,463,3014
hashicorp/vault,13363,tingShean,300,1922,10,5,1072,6567,VioletHynes|dekimsey|heatherezell|pmmukh|tingShean,5,1372,8489
hashicorp/vault,13358,marafa-sugarcrm,494,3824,2,2,52,283,kalafut|swenson,3,546,4107
hashicorp/vault,13357,iRon7,438,4669,9,8,674,4243,LiviuSosu|VeraSimon|aphorise|arnav28|fourdim|joshgreifer|latdev|zofskeez,9,1112,8912
hashicorp/vault,13356,jeffwidman,45,282,3,2,157,862,heatherezell|jeffwidman,2,202,1144
hashicorp/vault,13353,firstdorsal,183,1162,3,3,80,484,arnav28|firstdorsal|heatherezell,3,263,1646
hashicorp/vault,13350,sudo-bmitch,345,2256,0,0,0,0,,1,345,2256
hashicorp/vault,13349,iusergii,101,755,2,2,45,259,iusergii|kalafut,2,146,1014
hashicorp/vault,13347,peterverraedt,264,1704,6,5,769,5175,h4l|peterverraedt|pmmukh|redat00|voiprodrigo,5,1033,6879
hashicorp/vault,13346,san6789,37,167,1,1,55,276,heatherezell,2,92,443
hashicorp/vault,13342,jeffwidman,131,876,1,1,9,50,jeffwidman,1,140,926
hashicorp/vault,13341,kauedg,353,2648,5,3,339,2344,kauedg|maxb|ryowright,3,692,4992
hashicorp/vault,13340,kauedg,517,4001,13,3,762,4474,kauedg|ncabatoff|ryowright,3,1279,8475
hashicorp/vault,13333,maugomez77,101,743,2,2,120,743,HridoyRoy|raskchanky,3,221,1486
hashicorp/vault,13331,maugomez77,125,816,3,3,70,347,Vinayaks439|heatherezell|maxb,4,195,1163
hashicorp/vault,13326,lawliet89,629,5155,5,4,104,570,fairclothjm|heatherezell|kalafut|lawliet89,4,733,5725
hashicorp/vault,13322,backjo,252,1582,1,1,15,71,heatherezell,2,267,1653
hashicorp/vault,13320,Rakshithakrishna2,165,1072,5,2,113,622,Rakshithakrishna2|heatherezell,2,278,1694
hashicorp/vault,13319,RoopGuron,347,2378,1,1,103,572,ncabatoff,2,450,2950
hashicorp/vault,13317,maugomez77,254,1711,11,6,517,3372,aabouzaid|askmike1|dieterdemeyer|heatherezell|jeffwidman|maugomez77,6,771,5083
hashicorp/vault,13305,san6789,112,854,5,2,192,1076,heatherezell|san6789,2,304,1930
hashicorp/vault,13304,shaj13,80,466,2,2,517,3102,heatherezell|shaj13,2,597,3568
hashicorp/vault,13293,mike-code,362,2293,9,5,489,2919,AnPucel|dzmitry-lab|heatherezell|mike-code|ryowright,5,851,5212
hashicorp/vault,13291,aram535,920,7256,10,4,1704,12026,aram535|digitalfredy|heatherezell|maxb,4,2624,19282
hashicorp/vault,13281,slm0n87,696,4539,2,2,77,467,ncabatoff|slm0n87,2,773,5006
hashicorp/vault,13279,rninov,229,1489,1,1,21,131,rninov,1,250,1620
hashicorp/vault,13278,evan361425,129,866,2,2,85,483,evan361425|kitography,2,214,1349
hashicorp/vault,13274,ludovicianul,198,1289,7,4,980,8406,aphorise|heatherezell|ludovicianul|ryowright,4,1178,9695
hashicorp/vault,13273,ludovicianul,200,1276,1,1,1419,20891,aphorise,2,1619,22167
hashicorp/vault,13270,kafeinnet,273,1971,2,2,58,296,arnav28|evsasha,3,331,2267
hashicorp/vault,13269,shaj13,208,1352,4,2,389,2449,heatherezell|shaj13,2,597,3801
hashicorp/vault,13258,cjyar,436,3213,0,0,0,0,,1,436,3213
hashicorp/vault,13256,navaneethrameshan,307,2256,1,1,31,183,stevendpclark,2,338,2439
hashicorp/vault,13253,navaneethrameshan,281,2095,1,1,16,108,stevendpclark,2,297,2203
hashicorp/vault,13248,7c,37,250,5,3,350,3283,7c|FlyingDR|ncabatoff,3,387,3533
hashicorp/vault,13246,jascao,568,4452,0,0,0,0,,1,568,4452
hashicorp/vault,13243,DemiMarie,206,1285,7,4,319,1963,DemiMarie|heatherezell|stevendpclark|victorr,4,525,3248
hashicorp/vault,13234,sabarisankarj,139,921,2,2,179,1029,hghaf099|ncabatoff,3,318,1950
hashicorp/vault,13232,en-milie,489,4140,1,1,8,34,ryowright,2,497,4174
hashicorp/vault,13226,rgevaert,349,3240,10,4,344,2098,benashz|heatherezell|ncabatoff|rgevaert,4,693,5338
hashicorp/vault,13225,ludovicianul,417,3049,4,3,336,1958,heatherezell|pmmukh|ryowright,4,753,5007
hashicorp/vault,13224,candlerb,1060,6630,1,1,18,110,kalafut,2,1078,6740
hashicorp/vault,13223,RickyGrassmuck,1190,8038,15,5,1633,10517,RickyGrassmuck|eroteme|fairclothjm|heatherezell|njoerd114,5,2823,18555
hashicorp/vault,13219,tristanmorgan,250,2027,4,2,143,833,heatherezell|tristanmorgan,2,393,2860
hashicorp/vault,13204,candlerb,369,2411,2,2,59,339,austingebauer|heatherezell,3,428,2750
hashicorp/vault,13193,jsmilani,553,3460,5,5,157,887,ashwinkupatkar|cipherboy|divyapola5|heatherezell|schrodingersket,6,710,4347
hashicorp/vault,13192,ca8IiN4oow,448,3397,3,3,58,318,calvn|fairclothjm|heatherezell,4,506,3715
hashicorp/vault,13188,anuj1366,343,2281,8,4,391,2631,anuj1366|heatherezell|maxb|scud328,4,734,4912
hashicorp/vault,13180,lukpep,246,1723,3,2,143,763,heatherezell|lukpep,2,389,2486
hashicorp/vault,13179,EtienneBruines,276,1887,1,1,23,122,akshya96,2,299,2009
hashicorp/vault,13158,rrijkse,5649,34335,1,1,23,120,heatherezell,2,5672,34455
hashicorp/vault,13157,hiyosi,434,3006,1,1,25,134,cipherboy,2,459,3140
hashicorp/vault,13141,anthosz,210,1208,0,0,0,0,,1,210,1208
hashicorp/vault,13131,anxstj,369,2396,3,2,145,776,heatherezell|meirish,3,514,3172
hashicorp/vault,13130,laugmanuel,654,4252,9,3,511,3075,bendem|heatherezell|laugmanuel,3,1165,7327
hashicorp/vault,13129,Djaler,96,546,4,3,302,1751,Djaler|heatherezell|maxb,3,398,2297
hashicorp/vault,13122,joaqquin89,145,935,4,2,213,1240,heatherezell|joaqquin89,2,358,2175
hashicorp/vault,13120,TheOutdoorProgrammer,281,1760,1,1,66,361,heatherezell,2,347,2121
hashicorp/vault,13119,OmgImAlexis,246,1662,2,1,74,367,heatherezell,2,320,2029
hashicorp/vault,13112,OmgImAlexis,145,892,1,1,38,230,hellobontempo,2,183,1122
hashicorp/vault,13074,kdubb,66,456,0,0,0,0,,1,66,456
notaryproject/notation,1332,nipil,190,1115,5,3,304,1867,FeynmanZhou|github-actions[bot]|nipil,3,494,2982
notaryproject/notation,1326,justlucknb,155,987,2,2,48,268,FeynmanZhou|github-actions[bot],3,203,1255
notaryproject/notation,1293,13567436138,214,1544,4,3,73,415,13567436138|FeynmanZhou|github-actions[bot],3,287,1959
notaryproject/notation,1288,Saurabh12p,190,1281,5,3,168,930,FeynmanZhou|Saurabh12p|github-actions[bot],3,358,2211
notaryproject/notation,1259,FeynmanZhou,37,226,0,0,0,0,,1,37,226
notaryproject/notation,1256,qba73,362,2558,7,4,113,594,FeynmanZhou|github-actions[bot]|qba73|yizha1,4,475,3152
notaryproject/notation,1254,varsha2605,363,2359,2,2,97,652,FeynmanZhou|varsha2605,2,460,3011
notaryproject/notation,1247,FeynmanZhou,913,6095,1,1,50,277,FeynmanZhou,1,963,6372
notaryproject/notation,1239,ghost,55,384,0,0,0,0,,1,55,384
notaryproject/notation,1229,FeynmanZhou,465,3160,0,0,0,0,,1,465,3160
notaryproject/notation,1228,FeynmanZhou,402,2955,2,2,39,209,Mujib-Ahasan|github-actions[bot],3,441,3164
notaryproject/notation,1226,yizha1,399,3217,1,1,12,78,shizhMSFT,2,411,3295
notaryproject/notation,1224,7h3-3mp7y-m4n,137,838,2,2,21,102,7h3-3mp7y-m4n|FeynmanZhou,2,158,940
notaryproject/notation,1222,david-freistrom,391,3111,24,7,3373,25041,FeynmanZhou|baarde|david-freistrom|ghost|github-actions[bot]|nobbs|tom-dudley,7,3764,28152
notaryproject/notation,1193,ghost,49,330,2,1,39,200,github-actions[bot],2,88,530
notaryproject/notation,1171,ghost,51,326,3,2,122,730,FeynmanZhou|ghost,2,173,1056
notaryproject/notation,1170,JeyJeyGao,46,302,1,1,16,120,FeynmanZhou,2,62,422
notaryproject/notation,1151,JeyJeyGao,43,340,1,1,19,126,JeyJeyGao,1,62,466
notaryproject/notation,1144,JeyJeyGao,197,1465,0,0,0,0,,1,197,1465
notaryproject/notation,1139,JeyJeyGao,79,526,0,0,0,0,,1,79,526
notaryproject/notation,1138,JeyJeyGao,68,435,0,0,0,0,,1,68,435
notaryproject/notation,1136,yizha1,144,978,5,3,86,444,7h3-3mp7y-m4n|github-actions[bot]|yizha1,3,230,1422
notaryproject/notation,1134,JeyJeyGao,89,619,0,0,0,0,,1,89,619
notaryproject/notation,1116,FeynmanZhou,100,628,1,1,28,148,github-actions[bot],2,128,776
notaryproject/notation,1104,JeyJeyGao,100,572,1,1,31,211,JeyJeyGao,1,131,783
notaryproject/notation,1096,bureado,318,1993,3,3,384,2290,JeyJeyGao|bureado|yizha1,3,702,4283
notaryproject/notation,1080,roeishuster,97,602,4,2,129,748,FeynmanZhou|roeishuster,2,226,1350
notaryproject/notation,1068,ghost,26,142,0,0,0,0,,1,26,142
notaryproject/notation,1067,yizha1,408,2961,3,3,377,2548,DahuK|bureado|yizha1,3,785,5509
notaryproject/notation,1062,yizha1,86,648,5,3,199,1120,FeynmanZhou|github-actions[bot]|yizha1,3,285,1768
notaryproject/notation,1058,FeynmanZhou,154,1062,0,0,0,0,,1,154,1062
notaryproject/notation,1040,priteshbandi,26,156,0,0,0,0,,1,26,156
notaryproject/notation,1031,JanetZhouJ,397,3237,4,3,97,589,FeynmanZhou|github-actions[bot]|yizha1,4,494,3826
notaryproject/notation,1028,FeynmanZhou,111,703,3,1,67,348,github-actions[bot],2,178,1051
notaryproject/notation,1027,iamantil,98,660,7,3,1476,12380,github-actions[bot]|iamantil|yizha1,3,1574,13040
notaryproject/notation,1018,JeyJeyGao,88,535,2,1,54,313,JeyJeyGao,1,142,848
notaryproject/notation,1012,ghost,51,313,1,1,3,21,ghost,1,54,334
notaryproject/notation,1004,yizha1,350,2446,1,1,3,21,ghost,2,353,2467
notaryproject/notation,997,JeyJeyGao,89,621,2,1,57,352,ghost,2,146,973
notaryproject/notation,992,ghost,21,169,0,0,0,0,,1,21,169
notaryproject/notation,988,ghost,18,166,2,1,26,178,ghost,1,44,344
notaryproject/notation,985,yizha1,59,402,2,1,39,200,github-actions[bot],2,98,602
notaryproject/notation,976,JeyJeyGao,115,744,2,2,39,237,JeyJeyGao|ghost,2,154,981
notaryproject/notation,975,MinerYang,317,3195,2,2,19,137,ghost|yizha1,3,336,3332
notaryproject/notation,974,FeynmanZhou,259,1747,2,2,46,290,ghost|github-actions[bot],3,305,2037
notaryproject/notation,973,FeynmanZhou,247,1662,5,1,123,644,github-actions[bot],2,370,2306
notaryproject/notation,968,chenrui333,37,198,3,2,39,208,chenrui333|shizhMSFT,2,76,406
notaryproject/notation,959,yizha1,444,2770,8,3,309,1797,github-actions[bot]|priteshbandi|yizha1,3,753,4567
notaryproject/notation,947,yizha1,85,592,4,3,342,1999,FeynmanZhou|ghost|yizha1,3,427,2591
notaryproject/notation,943,lmussier,56,346,6,2,204,1146,lmussier|yizha1,2,260,1492
notaryproject/notation,934,FeynmanZhou,110,734,3,1,67,348,github-actions[bot],2,177,1082
notaryproject/notation,926,FeynmanZhou,297,2111,0,0,0,0,,1,297,2111
notaryproject/notation,921,JeyJeyGao,84,545,0,0,0,0,,1,84,545
notaryproject/notation,910,omkhard,150,928,6,4,514,3224,JeyJeyGao|github-actions[bot]|omkhard|yizha1,4,664,4152
notaryproject/notation,909,zosocanuck,245,1529,4,3,475,2773,github-actions[bot]|mattmshell|yizha1,4,720,4302
notaryproject/notation,904,priteshbandi,130,877,2,2,54,304,JeyJeyGao|yizha1,3,184,1181
notaryproject/notation,903,zachbugay,69,430,2,1,39,200,github-actions[bot],2,108,630
notaryproject/notation,902,tomaszkrzyzanowski,180,1079,5,4,134,805,FeynmanZhou|JeyJeyGao|tomaszkrzyzanowski|yizha1,4,314,1884
notaryproject/notation,897,gponto,298,1991,2,1,43,235,yizha1,2,341,2226
notaryproject/notation,894,FeynmanZhou,163,1022,0,0,0,0,,1,163,1022
notaryproject/notation,893,shizhMSFT,41,189,0,0,0,0,,1,41,189
notaryproject/notation,892,yizha1,206,1294,17,7,2585,15747,ChristianCiach|FeynmanZhou|ghost|priteshbandi|shizhMSFT|sudo-bmitch|yizha1,7,2791,17041
notaryproject/notation,885,Quanalogy,107,689,4,3,65,347,FeynmanZhou|github-actions[bot]|yizha1,4,172,1036
notaryproject/notation,882,omkhard,138,997,2,2,41,224,omkhard|sajayantony,2,179,1221
notaryproject/notation,880,yizha1,64,464,5,2,250,1481,github-actions[bot]|yizha1,2,314,1945
notaryproject/notation,868,FeynmanZhou,528,3689,1,1,49,277,JeyJeyGao,2,577,3966
notaryproject/notation,867,FeynmanZhou,311,2094,5,2,442,2821,FeynmanZhou|JeyJeyGao,2,753,4915
notaryproject/notation,859,FeynmanZhou,165,1078,6,4,225,1242,7h3-3mp7y-m4n|FeynmanZhou|boorah|github-actions[bot],4,390,2320
notaryproject/notation,853,ghost,37,292,0,0,0,0,,1,37,292
notaryproject/notation,852,ghost,26,207,1,1,78,441,ghost,1,104,648
notaryproject/notation,851,ghost,102,727,0,0,0,0,,1,102,727
notaryproject/notation,844,kattmang,241,1515,3,3,130,780,FeynmanZhou|kattmang|yizha1,3,371,2295
notaryproject/notation,839,fanndu,261,2212,4,3,493,3181,FeynmanZhou|fanndu|yizha1,3,754,5393
notaryproject/notation,838,yizha1,243,1563,1,1,39,272,yizha1,1,282,1835
notaryproject/notation,829,fanndu,198,1258,5,3,404,2745,FeynmanZhou|fanndu|yizha1,3,602,4003
notaryproject/notation,828,fanndu,212,1352,2,2,23,158,fanndu|yizha1,2,235,1510
notaryproject/notation,825,vikasprasad007,80,514,6,4,439,2619,FeynmanZhou|github-actions[bot]|vikasprasad007|yizha1,4,519,3133
notaryproject/notation,824,FeynmanZhou,169,1112,0,0,0,0,,1,169,1112
notaryproject/notation,822,FeynmanZhou,218,1566,5,3,261,1731,JeyJeyGao|priteshbandi|shizhMSFT,4,479,3297
notaryproject/notation,808,yizha1,336,2596,1,1,10,40,ghost,2,346,2636
notaryproject/notation,804,yizha1,93,670,2,2,21,108,FeynmanZhou|yizha1,2,114,778
notaryproject/notation,801,JeyJeyGao,141,1028,0,0,0,0,,1,141,1028
notaryproject/notation,790,priteshbandi,250,1754,1,1,28,148,github-actions[bot],2,278,1902
notaryproject/notation,905,FeynmanZhou,268,1737,6,4,196,1112,FeynmanZhou|akashsinghal|github-actions[bot]|jeremyrickard,4,464,2849
notaryproject/notation,783,Wwwsylvia,163,1080,3,2,123,749,FeynmanZhou|priteshbandi,3,286,1829
notaryproject/notation,778,shizhMSFT,174,1320,9,4,308,1817,chenrui333|mintbomb27|shizhMSFT|yizha1,4,482,3137
notaryproject/notation,777,yizha1,604,3828,5,3,265,1593,FeynmanZhou|sajayantony|tuminoid,4,869,5421
notaryproject/notation,773,sozercan,176,1382,0,0,0,0,,1,176,1382
notaryproject/notation,772,sozercan,182,1292,1,1,10,74,yizha1,2,192,1366
notaryproject/notation,768,priteshbandi,127,786,6,3,745,4796,FeynmanZhou|priteshbandi|yizha1,3,872,5582
notaryproject/notation,759,vishal-chdhry,253,1594,6,4,517,3291,FeynmanZhou|priteshbandi|vishal-chdhry|yizha1,4,770,4885
notaryproject/notation,756,priteshbandi,200,1289,0,0,0,0,,1,200,1289
notaryproject/notation,749,shizhMSFT,162,1276,4,3,94,592,priteshbandi|shizhMSFT|yizha1,3,256,1868
notaryproject/notation,747,JeyJeyGao,128,896,1,1,11,73,yizha1,2,139,969
notaryproject/notation,741,priteshbandi,85,589,23,7,2251,15270,FeynmanZhou|ghost|gokarnm|priteshbandi|shizhMSFT|toddysm|yizha1,7,2336,15859
notaryproject/notation,733,jimmychen92,221,1394,2,2,216,1273,priteshbandi|shizhMSFT,3,437,2667
notaryproject/notation,728,duffney,96,586,2,2,104,630,FeynmanZhou|duffney,2,200,1216
notaryproject/notation,726,JeyJeyGao,87,538,0,0,0,0,,1,87,538
notaryproject/notation,721,jimmychen92,180,1152,4,4,407,2673,FeynmanZhou|jimmychen92|priteshbandi|shizhMSFT,4,587,3825
notaryproject/notation,718,FeynmanZhou,103,639,4,3,206,1261,FeynmanZhou|github-actions[bot]|tungbq,3,309,1900
notaryproject/notation,715,toddysm,87,576,0,0,0,0,,1,87,576
notaryproject/notation,709,shizhMSFT,97,690,1,1,140,871,kokamkarsahil,2,237,1561
notaryproject/notation,707,JeyJeyGao,282,1877,1,1,25,154,shizhMSFT,2,307,2031
notaryproject/notation,706,FeynmanZhou,208,1394,3,3,195,1287,FeynmanZhou|kokamkarsahil|zr-msft,3,403,2681
notaryproject/notation,705,duffney,183,1139,2,2,57,308,duffney|yizha1,2,240,1447
notaryproject/notation,704,FeynmanZhou,352,2670,3,3,282,2318,FeynmanZhou|JeyJeyGao|yizha1,3,634,4988
notaryproject/notation,701,yizha1,338,2651,2,2,78,515,iamsamirzon|priteshbandi,3,416,3166
notaryproject/notation,700,yizha1,202,1420,1,1,82,575,priteshbandi,2,284,1995
notaryproject/notation,699,yizha1,328,2645,9,6,535,3432,FeynmanZhou|JeyJeyGao|iamsamirzon|priteshbandi|shizhMSFT|yizha1,6,863,6077
notaryproject/notation,697,Wwwsylvia,301,2149,0,0,0,0,,1,301,2149
notaryproject/notation,696,JeyJeyGao,230,1450,9,6,1085,6627,Wwwsylvia|iamsamirzon|jimmyraywv|priteshbandi|shizhMSFT|yizha1,7,1315,8077
notaryproject/notation,695,FeynmanZhou,189,1586,0,0,0,0,,1,189,1586
notaryproject/notation,694,priteshbandi,171,1171,6,5,33,187,ghost|gokarnm|priteshbandi|rgnote|shizhMSFT,5,204,1358
notaryproject/notation,693,JeyJeyGao,96,575,0,0,0,0,,1,96,575
notaryproject/notation,686,priteshbandi,378,2630,10,8,58,281,FeynmanZhou|JeyJeyGao|ghost|gokarnm|priteshbandi|rgnote|shizhMSFT|yizha1,8,436,2911
notaryproject/notation,683,ghost,186,1167,0,0,0,0,,1,186,1167
notaryproject/notation,681,Wwwsylvia,265,1739,1,1,135,808,Wwwsylvia,1,400,2547
notaryproject/notation,680,JeyJeyGao,100,657,0,0,0,0,,1,100,657
notaryproject/notation,677,JeyJeyGao,143,1188,1,1,49,466,FeynmanZhou,2,192,1654
notaryproject/notation,671,priteshbandi,179,1320,5,4,18,97,gokarnm|priteshbandi|rgnote|shizhMSFT,4,197,1417
notaryproject/notation,668,ghost,148,864,4,2,98,519,github-actions[bot]|yizha1,3,246,1383
notaryproject/notation,667,yizha1,132,787,1,1,64,385,qweeah,2,196,1172
notaryproject/notation,662,Wwwsylvia,154,1085,1,1,8,35,wangxiaoxuan273,2,162,1120
notaryproject/notation,661,priteshbandi,73,500,14,8,326,2005,FeynmanZhou|gokarnm|iamsamirzon|priteshbandi|rgnote|shizhMSFT|toddysm|yizha1,8,399,2505
notaryproject/notation,660,FeynmanZhou,218,1394,2,2,20,143,ghost|priteshbandi,3,238,1537
notaryproject/notation,659,yizha1,297,1848,25,6,2990,19476,FeynmanZhou|ghost|iamsamirzon|priteshbandi|shizhMSFT|yizha1,6,3287,21324
notaryproject/notation,655,sajayantony,72,524,0,0,0,0,,1,72,524
notaryproject/notation,653,patrickzheng200,379,2386,2,2,19,117,FeynmanZhou|ghost,3,398,2503
notaryproject/notation,648,JeyJeyGao,593,4631,2,1,6,37,JeyJeyGao,1,599,4668
notaryproject/notation,647,FeynmanZhou,250,1640,23,6,1744,10741,FeynmanZhou|ghost|iamsamirzon|patrickzheng200|toddysm|yizha1,6,1994,12381
notaryproject/notation,646,yizha1,134,867,1,1,12,62,yizha1,1,146,929
notaryproject/notation,645,yizha1,258,1899,1,1,4,19,patrickzheng200,2,262,1918
notaryproject/notation,644,FeynmanZhou,189,1551,1,1,18,99,FeynmanZhou,1,207,1650
notaryproject/notation,642,yizha1,13,68,1,1,9,59,yizha1,1,22,127
notaryproject/notation,641,yizha1,93,576,8,7,15,77,FeynmanZhou|JeyJeyGao|gokarnm|patrickzheng200|priteshbandi|rgnote|yizha1,7,108,653
notaryproject/notation,640,yizha1,83,499,2,2,9,48,patrickzheng200|yizha1,2,92,547
notaryproject/notation,638,yizha1,149,930,3,2,39,219,FeynmanZhou|yizha1,2,188,1149
notaryproject/notation,637,toddysm,158,1225,7,4,468,3072,FeynmanZhou|Wwwsylvia|toddysm|yizha1,4,626,4297
notaryproject/notation,635,yizha1,126,843,0,0,0,0,,1,126,843
notaryproject/notation,634,yizha1,169,1093,2,1,42,331,priteshbandi,2,211,1424
notaryproject/notation,633,yizha1,117,751,3,3,32,169,patrickzheng200|toddysm|yizha1,3,149,920
notaryproject/notation,631,FeynmanZhou,201,1277,2,2,28,170,0x-chaitu|FeynmanZhou,2,229,1447
notaryproject/notation,630,FeynmanZhou,345,2310,2,1,33,187,yizha1,2,378,2497
notaryproject/notation,628,yizha1,430,3075,1,1,8,75,yizha1,1,438,3150
notaryproject/notation,625,yizha1,292,2313,8,3,419,2868,FeynmanZhou|patrickzheng200|yizha1,3,711,5181
notaryproject/notation,624,yizha1,150,1086,1,1,8,61,yizha1,1,158,1147
notaryproject/notation,623,yizha1,176,1210,17,7,658,4166,ghost|iamsamirzon|patrickzheng200|sajayantony|shizhMSFT|toddysm|yizha1,7,834,5376
notaryproject/notation,622,toddysm,159,1133,2,2,50,251,FeynmanZhou|patrickzheng200,3,209,1384
notaryproject/notation,621,toddysm,148,984,8,3,262,1585,ghost|toddysm|yizha1,3,410,2569
notaryproject/notation,620,toddysm,392,2850,4,3,277,1853,FeynmanZhou|JeyJeyGao|yizha1,4,669,4703
notaryproject/notation,618,toddysm,178,1244,2,1,24,137,yizha1,2,202,1381
notaryproject/notation,616,toddysm,125,695,10,7,150,907,FeynmanZhou|patrickzheng200|priteshbandi|rgnote|shizhMSFT|vaninrao10|yizha1,8,275,1602
notaryproject/notation,615,FeynmanZhou,423,2761,11,5,578,3561,FeynmanZhou|patrickzheng200|qweeah|shizhMSFT|toddysm,5,1001,6322
notaryproject/notation,614,yizha1,373,2477,11,6,1174,8341,FeynmanZhou|iamsamirzon|patrickzheng200|qweeah|toddysm|yizha1,6,1547,10818
notaryproject/notation,611,shizhMSFT,322,2836,0,0,0,0,,1,322,2836
notaryproject/notation,610,toddysm,114,740,2,2,185,1399,FeynmanZhou|toddysm,2,299,2139
notaryproject/notation,609,toddysm,185,1133,0,0,0,0,,1,185,1133
notaryproject/notation,605,toddysm,167,1155,8,3,202,1168,patrickzheng200|toddysm|yizha1,3,369,2323
notaryproject/notation,604,toddysm,180,1104,3,2,348,2138,FeynmanZhou|toddysm,2,528,3242
notaryproject/notation,600,FeynmanZhou,261,1858,1,1,17,79,yizha1,2,278,1937
notaryproject/notation,598,toddysm,105,656,13,5,1039,5972,github-actions[bot]|sajayantony|shizhMSFT|toddysm|yizha1,5,1144,6628
notaryproject/notation,597,yizha1,312,2029,2,1,24,124,yizha1,1,336,2153
notaryproject/notation,596,qweeah,71,513,1,1,24,146,yizha1,2,95,659
notaryproject/notation,590,yizha1,73,497,3,2,186,1331,patrickzheng200|yizha1,2,259,1828
notaryproject/notation,587,ningziwen,76,505,4,3,230,1412,FeynmanZhou|ningziwen|yizha1,3,306,1917
notaryproject/notation,586,dims,42,276,5,2,139,951,dims|yizha1,2,181,1227
notaryproject/notation,584,FeynmanZhou,102,674,0,0,0,0,,1,102,674
notaryproject/notation,582,yizha1,161,970,8,7,58,408,FeynmanZhou|JeyJeyGao|patrickzheng200|priteshbandi|shizhMSFT|vaninrao10|yizha1,7,219,1378
notaryproject/notation,578,dims,87,507,5,2,153,948,dims|toddysm,2,240,1455
notaryproject/notation,576,yizha1,166,1087,3,3,48,311,FeynmanZhou|priteshbandi|yizha1,3,214,1398
notaryproject/notation,575,yizha1,202,1277,3,1,52,281,yizha1,1,254,1558
notaryproject/notation,574,yizha1,164,1075,1,1,11,61,yizha1,1,175,1136
notaryproject/notation,572,priteshbandi,48,322,2,1,25,132,JeyJeyGao,2,73,454
notaryproject/notation,571,FeynmanZhou,159,1017,17,5,716,4466,FeynmanZhou|iamsamirzon|mintbomb27|shizhMSFT|yizha1,5,875,5483
notaryproject/notation,570,FeynmanZhou,137,953,4,3,99,592,FeynmanZhou|iamsamirzon|kokamkarsahil,3,236,1545
notaryproject/notation,562,Manas23601,380,2482,1,1,38,212,JeyJeyGao,2,418,2694
notaryproject/notation,549,yizha1,354,2241,16,5,1090,6762,FeynmanZhou|duffney|sajayantony|shizhMSFT|yizha1,5,1444,9003
notaryproject/notation,548,yizha1,327,2027,2,1,43,282,yizha1,1,370,2309
notaryproject/notation,547,shizhMSFT,107,724,3,3,224,1935,byronchien|sajayantony|yizha1,4,331,2659
notaryproject/notation,546,shizhMSFT,133,1071,4,4,303,1963,byronchien|priteshbandi|shizhMSFT|yizha1,4,436,3034
notaryproject/notation,545,byronchien,116,734,2,2,29,135,FeynmanZhou|Horiodino,3,145,869
notaryproject/notation,539,ningziwen,351,2115,11,6,760,4580,CalebSchwartz|FeynmanZhou|frgt10cs|ningziwen|rennerg|yizha1,6,1111,6695
notaryproject/notation,537,priteshbandi,143,923,5,4,148,866,iamsamirzon|mintbomb27|priteshbandi|yizha1,4,291,1789
notaryproject/notation,535,shizhMSFT,100,617,1,1,18,98,mintbomb27,2,118,715
notaryproject/notation,525,JeyJeyGao,88,563,0,0,0,0,,1,88,563
notaryproject/notation,519,toddysm,201,1457,7,5,63,347,SteveLasker|iamsamirzon|priteshbandi|vaninrao10|yizha1,6,264,1804
notaryproject/notation,518,shizhMSFT,144,935,2,2,120,741,FeynmanZhou|shizhMSFT,2,264,1676
notaryproject/notation,516,JeyJeyGao,53,336,0,0,0,0,,1,53,336
notaryproject/notation,514,toddysm,217,1426,6,5,244,1583,FeynmanZhou|SteveLasker|lachie83|toddysm|yizha1,5,461,3009
notaryproject/notation,513,byronchien,116,702,4,3,56,306,github-actions[bot]|mintbomb27|yizha1,4,172,1008
notaryproject/notation,511,travisjmsft,198,1247,7,5,271,1641,darracott|sajayantony|shizhMSFT|travisjmsft|yizha1,5,469,2888
notaryproject/notation,508,yizha1,222,1424,0,0,0,0,,1,222,1424
notaryproject/notation,506,vaninrao10,170,1160,0,0,0,0,,1,170,1160
notaryproject/notation,503,FeynmanZhou,111,813,9,5,441,2850,FeynmanZhou|JeyJeyGao|duffney|ningziwen|toddysm,5,552,3663
notaryproject/notation,492,gillg,445,2794,3,3,118,703,FeynmanZhou|gillg|yizha1,3,563,3497
notaryproject/notation,491,priteshbandi,59,373,3,2,49,262,github-actions[bot]|yizha1,3,108,635
notaryproject/notation,489,priteshbandi,23,207,2,1,28,168,yizha1,2,51,375
notaryproject/notation,482,patrickzheng200,106,603,0,0,0,0,,1,106,603
notaryproject/notation,477,jeremyrickard,218,1777,2,2,23,128,patrickzheng200|yizha1,3,241,1905
notaryproject/notation,476,jeremyrickard,311,2899,3,2,37,213,sajayantony|yizha1,3,348,3112
notaryproject/notation,475,jeremyrickard,218,1321,5,2,137,855,jeremyrickard|yizha1,2,355,2176
notaryproject/notation,473,jeremyrickard,298,2000,13,6,1176,7942,JeyJeyGao|jeremyrickard|loozhengyuan|ningziwen|shizhMSFT|yizha1,6,1474,9942
notaryproject/notation,470,yizha1,102,582,3,3,9,36,NiazFK|SteveLasker|yizha1,3,111,618
notaryproject/notation,463,FeynmanZhou,176,1477,2,2,17,94,patrickzheng200|yizha1,3,193,1571
notaryproject/notation,462,jeremyrickard,474,3606,3,2,89,522,patrickzheng200|yizha1,3,563,4128
notaryproject/notation,459,noelbundick-msft,302,2032,2,1,39,200,github-actions[bot],2,341,2232
notaryproject/notation,456,yizha1,95,591,0,0,0,0,,1,95,591
notaryproject/notation,455,yizha1,40,314,0,0,0,0,,1,40,314
notaryproject/notation,451,priteshbandi,26,209,2,2,27,186,priteshbandi|yizha1,2,53,395
notaryproject/notation,448,FeynmanZhou,58,337,1,1,22,127,FeynmanZhou,1,80,464
notaryproject/notation,444,yizha1,233,1460,14,6,1286,7808,AaronFriel|SteveLasker|nima|priteshbandi|shizhMSFT|yizha1,6,1519,9268
notaryproject/notation,443,priteshbandi,181,1454,2,1,34,237,yizha1,2,215,1691
notaryproject/notation,438,iamsamirzon,46,286,3,3,85,486,iamsamirzon|toddysm|yizha1,3,131,772
notaryproject/notation,446,vaninrao10,210,1742,2,2,29,162,FeynmanZhou|yizha1,3,239,1904
notaryproject/notation,431,toddysm,69,398,10,5,376,2160,FeynmanZhou|mintbomb27|priteshbandi|toddysm|yizha1,5,445,2558
notaryproject/notation,430,shizhMSFT,95,696,8,6,716,4533,FeynmanZhou|dtzar|iamsamirzon|priteshbandi|shizhMSFT|vaninrao10,6,811,5229
notaryproject/notation,429,shizhMSFT,80,575,3,3,60,483,priteshbandi|sajayantony|shizhMSFT,3,140,1058
notaryproject/notation,426,patrickzheng200,35,233,2,2,53,299,Manas23601|patrickzheng200,2,88,532
notaryproject/notation,424,yizha1,40,333,0,0,0,0,,1,40,333
notaryproject/notation,423,yizha1,81,526,1,1,10,67,priteshbandi,2,91,593
notaryproject/notation,422,yizha1,55,361,1,1,6,29,yizha1,1,61,390
notaryproject/notation,410,dtzar,86,446,5,2,108,592,priteshbandi|yizha1,3,194,1038
notaryproject/notation,409,vaninrao10,62,434,3,1,54,313,yizha1,2,116,747
notaryproject/notation,408,dtzar,40,278,5,2,112,565,dtzar|yizha1,2,152,843
notaryproject/notation,403,priteshbandi,117,745,7,4,365,2235,iamsamirzon|rgnote|shizhMSFT|yizha1,5,482,2980
notaryproject/notation,398,yizha1,89,554,18,8,2112,14130,FeynmanZhou|SteveLasker|dtzar|iamsamirzon|priteshbandi|sajayantony|toddysm|yizha1,8,2201,14684
notaryproject/notation,392,priteshbandi,106,884,4,3,250,1981,iamsamirzon|priteshbandi|yizha1,3,356,2865
notaryproject/notation,391,priteshbandi,62,412,4,2,140,784,dtzar|yizha1,3,202,1196
notaryproject/notation,390,priteshbandi,19,146,5,3,106,639,JeyJeyGao|priteshbandi|yizha1,3,125,785
notaryproject/notation,389,priteshbandi,29,222,0,0,0,0,,1,29,222
notaryproject/notation,388,priteshbandi,27,212,1,1,6,25,JeyJeyGao,2,33,237
notaryproject/notation,387,priteshbandi,7,53,1,1,13,84,yizha1,2,20,137
notaryproject/notation,386,priteshbandi,26,206,1,1,6,25,JeyJeyGao,2,32,231
notaryproject/notation,385,priteshbandi,28,221,1,1,6,25,JeyJeyGao,2,34,246
notaryproject/notation,383,FeynmanZhou,81,574,0,0,0,0,,1,81,574
notaryproject/notation,379,priteshbandi,17,112,2,2,148,991,chloeyin|patrickzheng200,3,165,1103
notaryproject/notation,377,yizha1,109,734,1,1,6,25,yizha1,1,115,759
notaryproject/notation,369,dtzar,89,495,1,1,10,47,yizha1,2,99,542
notaryproject/notation,347,dtzar,8,46,3,2,35,211,dtzar|vaninrao10,2,43,257
notaryproject/notation,346,yizha1,561,3949,2,1,21,102,yizha1,1,582,4051
notaryproject/notation,345,yizha1,121,808,4,3,47,291,FeynmanZhou|JeyJeyGao|yizha1,3,168,1099
notaryproject/notation,335,yizha1,54,336,2,2,88,511,FeynmanZhou|iamsamirzon,3,142,847
notaryproject/notation,328,JeyJeyGao,110,799,1,1,7,48,JeyJeyGao,1,117,847
notaryproject/notation,325,FeynmanZhou,113,761,5,4,402,2578,JeyJeyGao|dtzar|priteshbandi|rgnote,5,515,3339
notaryproject/notation,320,yizha1,110,770,16,5,467,2762,FeynmanZhou|dtzar|iamsamirzon|vaninrao10|yizha1,5,577,3532
notaryproject/notation,312,shizhMSFT,44,267,1,1,4,17,patrickzheng200,2,48,284
notaryproject/notation,310,yizha1,7,42,2,2,21,119,JeyJeyGao|yizha1,2,28,161
notaryproject/notation,307,FeynmanZhou,55,306,0,0,0,0,,1,55,306
notaryproject/notation,305,dtzar,103,662,2,2,54,373,dtzar|yizha1,2,157,1035
notaryproject/notation,304,yizha1,215,1600,9,6,732,5954,FeynmanZhou|dtzar|iamsamirzon|patrickzheng200|priteshbandi|yizha1,6,947,7554
notaryproject/notation,303,yizha1,157,1169,7,5,345,2627,FeynmanZhou|dtzar|patrickzheng200|shizhMSFT|yizha1,5,502,3796
notaryproject/notation,300,iamsamirzon,224,1407,13,7,333,1953,dtzar|gokarnm|iamsamirzon|patrickzheng200|priteshbandi|vaninrao10|yizha1,7,557,3360
notaryproject/notation,297,yizha1,76,468,1,1,8,37,yizha1,1,84,505
notaryproject/notation,292,yizha1,15,106,1,1,5,25,yizha1,1,20,131
notaryproject/notation,291,yizha1,15,101,1,1,5,25,yizha1,1,20,126
notaryproject/notation,290,yizha1,11,75,1,1,5,25,yizha1,1,16,100
notaryproject/notation,289,yizha1,12,77,1,1,13,75,yizha1,1,25,152
notaryproject/notation,288,yizha1,14,99,1,1,19,105,patrickzheng200,2,33,204
notaryproject/notation,287,yizha1,14,94,1,1,19,106,patrickzheng200,2,33,200
notaryproject/notation,284,FeynmanZhou,182,1204,5,3,90,519,FeynmanZhou|JeyJeyGao|susanshi,3,272,1723
notaryproject/notation,283,dtzar,19,122,5,5,92,575,dtzar|patrickzheng200|sajayantony|toddysm|yizha1,5,111,697
notaryproject/notation,281,iamsamirzon,73,473,3,2,75,475,shizhMSFT|yizha1,3,148,948
notaryproject/notation,280,iamsamirzon,54,361,3,3,40,290,iamsamirzon|priteshbandi|yizha1,3,94,651
notaryproject/notation,279,iamsamirzon,51,364,7,5,155,1040,dtzar|github-actions[bot]|priteshbandi|shizhMSFT|yizha1,6,206,1404
notaryproject/notation,277,shizhMSFT,47,247,4,3,99,546,JeyJeyGao|dtzar|shizhMSFT,3,146,793
notaryproject/notation,276,binbin-li,54,359,5,4,350,2460,FeynmanZhou|binbin-li|priteshbandi|yizha1,4,404,2819
notaryproject/notation,275,yizha1,125,803,2,2,11,59,JeyJeyGao|yizha1,2,136,862
notaryproject/notation,273,dtzar,45,344,1,1,13,68,priteshbandi,2,58,412
notaryproject/notation,272,dtzar,22,138,1,1,19,128,vaninrao10,2,41,266
notaryproject/notation,268,yizha1,130,875,5,5,187,1091,chloeyin|dtzar|gokarnm|patrickzheng200|yizha1,5,317,1966
notaryproject/notation,267,junczhu,84,473,0,0,0,0,,1,84,473
notaryproject/notation,259,yizha1,147,1071,12,6,618,3959,FeynmanZhou|chloeyin|iamsamirzon|patrickzheng200|rgnote|yizha1,6,765,5030
notaryproject/notation,258,chloeyin,739,7395,4,3,130,873,chloeyin|patrickzheng200|yizha1,3,869,8268
notaryproject/notation,254,dtzar,100,648,1,1,7,34,dtzar,1,107,682
notaryproject/notation,252,yizha1,248,1829,5,5,222,1370,JeyJeyGao|SteveLasker|iamsamirzon|shizhMSFT|yizha1,5,470,3199
notaryproject/notation,247,priteshbandi,104,740,2,1,21,103,binbin-li,2,125,843
notaryproject/notation,246,dtzar,59,388,1,1,17,93,yizha1,2,76,481
notaryproject/notation,245,dtzar,60,385,1,1,17,93,yizha1,2,77,478
notaryproject/notation,244,dtzar,71,442,1,1,51,302,dtzar,1,122,744
notaryproject/notation,243,dtzar,42,299,3,2,66,411,priteshbandi|yizha1,3,108,710
notaryproject/notation,242,dtzar,30,192,4,3,131,740,dtzar|iamsamirzon|yizha1,3,161,932
notaryproject/notation,241,dtzar,40,237,6,5,127,696,JeyJeyGao|dtzar|iamsamirzon|priteshbandi|yizha1,5,167,933
notaryproject/notation,240,dtzar,45,289,2,1,53,302,yizha1,2,98,591
notaryproject/notation,239,dtzar,45,289,1,1,15,92,dtzar,1,60,381
notaryproject/notation,238,dtzar,21,147,3,2,116,714,dtzar|iamsamirzon,2,137,861
notaryproject/notation,237,dtzar,55,354,2,2,37,182,dtzar|yizha1,2,92,536
notaryproject/notation,233,SteveLasker,13,98,2,1,39,200,github-actions[bot],2,52,298
notaryproject/notation,232,SteveLasker,13,99,2,1,39,200,github-actions[bot],2,52,299
notaryproject/notation,231,SteveLasker,15,109,1,1,32,161,dtzar,2,47,270
notaryproject/notation,230,SteveLasker,52,384,3,2,58,355,vaninrao10|yizha1,3,110,739
notaryproject/notation,229,SteveLasker,20,148,3,3,81,539,SteveLasker|iamsamirzon|priteshbandi,3,101,687
notaryproject/notation,228,SteveLasker,30,220,2,2,91,526,vaninrao10|yizha1,3,121,746
notaryproject/notation,227,SteveLasker,24,119,1,1,22,137,iamsamirzon,2,46,256
notaryproject/notation,226,SteveLasker,49,253,1,1,28,217,priteshbandi,2,77,470
notaryproject/notation,225,SteveLasker,50,276,2,2,45,278,iamsamirzon|yizha1,3,95,554
notaryproject/notation,224,SteveLasker,69,485,4,2,146,925,FeynmanZhou|yizha1,3,215,1410
notaryproject/notation,221,SteveLasker,11,68,0,0,0,0,,1,11,68
notaryproject/notation,220,SteveLasker,212,1970,0,0,0,0,,1,212,1970
notaryproject/notation,219,yizha1,30,247,1,1,6,26,yizha1,1,36,273
notaryproject/notation,217,yizha1,35,293,3,2,51,361,JeyJeyGao|shizhMSFT,3,86,654
notaryproject/notation,216,yizha1,32,253,2,2,31,204,dtzar|yizha1,2,63,457
notaryproject/notation,215,yizha1,35,263,0,0,0,0,,1,35,263
notaryproject/notation,214,dtzar,2,12,0,0,0,0,,1,2,12
notaryproject/notation,213,yizha1,35,271,1,1,8,28,yizha1,1,43,299
notaryproject/notation,211,FeynmanZhou,141,907,8,3,220,1268,binbin-li|dtzar|shizhMSFT,4,361,2175
notaryproject/notation,206,gokarnm,281,1920,8,4,306,1916,dtzar|gokarnm|iamsamirzon|shizhMSFT,4,587,3836
notaryproject/notation,204,SteveLasker,21,113,3,2,56,290,github-actions[bot]|toddysm,3,77,403
notaryproject/notation,203,gokarnm,131,834,22,7,1656,10356,JeyJeyGao|SteveLasker|dtzar|gokarnm|iamsamirzon|priteshbandi|shizhMSFT,7,1787,11190
notaryproject/notation,202,SteveLasker,69,475,1,1,6,28,SteveLasker,1,75,503
notaryproject/notation,197,FeynmanZhou,129,806,5,3,293,1877,FeynmanZhou|Wwwsylvia|dtzar,3,422,2683
notaryproject/notation,196,FeynmanZhou,6,35,0,0,0,0,,1,6,35
notaryproject/notation,194,dtzar,15,99,2,2,9,58,dtzar|shizhMSFT,2,24,157
notaryproject/notation,193,dtzar,67,420,9,6,369,2286,Manas23601|SteveLasker|dtzar|gokarnm|sajayantony|yizha1,6,436,2706
notaryproject/notation,191,dtzar,62,412,3,2,89,618,FeynmanZhou|dtzar,2,151,1030
notaryproject/notation,190,FeynmanZhou,78,488,0,0,0,0,,1,78,488
notaryproject/notation,183,qmuntal,113,703,4,4,70,374,SteveLasker|chloeyin|dtzar|shizhMSFT,5,183,1077
notaryproject/notation,182,iamsamirzon,104,627,5,2,131,749,SteveLasker|dtzar,3,235,1376
notaryproject/notation,167,gokarnm,30,209,5,3,255,1861,SteveLasker|gokarnm|shizhMSFT,3,285,2070
notaryproject/notation,163,SteveLasker,106,740,1,1,35,231,shizhMSFT,2,141,971
notaryproject/notation,162,SteveLasker,252,1608,5,4,371,2734,SteveLasker|dtzar|gokarnm|qmuntal,4,623,4342
notaryproject/notation,161,gokarnm,315,2430,2,2,2,13,SteveLasker|sajayantony,3,317,2443
notaryproject/notation,157,sozercan,67,412,8,4,181,1102,SteveLasker|dtzar|iamsamirzon|patrickzheng200,5,248,1514
notaryproject/notation,154,SteveLasker,15,99,1,1,14,74,dtzar,2,29,173
notaryproject/notation,151,rchincha,76,526,17,4,1058,6813,dtzar|gokarnm|hallyn|rchincha,4,1134,7339
notaryproject/notation,147,SteveLasker,52,286,0,0,0,0,,1,52,286
notaryproject/notation,145,bshaaban,133,796,2,2,169,1049,SteveLasker|bshaaban,2,302,1845
notaryproject/notation,143,SteveLasker,222,1440,5,3,292,1718,SteveLasker|shizhMSFT|sudo-bmitch,3,514,3158
notaryproject/notation,132,shizhMSFT,43,236,5,2,237,1407,sajayantony|shizhMSFT,2,280,1643
notaryproject/notation,131,shizhMSFT,57,359,0,0,0,0,,1,57,359
notaryproject/notation,130,shizhMSFT,77,547,0,0,0,0,,1,77,547
notaryproject/notation,129,nelson-wu,62,396,4,4,153,973,SteveLasker|priteshbandi|shizhMSFT|yizha1,5,215,1369
notaryproject/notation,128,nelson-wu,148,1125,14,6,837,6116,dtzar|ghost|iamsamirzon|patrickzheng200|priteshbandi|yizha1,7,985,7241
notaryproject/notation,127,shizhMSFT,41,196,6,3,74,446,SteveLasker|iamsamirzon|shizhMSFT,3,115,642
openpubkey/openpubkey,342,EthanHeilman,86,533,0,0,0,0,,1,86,533
openpubkey/openpubkey,335,pedrovelho,266,1852,0,0,0,0,,1,266,1852
openpubkey/openpubkey,331,EthanHeilman,59,318,0,0,0,0,,1,59,318
openpubkey/openpubkey,323,jas4711,162,1223,2,1,45,250,EthanHeilman,2,207,1473
openpubkey/openpubkey,321,EthanHeilman,113,743,0,0,0,0,,1,113,743
openpubkey/openpubkey,314,EthanHeilman,20,145,0,0,0,0,,1,20,145
openpubkey/openpubkey,313,net42-jkeil,163,967,1,1,502,3189,EthanHeilman,2,665,4156
openpubkey/openpubkey,305,your-diary,175,1031,4,2,1177,6986,EthanHeilman|your-diary,2,1352,8017
openpubkey/openpubkey,303,EthanHeilman,20,120,1,1,9,53,EthanHeilman,1,29,173
openpubkey/openpubkey,302,Jonhu,146,822,2,2,69,375,EthanHeilman|Jonhu,2,215,1197
openpubkey/openpubkey,301,ritesh,96,547,1,1,100,558,EthanHeilman,2,196,1105
openpubkey/openpubkey,300,EthanHeilman,22,124,0,0,0,0,,1,22,124
openpubkey/openpubkey,299,kbolino,32,180,3,2,31,178,EthanHeilman|kbolino,2,63,358
openpubkey/openpubkey,294,EthanHeilman,70,376,0,0,0,0,,1,70,376
openpubkey/openpubkey,290,EthanHeilman,58,292,1,1,9,58,EthanHeilman,1,67,350
openpubkey/openpubkey,287,EthanHeilman,66,424,3,2,166,1100,EthanHeilman|Lekensteyn,2,232,1524
openpubkey/openpubkey,286,EthanHeilman,134,807,0,0,0,0,,1,134,807
openpubkey/openpubkey,285,EthanHeilman,44,258,0,0,0,0,,1,44,258
openpubkey/openpubkey,284,EthanHeilman,19,107,1,1,12,67,EthanHeilman,1,31,174
openpubkey/openpubkey,283,EthanHeilman,270,1596,1,1,9,58,EthanHeilman,1,279,1654
openpubkey/openpubkey,279,EthanHeilman,93,539,0,0,0,0,,1,93,539
openpubkey/openpubkey,276,Lekensteyn,202,1314,2,1,324,1890,EthanHeilman,2,526,3204
openpubkey/openpubkey,275,Lekensteyn,383,2467,2,1,76,426,EthanHeilman,2,459,2893
openpubkey/openpubkey,274,simoon78,29,209,0,0,0,0,,1,29,209
openpubkey/openpubkey,272,EthanHeilman,56,334,1,1,117,715,Lekensteyn,2,173,1049
openpubkey/openpubkey,271,EthanHeilman,93,569,0,0,0,0,,1,93,569
openpubkey/openpubkey,270,EthanHeilman,56,365,0,0,0,0,,1,56,365
openpubkey/openpubkey,268,EthanHeilman,24,140,1,1,9,54,EthanHeilman,1,33,194
openpubkey/openpubkey,267,EthanHeilman,134,768,0,0,0,0,,1,134,768
openpubkey/openpubkey,263,EthanHeilman,27,156,0,0,0,0,,1,27,156
openpubkey/openpubkey,259,EthanHeilman,12,69,0,0,0,0,,1,12,69
openpubkey/openpubkey,256,EthanHeilman,36,239,0,0,0,0,,1,36,239
openpubkey/openpubkey,255,EthanHeilman,35,184,0,0,0,0,,1,35,184
openpubkey/openpubkey,254,EthanHeilman,182,3564,0,0,0,0,,1,182,3564
openpubkey/openpubkey,253,EthanHeilman,6,42,1,1,13,77,EthanHeilman,1,19,119
openpubkey/openpubkey,252,EthanHeilman,7,44,0,0,0,0,,1,7,44
openpubkey/openpubkey,251,EthanHeilman,8,50,0,0,0,0,,1,8,50
openpubkey/openpubkey,250,EthanHeilman,4,31,0,0,0,0,,1,4,31
openpubkey/openpubkey,249,EthanHeilman,61,370,0,0,0,0,,1,61,370
openpubkey/openpubkey,247,EthanHeilman,63,366,1,1,11,60,EthanHeilman,1,74,426
openpubkey/openpubkey,246,EthanHeilman,46,238,0,0,0,0,,1,46,238
openpubkey/openpubkey,245,EthanHeilman,244,1537,1,1,31,212,dickhardt,2,275,1749
openpubkey/openpubkey,243,EthanHeilman,21,123,0,0,0,0,,1,21,123
openpubkey/openpubkey,241,EthanHeilman,174,1061,1,1,14,93,EthanHeilman,1,188,1154
openpubkey/openpubkey,238,EthanHeilman,92,604,0,0,0,0,,1,92,604
openpubkey/openpubkey,236,EthanHeilman,35,217,1,1,9,58,EthanHeilman,1,44,275
openpubkey/openpubkey,232,EthanHeilman,60,315,0,0,0,0,,1,60,315
openpubkey/openpubkey,230,EthanHeilman,234,1326,0,0,0,0,,1,234,1326
openpubkey/openpubkey,226,EthanHeilman,127,753,0,0,0,0,,1,127,753
openpubkey/openpubkey,225,EthanHeilman,28,154,1,1,16,95,EthanHeilman,1,44,249
openpubkey/openpubkey,216,EthanHeilman,72,418,0,0,0,0,,1,72,418
openpubkey/openpubkey,215,EthanHeilman,162,943,5,2,116,648,EthanHeilman|SaahilNotSahil,2,278,1591
openpubkey/openpubkey,214,EthanHeilman,202,1134,0,0,0,0,,1,202,1134
openpubkey/openpubkey,213,EthanHeilman,284,1930,0,0,0,0,,1,284,1930
openpubkey/openpubkey,212,EthanHeilman,17,82,0,0,0,0,,1,17,82
openpubkey/openpubkey,207,EthanHeilman,110,761,2,2,6,49,EthanHeilman|sarkarbikram90,2,116,810
openpubkey/openpubkey,202,EthanHeilman,320,2109,1,1,38,198,EthanHeilman,1,358,2307
openpubkey/openpubkey,199,EthanHeilman,68,396,2,2,38,211,EthanHeilman|SaahilNotSahil,2,106,607
openpubkey/openpubkey,191,EthanHeilman,121,686,0,0,0,0,,1,121,686
openpubkey/openpubkey,190,EthanHeilman,103,561,11,2,499,2959,EthanHeilman|RishavKumarSinha,2,602,3520
openpubkey/openpubkey,189,EthanHeilman,39,216,5,2,112,635,EthanHeilman|sarkarbikram90,2,151,851
openpubkey/openpubkey,187,EthanHeilman,26,174,0,0,0,0,,1,26,174
openpubkey/openpubkey,185,EthanHeilman,195,1307,4,2,146,841,EthanHeilman|thebigbone,2,341,2148
openpubkey/openpubkey,184,EthanHeilman,538,3580,4,2,128,683,EthanHeilman|mrjoelkamp,2,666,4263
openpubkey/openpubkey,183,EthanHeilman,60,331,0,0,0,0,,1,60,331
openpubkey/openpubkey,178,EthanHeilman,79,389,0,0,0,0,,1,79,389
openpubkey/openpubkey,176,EthanHeilman,112,715,5,2,160,875,EthanHeilman|thebigbone,2,272,1590
openpubkey/openpubkey,175,EthanHeilman,62,474,4,2,55,302,EthanHeilman|roceb,2,117,776
openpubkey/openpubkey,173,EthanHeilman,48,321,0,0,0,0,,1,48,321
openpubkey/openpubkey,172,EthanHeilman,87,521,0,0,0,0,,1,87,521
openpubkey/openpubkey,169,EthanHeilman,76,492,0,0,0,0,,1,76,492
openpubkey/openpubkey,168,EthanHeilman,32,191,0,0,0,0,,1,32,191
openpubkey/openpubkey,166,EthanHeilman,482,3468,1,1,90,507,EthanHeilman,1,572,3975
openpubkey/openpubkey,165,EthanHeilman,16,104,0,0,0,0,,1,16,104
openpubkey/openpubkey,164,EthanHeilman,648,4158,1,1,23,126,EthanHeilman,1,671,4284
openpubkey/openpubkey,162,EthanHeilman,48,317,0,0,0,0,,1,48,317
openpubkey/openpubkey,161,EthanHeilman,41,250,0,0,0,0,,1,41,250
openpubkey/openpubkey,160,EthanHeilman,131,887,0,0,0,0,,1,131,887
openpubkey/openpubkey,159,EthanHeilman,111,745,0,0,0,0,,1,111,745
openpubkey/openpubkey,158,EthanHeilman,66,396,0,0,0,0,,1,66,396
openpubkey/openpubkey,157,EthanHeilman,317,2840,0,0,0,0,,1,317,2840
openpubkey/openpubkey,155,EthanHeilman,7,50,1,1,17,105,EthanHeilman,1,24,155
openpubkey/openpubkey,154,EthanHeilman,30,228,1,1,16,105,EthanHeilman,1,46,333
openpubkey/openpubkey,153,EthanHeilman,92,524,2,1,39,202,EthanHeilman,1,131,726
openpubkey/openpubkey,151,EthanHeilman,60,434,1,1,40,249,EthanHeilman,1,100,683
openpubkey/openpubkey,150,EthanHeilman,118,737,0,0,0,0,,1,118,737
openpubkey/openpubkey,149,EthanHeilman,1220,8484,1,1,18,108,EthanHeilman,1,1238,8592
openpubkey/openpubkey,148,EthanHeilman,47,271,0,0,0,0,,1,47,271
openpubkey/openpubkey,147,EthanHeilman,107,661,1,1,3,14,EthanHeilman,1,110,675
openpubkey/openpubkey,146,EthanHeilman,53,368,1,1,5,23,EthanHeilman,1,58,391
openpubkey/openpubkey,145,EthanHeilman,753,4393,0,0,0,0,,1,753,4393
openpubkey/openpubkey,140,EthanHeilman,46,259,0,0,0,0,,1,46,259
openpubkey/openpubkey,138,EthanHeilman,144,1109,0,0,0,0,,1,144,1109
openpubkey/openpubkey,137,EthanHeilman,60,318,1,1,3,14,EthanHeilman,1,63,332
openpubkey/openpubkey,136,EthanHeilman,272,2381,0,0,0,0,,1,272,2381
openpubkey/openpubkey,135,EthanHeilman,67,382,0,0,0,0,,1,67,382
openpubkey/openpubkey,134,EthanHeilman,100,552,0,0,0,0,,1,100,552
openpubkey/openpubkey,133,EthanHeilman,79,536,0,0,0,0,,1,79,536
openpubkey/openpubkey,130,EthanHeilman,307,1800,1,1,6,40,EthanHeilman,1,313,1840
openpubkey/openpubkey,127,EthanHeilman,224,1502,0,0,0,0,,1,224,1502
openpubkey/openpubkey,126,EthanHeilman,178,1115,0,0,0,0,,1,178,1115
openpubkey/openpubkey,120,EthanHeilman,42,239,0,0,0,0,,1,42,239
openpubkey/openpubkey,115,EthanHeilman,51,323,0,0,0,0,,1,51,323
openpubkey/openpubkey,109,EthanHeilman,444,2646,1,1,171,1334,EthanHeilman,1,615,3980
openpubkey/openpubkey,107,EthanHeilman,150,969,1,1,15,95,EthanHeilman,1,165,1064
openpubkey/openpubkey,104,davidwalter0,63,393,4,1,163,1033,EthanHeilman,2,226,1426
openpubkey/openpubkey,103,jonnystoten,435,2548,2,1,593,3476,EthanHeilman,2,1028,6024
openpubkey/openpubkey,101,EthanHeilman,820,5665,1,1,43,238,EthanHeilman,1,863,5903
openpubkey/openpubkey,100,EthanHeilman,885,5724,1,1,8,49,EthanHeilman,1,893,5773
openpubkey/openpubkey,94,hetlelid,53,334,2,1,79,407,EthanHeilman,2,132,741
openpubkey/openpubkey,92,EthanHeilman,134,945,0,0,0,0,,1,134,945
openpubkey/openpubkey,91,EthanHeilman,111,682,0,0,0,0,,1,111,682
openpubkey/openpubkey,85,EthanHeilman,53,380,0,0,0,0,,1,53,380
openpubkey/openpubkey,84,EthanHeilman,145,839,1,1,30,160,EthanHeilman,1,175,999
openpubkey/openpubkey,82,EthanHeilman,211,1386,2,2,58,298,EthanHeilman|whalelines,2,269,1684
openpubkey/openpubkey,80,EthanHeilman,199,1181,0,0,0,0,,1,199,1181
openpubkey/openpubkey,78,EthanHeilman,46,281,0,0,0,0,,1,46,281
openpubkey/openpubkey,77,EthanHeilman,20,109,1,1,9,58,EthanHeilman,1,29,167
openpubkey/openpubkey,76,EthanHeilman,145,829,2,2,58,333,EthanHeilman|ymarcus93,2,203,1162
openpubkey/openpubkey,69,johncmerfeld,65,371,0,0,0,0,,1,65,371
openpubkey/openpubkey,62,jonnystoten,103,687,1,1,6,27,lgmugnier,2,109,714
openpubkey/openpubkey,61,kipz,93,485,3,3,1129,6655,EthanHeilman|jonnystoten|kipz,3,1222,7140
openpubkey/openpubkey,58,lgmugnier,91,532,1,1,51,309,EthanHeilman,2,142,841
openpubkey/openpubkey,57,EthanHeilman,62,376,0,0,0,0,,1,62,376
openpubkey/openpubkey,56,jonnystoten,209,1211,4,2,130,710,johncmerfeld|jonnystoten,2,339,1921
openpubkey/openpubkey,53,mrjoelkamp,111,744,2,2,45,253,EthanHeilman|mrjoelkamp,2,156,997
openpubkey/openpubkey,52,mrjoelkamp,180,1207,1,1,38,216,lgmugnier,2,218,1423
openpubkey/openpubkey,51,mrjoelkamp,93,596,2,2,45,253,EthanHeilman|mrjoelkamp,2,138,849
openpubkey/openpubkey,50,mrjoelkamp,995,6526,3,2,520,3187,EthanHeilman|mrjoelkamp,2,1515,9713
openpubkey/openpubkey,47,mrjoelkamp,174,1126,1,1,7,48,mrjoelkamp,1,181,1174
openpubkey/openpubkey,34,lgmugnier,186,1098,6,3,1442,8688,EthanHeilman|jonnystoten|lgmugnier,3,1628,9786
openpubkey/openpubkey,33,EthanHeilman,169,1132,1,1,23,131,EthanHeilman,1,192,1263
openpubkey/openpubkey,31,EthanHeilman,551,4173,2,2,95,578,EthanHeilman|lgmugnier,2,646,4751
openpubkey/openpubkey,26,aarongoldenthal-work,32,180,7,3,892,5775,EthanHeilman|jonnystoten|kipz,4,924,5955
openpubkey/openpubkey,18,jonnystoten,46,259,0,0,0,0,,1,46,259
openpubkey/openpubkey,16,jonnystoten,157,811,0,0,0,0,,1,157,811
openpubkey/openpubkey,15,EthanHeilman,530,3674,10,2,1192,7026,EthanHeilman|jonnystoten,2,1722,10700
openpubkey/openpubkey,13,jonnystoten,12,65,0,0,0,0,,1,12,65
openpubkey/openpubkey,12,jonnystoten,44,204,0,0,0,0,,1,44,204
openpubkey/openpubkey,11,EthanHeilman,263,1676,1,1,62,392,EthanHeilman,1,325,2068
openpubkey/openpubkey,10,jonnystoten,53,292,0,0,0,0,,1,53,292
openpubkey/openpubkey,9,jonnystoten,29,177,0,0,0,0,,1,29,177
openpubkey/openpubkey,8,jonnystoten,28,175,0,0,0,0,,1,28,175
openpubkey/openpubkey,7,jonnystoten,140,834,12,4,1628,8885,EthanHeilman|anderspitman|jonnystoten|kipz,4,1768,9719
openpubkey/openpubkey,6,jonnystoten,3,19,1,1,459,3723,tg123,2,462,3742
openpubkey/openpubkey,5,jonnystoten,53,278,0,0,0,0,,1,53,278
openpubkey/openpubkey,4,jonnystoten,52,383,0,0,0,0,,1,52,383
sigstore/cosign,4513,sirish-manu1,153,848,8,4,604,4403,cmurphy|haydentherapper|sirish-manu1|steiza,4,757,5251
sigstore/cosign,4507,cck1860,194,1039,2,2,81,429,cck1860|cmurphy,2,275,1468
sigstore/cosign,4506,frezbo,80,463,2,2,34,155,cmurphy|frezbo,2,114,618
sigstore/cosign,4505,sumkincpp,152,996,1,1,25,175,haydentherapper,2,177,1171
sigstore/cosign,4504,rabajaj0509,76,565,1,1,5,123,rabajaj0509,1,81,688
sigstore/cosign,4503,rams3sh,240,1887,4,3,217,1370,haydentherapper|rabajaj0509|rams3sh,3,457,3257
sigstore/cosign,4500,haydentherapper,60,372,0,0,0,0,,1,60,372
sigstore/cosign,4497,ralphbean,568,3873,0,0,0,0,,1,568,3873
sigstore/cosign,4496,ralphbean,102,726,4,2,316,1885,cmurphy|ralphbean,2,418,2611
sigstore/cosign,4494,ralphbean,127,757,0,0,0,0,,1,127,757
sigstore/cosign,4493,almet,95,545,1,1,8,57,cmurphy,2,103,602
sigstore/cosign,4488,BorekZnovustvoritel,50,290,8,4,527,3790,BorekZnovustvoritel|haydentherapper|jasaltvik|ricardbejarano,4,577,4080
sigstore/cosign,4476,164040013620,38,225,0,0,0,0,,1,38,225
sigstore/cosign,4474,caarlos0,91,608,2,2,25,110,caarlos0|haydentherapper,2,116,718
sigstore/cosign,4470,apyrgio,91,520,5,4,73,462,Munken|b3n3d17|haydentherapper|steiza,5,164,982
sigstore/cosign,4469,augjoh,110,716,1,1,54,345,haydentherapper,2,164,1061
sigstore/cosign,4468,apyrgio,346,2771,1,1,226,1582,paroque28,2,572,4353
sigstore/cosign,4467,simonostendorf,144,913,1,1,83,539,cmurphy,2,227,1452
sigstore/cosign,4466,Dith3r,46,262,3,3,1997,20291,Dith3r|Montiwa11|cmurphy,3,2043,20553
sigstore/cosign,4465,baal-lgln,198,1231,4,2,371,2715,baal-lgln|cmurphy,2,569,3946
sigstore/cosign,4464,apyrgio,161,1353,2,2,152,963,apyrgio|werwty,2,313,2316
sigstore/cosign,4463,nipil,172,1017,3,2,56,325,haydentherapper|nipil,2,228,1342
sigstore/cosign,4459,ToBeReplaced,103,569,4,2,339,2177,ToBeReplaced|haydentherapper,2,442,2746
sigstore/cosign,4454,apyrgio,466,3111,5,3,937,5540,apyrgio|haydentherapper|vszakats,3,1403,8651
sigstore/cosign,4452,vishrane,164,1019,4,3,57,358,bobcallaway|haydentherapper|vishrane,3,221,1377
sigstore/cosign,4438,jku,151,930,0,0,0,0,,1,151,930
sigstore/cosign,4424,haydentherapper,46,287,0,0,0,0,,1,46,287
sigstore/cosign,4422,RingoDev,305,2291,1,1,20,120,RingoDev,1,325,2411
sigstore/cosign,4412,crispysipper,339,2176,1,1,18,104,crispysipper,1,357,2280
sigstore/cosign,4406,jku,110,579,7,3,292,1611,haydentherapper|jku|steiza,3,402,2190
sigstore/cosign,4400,BorekZnovustvoritel,292,1836,2,2,27,141,BorekZnovustvoritel|haydentherapper,2,319,1977
sigstore/cosign,4399,venerari,665,5419,2,2,83,747,crispysipper|venerari,2,748,6166
sigstore/cosign,4387,gm42,163,1381,2,2,255,1422,ralphbean|sudo-bmitch,3,418,2803
sigstore/cosign,4373,github-actions[bot],34,246,1,1,4,25,haydentherapper,2,38,271
sigstore/cosign,4372,haydentherapper,83,622,4,3,147,887,crispysipper|haydentherapper|steiza,3,230,1509
sigstore/cosign,4358,yeikel,314,3468,11,3,314,1810,cpanato|haydentherapper|yeikel,3,628,5278
sigstore/cosign,4356,github-actions[bot],34,246,1,1,5,38,haydentherapper,2,39,284
sigstore/cosign,4354,steiza,469,3076,5,3,403,2383,haydentherapper|steiza|sudo-bmitch,3,872,5459
sigstore/cosign,4348,hschink,288,2251,0,0,0,0,,1,288,2251
sigstore/cosign,4344,th3coop,126,938,0,0,0,0,,1,126,938
sigstore/cosign,4335,arewm,669,4765,7,3,820,4819,arewm|steiza|sudo-bmitch,3,1489,9584
sigstore/cosign,4331,caarlos0,193,1619,1,1,25,152,haydentherapper,2,218,1771
sigstore/cosign,4330,emilyzheng,140,950,2,2,310,2135,arthurus-rex|emilyzheng,2,450,3085
sigstore/cosign,4327,haydentherapper,73,473,0,0,0,0,,1,73,473
sigstore/cosign,4324,haydentherapper,131,730,1,1,25,156,haydentherapper,1,156,886
sigstore/cosign,4317,dancer430,59,532,2,1,28,195,dancer430,1,87,727
sigstore/cosign,4308,steiza,114,648,0,0,0,0,,1,114,648
sigstore/cosign,4303,aram535,70,412,5,3,237,1397,ahmad-kemsan|aram535|haydentherapper,3,307,1809
sigstore/cosign,4302,theCalcaholic,184,1048,0,0,0,0,,1,184,1048
sigstore/cosign,4301,theCalcaholic,170,960,0,0,0,0,,1,170,960
sigstore/cosign,4300,arubegonsan,307,2208,2,2,171,991,arubegonsan|steiza,2,478,3199
sigstore/cosign,4296,github-actions[bot],34,246,0,0,0,0,,1,34,246
sigstore/cosign,4284,namewasntfound,123,813,5,3,353,2321,cmurphy|haydentherapper|namewasntfound,3,476,3134
sigstore/cosign,4283,dirsigler,68,419,2,2,57,348,haydentherapper|knrc,3,125,767
sigstore/cosign,4282,haydentherapper,95,624,0,0,0,0,,1,95,624
sigstore/cosign,4281,haydentherapper,103,673,1,1,8,45,haydentherapper,1,111,718
sigstore/cosign,4277,lefosg,256,2084,0,0,0,0,,1,256,2084
sigstore/cosign,4263,DaGhostman,231,1363,0,0,0,0,,1,231,1363
sigstore/cosign,4261,dmitris,478,4064,1,1,18,94,dmitris,1,496,4158
sigstore/cosign,4251,cmurphy,104,683,0,0,0,0,,1,104,683
sigstore/cosign,4238,marcelamelara,135,820,3,2,191,1095,haydentherapper|steiza,3,326,1915
sigstore/cosign,4227,bastimeyer,542,3549,3,2,193,1206,Vinfall|haydentherapper,3,735,4755
sigstore/cosign,4226,Ewelkaka,8,130,0,0,0,0,,1,8,130
sigstore/cosign,4221,haydentherapper,586,3906,11,7,1283,7511,antheas|cmurphy|haydentherapper|jas4711|tianon|tuminoid|vindvaki,7,1869,11417
sigstore/cosign,4214,frederi-co,79,759,1,1,10,92,haydentherapper,2,89,851
sigstore/cosign,4212,mukhan-axon,171,996,1,1,33,175,haydentherapper,2,204,1171
sigstore/cosign,4210,steiza,240,1381,5,2,705,4238,haydentherapper|steiza,2,945,5619
sigstore/cosign,4207,sarathkumarpgm,373,2654,2,2,1761,18575,Deep232|sarathkumarpgm,2,2134,21229
sigstore/cosign,4204,ralphbean,243,1932,1,1,97,597,lefosg,2,340,2529
sigstore/cosign,4193,arthurus-rex,153,923,1,1,4,26,arthurus-rex,1,157,949
sigstore/cosign,4186,zetti12345,105,731,3,2,398,2915,haydentherapper|zetti12345,2,503,3646
sigstore/cosign,4163,lefosg,64,353,3,3,182,1109,lefosg|nuugen|trumant,3,246,1462
sigstore/cosign,4158,babakks,156,1046,1,1,5,26,bobcallaway,2,161,1072
sigstore/cosign,4145,github-actions[bot],34,246,1,1,7,44,bobcallaway,2,41,290
sigstore/cosign,4142,crispysipper,223,1471,0,0,0,0,,1,223,1471
sigstore/cosign,4141,dmitris,224,1586,0,0,0,0,,1,224,1586
sigstore/cosign,4140,nicxso,195,1288,4,3,223,1541,haydentherapper|nicxso|tommyd450,3,418,2829
sigstore/cosign,4134,cck1860,182,1137,0,0,0,0,,1,182,1137
sigstore/cosign,4133,candrews,437,5218,1,1,5,24,bobcallaway,2,442,5242
sigstore/cosign,4123,crispysipper,158,1053,1,1,102,612,crispysipper,1,260,1665
sigstore/cosign,4121,RoyalOughtness,177,1368,6,3,634,7031,HastD|RoyalOughtness|bobcallaway,3,811,8399
sigstore/cosign,4120,dpateriya,151,1028,0,0,0,0,,1,151,1028
sigstore/cosign,4119,scop,63,373,0,0,0,0,,1,63,373
sigstore/cosign,4112,ramonpetgrave64,112,732,3,2,45,231,krisharyan|ramonpetgrave64,2,157,963
sigstore/cosign,4101,miyunari,395,3151,0,0,0,0,,1,395,3151
sigstore/cosign,4100,CyberSecurityBox,238,1808,4,2,178,1066,CyberSecurityBox|kommendorkapten,2,416,2874
sigstore/cosign,4098,bkabrda,317,1943,4,2,208,1159,bkabrda|haydentherapper,2,525,3102
sigstore/cosign,4087,BrianGorter078,38,188,2,1,31,294,cpanato,2,69,482
sigstore/cosign,4078,dmitris,552,3684,0,0,0,0,,1,552,3684
sigstore/cosign,4076,stgrace,69,493,0,0,0,0,,1,69,493
sigstore/cosign,4048,MPritsch,209,1487,6,4,204,1095,MPritsch|bobcallaway|candrews|ruospalo,4,413,2582
sigstore/cosign,4026,monkeysandy,243,1422,2,2,274,1599,haydentherapper|monkeysandy,2,517,3021
sigstore/cosign,4024,cck1860,291,2284,0,0,0,0,,1,291,2284
sigstore/cosign,4020,DHEEMAN2912,488,4278,0,0,0,0,,1,488,4278
sigstore/cosign,4019,TomHennen,397,2611,12,4,1708,10123,TomHennen|codysoyland|haydentherapper|steiza,4,2105,12734
sigstore/cosign,4012,unusualevent,19,112,1,1,15,99,haydentherapper,2,34,211
sigstore/cosign,4005,pkwiatkowski1,72,488,0,0,0,0,,1,72,488
sigstore/cosign,4002,github-actions[bot],34,246,1,1,9,41,codysoyland,2,43,287
sigstore/cosign,3996,billionairiam,141,997,1,1,31,171,haydentherapper,2,172,1168
sigstore/cosign,3995,crispysipper,331,2135,0,0,0,0,,1,331,2135
sigstore/cosign,3984,cpanato,88,621,5,2,52,331,cpanato|haydentherapper,2,140,952
sigstore/cosign,3983,gmpinder,573,4620,3,2,190,1593,cpanato|gmpinder,2,763,6213
sigstore/cosign,3981,warrenhodg,82,512,1,1,6,24,warrenhodg,1,88,536
sigstore/cosign,3980,srinics,455,3189,1,1,7,34,da-moon,2,462,3223
sigstore/cosign,3977,compemperor,155,1061,0,0,0,0,,1,155,1061
sigstore/cosign,3976,tuminoid,464,3796,0,0,0,0,,1,464,3796
sigstore/cosign,3970,candrews,481,4550,1,1,22,105,haydentherapper,2,503,4655
sigstore/cosign,3963,zetti12345,148,977,8,3,745,4886,bobcallaway|naveenthangaraj03|zetti12345,3,893,5863
sigstore/cosign,3961,steiza,120,771,8,5,800,4756,ChristianCiach|codysoyland|haydentherapper|ramonpetgrave64|steiza,5,920,5527
sigstore/cosign,3952,Gennady-tech,44,272,2,2,30,162,Gennady-tech|haydentherapper,2,74,434
sigstore/cosign,3948,Gennady-tech,133,1272,3,3,258,1591,Gennady-tech|crispysipper|haydentherapper,3,391,2863
sigstore/cosign,3947,john-r-swyftx,451,3372,3,2,44,268,bobcallaway|john-r-swyftx,2,495,3640
sigstore/cosign,3946,bkabrda,377,2178,4,3,251,1407,bkabrda|haydentherapper|vipulagarwal,3,628,3585
sigstore/cosign,3944,axi92,23,121,1,1,25,146,haydentherapper,2,48,267
sigstore/cosign,3941,jas4711,122,703,0,0,0,0,,1,122,703
sigstore/cosign,3940,csktan,129,810,1,1,48,295,nuugen,2,177,1105
sigstore/cosign,3935,wieringen,206,1317,8,4,656,3912,ChristianCiach|codysoyland|haydentherapper|wieringen,4,862,5229
sigstore/cosign,3932,steiza,88,512,0,0,0,0,,1,88,512
sigstore/cosign,3930,steiza,74,451,0,0,0,0,,1,74,451
sigstore/cosign,3929,lucstjean-ssc,132,961,7,2,310,2414,bobcallaway|lucstjean-ssc,2,442,3375
sigstore/cosign,3928,sidYana,370,2773,1,1,9,45,sidYana,1,379,2818
sigstore/cosign,3927,codysoyland,822,5457,8,6,994,5652,bkabrda|codysoyland|haydentherapper|kommendorkapten|steiza|sudo-bmitch,6,1816,11109
sigstore/cosign,3926,cperlman,231,1799,5,2,534,3076,cperlman|haydentherapper,2,765,4875
sigstore/cosign,3921,Flores-21,55,391,1,1,1,1,Flores-21,1,56,392
sigstore/cosign,3919,mendhak,106,679,2,2,144,938,fmoessbauer|haydentherapper,3,250,1617
sigstore/cosign,3916,pgpx,900,6059,0,0,0,0,,1,900,6059
sigstore/cosign,3915,zpon,138,860,0,0,0,0,,1,138,860
sigstore/cosign,3913,petercanva,265,1711,2,2,17,94,krisharyan|welcor,3,282,1805
sigstore/cosign,3911,andy778,63,446,0,0,0,0,,1,63,446
sigstore/cosign,3908,hallyn,20,127,0,0,0,0,,1,20,127
sigstore/cosign,3906,goatwu1993,143,849,1,1,13,70,goatwu1993,1,156,919
sigstore/cosign,3905,jdesouza,98,1256,1,1,7,36,haydentherapper,2,105,1292
sigstore/cosign,3903,cperlman,163,1154,2,2,53,420,bobcallaway|cperlman,2,216,1574
sigstore/cosign,3890,alecrevangelista,431,3004,1,1,11,63,haydentherapper,2,442,3067
sigstore/cosign,3885,omkhard,349,2217,0,0,0,0,,1,349,2217
sigstore/cosign,3883,sota1235,114,789,0,0,0,0,,1,114,789
sigstore/cosign,3880,slmsbrhgn,210,1679,0,0,0,0,,1,210,1679
sigstore/cosign,3879,codysoyland,852,7334,2,2,189,1413,codysoyland|steiza,2,1041,8747
sigstore/cosign,3878,cmurphy,503,3223,0,0,0,0,,1,503,3223
sigstore/cosign,3875,cmurphy,399,2895,2,2,448,2724,cmurphy|haydentherapper,2,847,5619
sigstore/cosign,3873,lcarva,201,1430,3,3,601,3620,haydentherapper|jku|lcarva,3,802,5050
sigstore/cosign,3865,k0s15,85,507,0,0,0,0,,1,85,507
sigstore/cosign,3855,steiza,430,2920,1,1,11,82,steiza,1,441,3002
sigstore/cosign,3846,candrews,276,2050,0,0,0,0,,1,276,2050
sigstore/cosign,3845,LionnelC,166,2139,1,1,8,62,haydentherapper,2,174,2201
sigstore/cosign,3842,jiglesia3,57,346,2,2,80,507,cnwaldron|haydentherapper,3,137,853
sigstore/cosign,3836,FalcoSuessgott,380,5311,4,2,322,4602,FalcoSuessgott|haydentherapper,2,702,9913
sigstore/cosign,3835,vigno88,128,858,1,1,82,493,haydentherapper,2,210,1351
sigstore/cosign,3832,bkabrda,207,1515,3,2,214,1160,bkabrda|slimm609,2,421,2675
sigstore/cosign,3831,rvillane,254,1875,2,2,61,325,haydentherapper|loicsikidi,3,315,2200
sigstore/cosign,3807,trevorlinton,258,1670,0,0,0,0,,1,258,1670
sigstore/cosign,3805,stephen-fox,247,1493,1,1,8,40,haydentherapper,2,255,1533
sigstore/cosign,3798,bkabrda,104,686,0,0,0,0,,1,104,686
sigstore/cosign,3795,cx-shahar-shurki,116,761,0,0,0,0,,1,116,761
sigstore/cosign,3794,haydentherapper,246,1766,7,5,1427,8791,codysoyland|haydentherapper|steiza|wking|woodruffw,5,1673,10557
sigstore/cosign,3786,arthurus-rex,226,1273,5,3,218,1559,arthurus-rex|cwpearce|haydentherapper,3,444,2832
sigstore/cosign,3779,dmitris,128,804,1,1,222,1667,dmitris,1,350,2471
sigstore/cosign,3778,mark-trellix,261,1982,1,1,13,77,sachincool,2,274,2059
sigstore/cosign,3777,mattmoor,79,604,6,2,530,3068,haydentherapper|mattmoor,2,609,3672
sigstore/cosign,3775,dmitris,342,3305,1,1,12,97,dmitris,1,354,3402
sigstore/cosign,3763,bminahan73,47,261,1,1,12,66,bminahan73,1,59,327
sigstore/cosign,3760,dmitris,59,402,4,2,96,507,cpanato|dmitris,2,155,909
sigstore/cosign,3759,dmitris,42,293,0,0,0,0,,1,42,293
sigstore/cosign,3758,blueacidification,146,1108,1,1,15,94,blueacidification,1,161,1202
sigstore/cosign,3757,blueacidification,141,1103,2,2,70,427,blueacidification|lefosg,2,211,1530
sigstore/cosign,3751,GarrykZ,1640,14624,1,1,7,42,GarrykZ,1,1647,14666
sigstore/cosign,3750,Silvanoc,108,679,1,1,63,374,Silvanoc,1,171,1053
sigstore/cosign,3746,nipil,130,783,6,2,946,6188,haydentherapper|nipil,2,1076,6971
sigstore/cosign,3743,Meeki1l,45,325,0,0,0,0,,1,45,325
sigstore/cosign,3742,joostd,215,1470,0,0,0,0,,1,215,1470
sigstore/cosign,3740,maxlambrecht,245,2048,0,0,0,0,,1,245,2048
sigstore/cosign,3727,wlynch,125,835,1,1,2,9,cpanato,2,127,844
sigstore/cosign,3720,vishal-chdhry,277,2276,1,1,40,259,haydentherapper,2,317,2535
sigstore/cosign,3719,suryabaiarava,143,984,2,2,158,1024,rmontag-ap|t-settle,3,301,2008
sigstore/cosign,3709,suryabaiarava,143,984,1,1,2,8,fernandokarnagi,2,145,992
sigstore/cosign,3700,haydentherapper,156,981,10,5,941,5815,cmurphy|dmitris|haydentherapper|jku|steiza,5,1097,6796
sigstore/cosign,3699,saschagrunert,272,1895,2,2,89,585,haydentherapper|saschagrunert,2,361,2480
sigstore/cosign,3685,marklechner,128,766,1,1,14,96,marklechner,1,142,862
sigstore/cosign,3678,ArubaTest,244,2535,1,1,26,145,haydentherapper,2,270,2680
sigstore/cosign,3677,justpolidor,579,5798,1,1,42,248,justpolidor,1,621,6046
sigstore/cosign,3671,dhaus67,175,1371,2,2,52,314,dhaus67|haydentherapper,2,227,1685
sigstore/cosign,3669,Mukuls77,217,1363,2,2,97,538,Mukuls77|loosebazooka,2,314,1901
sigstore/cosign,3659,MinerYang,262,5616,5,3,124,746,MinerYang|Silvanoc|bobcallaway,3,386,6362
sigstore/cosign,3658,abakerwrs,247,1441,0,0,0,0,,1,247,1441
sigstore/cosign,3657,RockRich,408,3712,1,1,16,104,haydentherapper,2,424,3816
sigstore/cosign,3642,Mukuls77,311,2159,0,0,0,0,,1,311,2159
sigstore/cosign,3641,fmoessbauer,187,1203,2,2,383,2538,fmoessbauer|haydentherapper,2,570,3741
sigstore/cosign,3640,arewm,146,1171,2,2,77,478,haydentherapper|zackbradys,3,223,1649
sigstore/cosign,3638,scraly,51,354,0,0,0,0,,1,51,354
sigstore/cosign,3632,alt-enio,438,2825,15,5,2517,15680,asbrboac|chizou|haydentherapper|mbharambe1|mktgbnk,6,2955,18505
sigstore/cosign,3631,mandree,124,705,4,2,120,657,cpanato|mandree,2,244,1362
sigstore/cosign,3630,bisbell-ngc,34,235,2,2,12,46,JasonPowr|cpanato,3,46,281
sigstore/cosign,3621,haydentherapper,146,844,2,2,38,286,cpanato|haydentherapper,2,184,1130
sigstore/cosign,3620,miki725,500,3823,3,2,88,438,haydentherapper|miki725,2,588,4261
sigstore/cosign,3616,peer-jslater,856,5576,5,2,599,3828,haydentherapper|peer-jslater,2,1455,9404
sigstore/cosign,3614,Tim-Schwalbe,314,2408,3,3,57,322,BillLucky|Tim-Schwalbe|haydentherapper,3,371,2730
sigstore/cosign,3613,learningcicd,91,785,0,0,0,0,,1,91,785
sigstore/cosign,3611,VenutNSA,56,360,2,2,124,736,chizou|hasanhakkaev,3,180,1096
sigstore/cosign,3609,arewm,44,286,0,0,0,0,,1,44,286
sigstore/cosign,3608,cardil,203,1230,3,3,145,766,cardil|haydentherapper|lmarchione-r7,3,348,1996
sigstore/cosign,3602,AliSajid,153,960,18,5,636,3778,AliSajid|ckotzbauer|haydentherapper|jku|lcarva,5,789,4738
sigstore/cosign,3599,jonjohnsonjr,290,1596,17,8,2046,12124,BorekZnovustvoritel|bobcallaway|haydentherapper|jonjohnsonjr|kommendorkapten|lkatalin|mrjoelkamp|priyawadhwa,8,2336,13720
sigstore/cosign,3585,suryabaiarava,128,931,3,3,148,822,akashsinghal|haydentherapper|suryabaiarava,3,276,1753
sigstore/cosign,3584,ThomsonTan,86,526,2,2,42,281,ThomsonTan|haydentherapper,2,128,807
sigstore/cosign,3580,TheFoxAtWork,185,1139,1,1,80,416,haydentherapper,2,265,1555
sigstore/cosign,3577,bdehamer,1168,8433,15,8,2755,17536,bdehamer|codysoyland|haydentherapper|hectorj2f|kommendorkapten|sudo-bmitch|vaikas|vishal-chdhry,8,3923,25969
sigstore/cosign,3573,suryabaiarava,94,594,1,1,39,195,haydentherapper,2,133,789
sigstore/cosign,3572,fernandokarnagi,115,839,1,1,40,258,haydentherapper,2,155,1097
sigstore/cosign,3570,niteeshkd,179,1485,1,1,21,191,niteeshkd,1,200,1676
sigstore/cosign,3569,haydentherapper,69,413,0,0,0,0,,1,69,413
sigstore/cosign,3568,dmitris,162,1168,0,0,0,0,,1,162,1168
sigstore/cosign,3566,biehl1,88,570,3,2,23,117,biehl1|cpanato,2,111,687
sigstore/cosign,3563,haydentherapper,211,1276,1,1,19,106,ianhundere,2,230,1382
sigstore/cosign,3562,burgesQ,402,6318,2,2,9,58,burgesQ|haydentherapper,2,411,6376
sigstore/cosign,3552,querti,194,1261,1,1,152,895,lcarva,2,346,2156
sigstore/cosign,3548,haydentherapper,163,1058,2,1,160,1128,haydentherapper,1,323,2186
sigstore/cosign,3529,alecrevangelista,448,2836,9,6,429,2690,alecrevangelista|bobcallaway|haydentherapper|thisiskarthikj|vineetguptadev|viveksahu26,6,877,5526
sigstore/cosign,3525,zhaoyonghe,170,1361,0,0,0,0,,1,170,1361
sigstore/cosign,3523,lkatalin,605,3625,3,3,150,913,haydentherapper|pmatilai|viveksahu26,4,755,4538
sigstore/cosign,3515,lumjjb,78,603,6,2,158,924,haydentherapper|viveksahu26,3,236,1527
sigstore/cosign,3514,willarmiros,296,2152,3,2,48,272,haydentherapper|willarmiros,2,344,2424
sigstore/cosign,3512,viveksahu26,339,2276,5,2,182,1107,haydentherapper|viveksahu26,2,521,3383
sigstore/cosign,3511,viveksahu26,102,700,1,1,21,110,haydentherapper,2,123,810
sigstore/cosign,3503,surendrababuravella,114,697,4,3,162,992,haydentherapper|hectorj2f|surendrababuravella,3,276,1689
sigstore/cosign,3500,haydentherapper,45,243,2,1,10,41,cpanato,2,55,284
sigstore/cosign,3498,viveksahu26,319,2771,3,2,29,160,haydentherapper|viveksahu26,2,348,2931
sigstore/cosign,3496,bouenou,306,2724,1,1,13,89,haydentherapper,2,319,2813
sigstore/cosign,3476,Mukuls77,1057,7911,8,2,844,5940,Mukuls77|haydentherapper,2,1901,13851
sigstore/cosign,3465,jmpolom,73,440,4,2,406,2549,haydentherapper|jmpolom,2,479,2989
sigstore/cosign,3463,viveksahu26,89,603,0,0,0,0,,1,89,603
sigstore/cosign,3462,dmitris,510,3607,5,4,1000,6108,TomHennen|dmitris|haydentherapper|woodruffw,4,1510,9715
sigstore/cosign,3458,viveksahu26,225,4366,6,3,251,4437,haydentherapper|lefosg|viveksahu26,3,476,8803
sigstore/cosign,3457,paulsavoie,389,2527,6,3,1323,19563,haydentherapper|paulsavoie|viveksahu26,3,1712,22090
sigstore/cosign,3448,ollih1980,94,769,1,1,6,39,ollih1980,1,100,808
sigstore/cosign,3438,loanburger,549,4751,1,1,22,129,loanburger,1,571,4880
sigstore/cosign,3437,jaekunchoi,164,1055,7,4,648,4300,adrielldagasuan|haydentherapper|jaekunchoi|lmarchione-r7,4,812,5355
sigstore/cosign,3436,adrielldagasuan,811,5598,5,3,799,4968,adrielldagasuan|haydentherapper|viveksahu26,3,1610,10566
sigstore/cosign,3435,adrielldagasuan,522,3381,0,0,0,0,,1,522,3381
sigstore/cosign,3434,viveksahu26,611,4505,3,3,129,750,cpanato|haydentherapper|viveksahu26,3,740,5255
sigstore/cosign,3433,SaiJyothiGudibandi,118,797,2,2,114,614,haydentherapper|viveksahu26,3,232,1411
sigstore/cosign,3428,viveksahu26,318,2280,0,0,0,0,,1,318,2280
sigstore/cosign,3426,Mukuls77,830,5178,4,2,49,277,Mukuls77|haydentherapper,2,879,5455
sigstore/cosign,3425,itsibitzi,801,5753,3,3,98,535,haydentherapper|hectorj2f|itsibitzi,3,899,6288
sigstore/cosign,3423,federico-falconieri-form3,394,2593,3,2,187,1064,federico-falconieri-form3|haydentherapper,2,581,3657
sigstore/cosign,3404,puerco,148,988,0,0,0,0,,1,148,988
sigstore/cosign,3403,JiaLiPassion,189,1271,0,0,0,0,,1,189,1271
sigstore/cosign,3402,ltmleo,28,202,2,2,24,146,hectorj2f|ltmleo,2,52,348
sigstore/cosign,3392,lkatalin,265,2190,1,1,13,102,lkatalin,1,278,2292
sigstore/cosign,3390,zhaoyonghe,180,1266,0,0,0,0,,1,180,1266
sigstore/cosign,3387,mihaigalos,375,2422,0,0,0,0,,1,375,2422
sigstore/cosign,3386,federico-falconieri-form3,463,2959,2,2,68,348,federico-falconieri-form3|haydentherapper,2,531,3307
sigstore/cosign,3382,zhaoyonghe,169,1176,0,0,0,0,,1,169,1176
sigstore/cosign,3380,aalsabag,114,670,3,2,68,362,aalsabag|haydentherapper,2,182,1032
sigstore/cosign,3379,ioanrogers,161,947,3,2,177,1141,haydentherapper|marcosbc,3,338,2088
sigstore/cosign,3377,binbin-li,120,730,1,1,13,87,haydentherapper,2,133,817
sigstore/cosign,3368,GarrykZ,191,1222,4,2,135,837,GarrykZ|haydentherapper,2,326,2059
sigstore/cosign,3367,GarrykZ,2407,20222,9,2,297,2347,GarrykZ|haydentherapper,2,2704,22569
sigstore/cosign,3362,philwelz,163,1311,6,4,170,1126,SecH0us3|haydentherapper|hectorj2f|malancas,5,333,2437
sigstore/cosign,3361,Fredouye,231,1769,16,6,740,4584,Fredouye|VenutNSA|cpanato|haydentherapper|hectorj2f|loosebazooka,6,971,6353
sigstore/cosign,3360,hectorj2f,76,503,2,2,19,102,hectorj2f|viveksahu26,2,95,605
sigstore/cosign,3357,nikosft,46,316,0,0,0,0,,1,46,316
sigstore/cosign,3356,reedloden,228,1909,2,1,18,103,haydentherapper,2,246,2012
sigstore/cosign,3354,ThomasPorterAVEVA,821,6232,3,2,73,428,ThomasPorterAVEVA|haydentherapper,2,894,6660
sigstore/cosign,3347,realshuting,95,538,10,3,270,1370,cpanato|haydentherapper|realshuting,3,365,1908
sigstore/cosign,3343,haydentherapper,67,419,3,1,166,1113,viveksahu26,2,233,1532
sigstore/cosign,3340,andriktr,124,748,1,1,9,49,haydentherapper,2,133,797
sigstore/cosign,3333,dylrich,74,425,0,0,0,0,,1,74,425
sigstore/cosign,3331,ltmleo,477,4163,1,1,13,71,bobcallaway,2,490,4234
sigstore/cosign,3330,scruloose,235,1456,4,3,382,2258,cpanato|haydentherapper|scruloose,3,617,3714
sigstore/cosign,3319,tpletcher-hpe,89,605,0,0,0,0,,1,89,605
sigstore/cosign,3317,jonvnadelberg,80,508,3,2,733,7284,haydentherapper|viveksahu26,3,813,7792
sigstore/cosign,3316,zackbradys,958,9106,3,2,801,8897,clemenko|zackbradys,2,1759,18003
sigstore/cosign,3308,Dinnerspy,167,1034,2,2,48,247,Dinnerspy|fletort,2,215,1281
sigstore/cosign,3301,ccojocar,316,2830,12,11,351,2403,LKHN|ZhangLimengLimeng|chiuwe|gleitoncampos|haydentherapper|krisharyan|makwanji|nataliagranato|thowbikdustan|viveksahu26|xlionjuan,12,667,5233
sigstore/cosign,3298,baal-lgln,240,1744,9,8,522,3078,Lerentis|avasile8709|baal-lgln|bobcallaway|dheeg|haydentherapper|uwevanheesch|ztcjoe93,8,762,4822
sigstore/cosign,3284,xukey,64,442,2,2,30,199,pavel-snyk|xukey,2,94,641
sigstore/cosign,3271,tetsuo-cpp,311,1893,7,4,298,1837,caretak3r|dlorenc|haydentherapper|ret2libc,5,609,3730
sigstore/cosign,3269,jkk-intel,256,1861,3,2,197,1255,MinerYang|nianyush,3,453,3116
sigstore/cosign,3267,jonvnadelberg,146,914,0,0,0,0,,1,146,914
sigstore/cosign,3260,BobyMCbobs,71,517,3,2,25,137,BobyMCbobs|EraKin575,2,96,654
sigstore/cosign,3258,tailtwo,299,2203,2,2,202,1236,haydentherapper|nkreiger,3,501,3439
sigstore/cosign,3251,garethahealy,131,765,4,2,63,353,garethahealy|haydentherapper,2,194,1118
sigstore/cosign,3236,jkjell,118,747,1,1,23,103,haydentherapper,2,141,850
sigstore/cosign,3235,laurentsimon,431,3781,0,0,0,0,,1,431,3781
sigstore/cosign,3222,openstack-test,294,2159,2,1,42,212,github-actions[bot],2,336,2371
sigstore/cosign,3221,shubham2110,318,2328,2,2,18,112,haydentherapper|shubham2110,2,336,2440
sigstore/cosign,3218,reivaxzoom,104,644,1,1,1,2,houdini91,2,105,646
sigstore/cosign,3205,sanagrwl,1114,7952,1,1,12,57,haydentherapper,2,1126,8009
sigstore/cosign,3202,GarrykZ,80,409,0,0,0,0,,1,80,409
sigstore/cosign,3192,tafli,408,2853,0,0,0,0,,1,408,2853
sigstore/cosign,3182,axi92,153,1185,3,2,69,342,GarrykZ|github-actions[bot],3,222,1527
sigstore/cosign,3173,NH1ATT,154,1038,2,2,156,1126,falcorocks|tosone,3,310,2164
sigstore/cosign,3168,jtackaberry,77,445,5,3,233,1396,github-actions[bot]|haydentherapper|viveksahu26,4,310,1841
sigstore/cosign,3163,NH1ATT,96,720,1,1,21,116,haydentherapper,2,117,836
sigstore/cosign,3160,alex-sentsiurou,308,2841,2,1,102,568,haydentherapper,2,410,3409
sigstore/cosign,3158,openstack-test,324,2477,1,1,10,52,haydentherapper,2,334,2529
sigstore/cosign,3155,lcarva,111,660,2,1,78,410,haydentherapper,2,189,1070
sigstore/cosign,3153,wlynch,288,1786,1,1,17,107,haydentherapper,2,305,1893
sigstore/cosign,3151,pjbgf,37,245,0,0,0,0,,1,37,245
sigstore/cosign,3149,hectorj2f,171,1090,8,3,355,2233,haydentherapper|hectorj2f|pwelch,3,526,3323
sigstore/cosign,3145,ethanchowell,262,2082,6,3,517,3405,ethanchowell|hectorj2f|viveksahu26,3,779,5487
sigstore/cosign,3141,lkatalin,107,701,3,3,116,683,BinToss|emmeowzing|tommyd450,4,223,1384
sigstore/cosign,3139,haydentherapper,228,1479,16,6,1634,9727,bkabrda|cmurphy|codysoyland|haydentherapper|steiza|wata727,6,1862,11206
sigstore/cosign,3137,openstack-test,155,1398,1,1,15,82,haydentherapper,2,170,1480
sigstore/cosign,3133,vpnachev,577,4669,0,0,0,0,,1,577,4669
sigstore/cosign,3132,Smadat001,15,99,1,1,45,266,haydentherapper,2,60,365
sigstore/cosign,3131,Smadat001,14,91,0,0,0,0,,1,14,91
sigstore/cosign,3129,chainhead,207,1288,2,2,110,696,chainhead|haydentherapper,2,317,1984
sigstore/cosign,3120,jonjohnsonjr,79,536,1,1,37,285,Akaame,2,116,821
sigstore/cosign,3114,dmitris,131,822,0,0,0,0,,1,131,822
sigstore/cosign,3111,haydentherapper,54,347,2,2,53,342,haydentherapper|s1ntaxe770r,2,107,689
sigstore/cosign,3110,haydentherapper,115,733,0,0,0,0,,1,115,733
sigstore/cosign,3104,yxxchange,139,985,1,1,67,388,hectorj2f,2,206,1373
sigstore/cosign,3102,ChrisJBurns,886,5231,2,2,64,338,ChrisJBurns|znewman01,2,950,5569
sigstore/cosign,3095,nicolaschaillan,96,616,2,1,55,301,malancas,2,151,917
sigstore/cosign,3094,nicolaschaillan,271,2653,9,4,660,5385,YvesVanStappen|amornc|haydentherapper|malancas,5,931,8038
sigstore/cosign,3093,smythp,124,762,0,0,0,0,,1,124,762
sigstore/cosign,3092,smythp,132,831,6,5,200,1226,ChristianCiach|cpanato|github-actions[bot]|hectorj2f|smythp,5,332,2057
sigstore/cosign,3088,znewman01,172,1077,6,5,149,819,AppleGamer22|LewisThomas|haydentherapper|vEpiphyte|znewman01,5,321,1896
sigstore/cosign,3083,akorp,194,1431,8,5,238,1409,LindaArende|akorp|haydentherapper|hectorj2f|malancas,5,432,2840
sigstore/cosign,3081,mattmoor,112,724,1,1,10,94,imjasonh,2,122,818
sigstore/cosign,3065,LiZhang19817,39,237,4,3,72,402,github-actions[bot]|xukey|znewman01,4,111,639
sigstore/cosign,3063,INT2ECALL,13,70,1,1,14,86,hectorj2f,2,27,156
sigstore/cosign,3045,sunnoy,161,1133,1,1,19,134,biehl1,2,180,1267
sigstore/cosign,3039,yrobla,39,263,0,0,0,0,,1,39,263
sigstore/cosign,3034,seankhliao,253,1518,1,1,17,86,VenutNSA,2,270,1604
sigstore/cosign,3030,lcarva,242,2184,12,4,1915,12968,chaospuppy|lcarva|sudo-bmitch|znewman01,4,2157,15152
sigstore/cosign,3029,cctechwiz,170,1441,1,1,111,783,znewman01,2,281,2224
sigstore/cosign,3025,thangarajav,551,3391,1,1,8,50,znewman01,2,559,3441
sigstore/cosign,3024,L1ghtman2k,279,2090,2,2,170,973,pipelineburst|znewman01,3,449,3063
sigstore/cosign,3023,thangarajav,550,3382,2,2,51,285,LionnelC|thangarajav,2,601,3667
sigstore/cosign,3019,lmarchione-r7,345,2062,3,2,183,1099,haydentherapper|lmarchione-r7,2,528,3161
sigstore/cosign,3015,manuschillerdev,474,3984,5,5,398,2816,cpanato|manuschillerdev|nontster|orenlevi333|znewman01,5,872,6800
sigstore/cosign,3012,reds7373,114,978,6,4,264,1418,github-actions[bot]|reds7373|shvam|znewman01,4,378,2396
sigstore/cosign,3006,dmitris,463,3200,7,3,809,4917,dmitris|haydentherapper|hslatman,3,1272,8117
sigstore/cosign,2999,hegerdes,499,4282,1,1,151,1113,hegerdes,1,650,5395
sigstore/cosign,2997,Edward13ruf,150,904,2,2,53,305,haydentherapper|mattmoor,3,203,1209
sigstore/cosign,2995,saschagrunert,169,1053,0,0,0,0,,1,169,1053
sigstore/cosign,2989,xukey,154,980,11,6,665,3788,ChristianCiach|github-actions[bot]|haydentherapper|mattdibi|rdimitrov|znewman01,7,819,4768
sigstore/cosign,2986,clemenko,59,343,7,3,175,1055,clemenko|mritunjaysharma394|znewman01,3,234,1398
sigstore/cosign,2985,muzammil786,124,764,6,3,203,1214,mattdibi|muzammil786|znewman01,3,327,1978
sigstore/cosign,2983,rohanshetty-bh,122,830,7,4,533,15948,cpanato|github-actions[bot]|patflynn|rohanshetty-bh,4,655,16778
sigstore/cosign,2979,Mukuls77,384,3297,6,4,68,434,Mukuls77|haydentherapper|hectorj2f|znewman01,4,452,3731
sigstore/cosign,2978,imjasonh,172,1220,0,0,0,0,,1,172,1220
sigstore/cosign,2977,h4l,387,2402,3,2,279,1574,h4l|haydentherapper,2,666,3976
sigstore/cosign,2973,dmitris,332,2245,0,0,0,0,,1,332,2245
sigstore/cosign,2962,znewman01,146,1491,2,2,42,260,mritunjaysharma394|thangarajav,3,188,1751
sigstore/cosign,2961,dioguerra,185,1224,1,1,41,230,dioguerra,1,226,1454
sigstore/cosign,2939,zhaoyonghe,352,2832,2,2,229,1424,haydentherapper|znewman01,3,581,4256
sigstore/cosign,2937,znewman01,236,1571,2,1,147,951,lcarva,2,383,2522
sigstore/cosign,2930,anderssonw,167,1023,6,4,444,2677,anderssonw|fool1280|vishal-chdhry|znewman01,4,611,3700
sigstore/cosign,2925,pkwiatkowski1,85,578,1,1,75,427,znewman01,2,160,1005
sigstore/cosign,2921,tylerauerbeck,199,1346,2,2,58,316,hectorj2f|tylerauerbeck,2,257,1662
sigstore/cosign,2919,dpp,143,930,1,1,11,44,dpp,1,154,974
sigstore/cosign,2915,0sewa0,782,12002,2,2,144,1073,0sewa0|haydentherapper,2,926,13075
sigstore/cosign,2914,jas4711,198,1325,8,7,552,3874,cpanato|krisharyan|remkolems|rnjudge|robertohueso|vishal-chdhry|znewman01,8,750,5199
sigstore/cosign,2910,steiza,80,494,0,0,0,0,,1,80,494
sigstore/cosign,2908,znewman01,226,1396,1,1,94,539,sigwinch28,2,320,1935
sigstore/cosign,2907,loozhengyuan,470,3511,9,4,500,2980,axi92|haydentherapper|loozhengyuan|znewman01,4,970,6491
sigstore/cosign,2904,haydentherapper,50,346,4,3,50,251,haydentherapper|mritunjaysharma394|tannerjones4075,3,100,597
sigstore/cosign,2892,znewman01,234,1386,0,0,0,0,,1,234,1386
sigstore/cosign,2887,eddiezane,61,417,5,3,134,727,hrittikhere|rnjudge|znewman01,4,195,1144
sigstore/cosign,2886,shenxianpeng,220,1773,1,1,32,177,haydentherapper,2,252,1950
sigstore/cosign,2879,jonjohnsonjr,53,370,0,0,0,0,,1,53,370
sigstore/cosign,2871,SaiJyothiGudibandi,686,6038,20,5,1598,11942,SaiJyothiGudibandi|hectorj2f|lcarva|warroyo|znewman01,5,2284,17980
sigstore/cosign,2863,wlynch,203,1435,4,4,127,761,haydentherapper|priyawadhwa|wlynch|znewman01,4,330,2196
sigstore/cosign,2861,mtcolman,187,1187,4,3,307,2090,mtcolman|pschulten|znewman01,3,494,3277
sigstore/cosign,2860,mlieberman85,91,514,6,5,230,1237,developer-guy|haydentherapper|mlieberman85|schoudhury|ziel,5,321,1751
sigstore/cosign,2859,lmussier,265,2033,4,3,394,2948,lcarva|lmussier|znewman01,3,659,4981
sigstore/cosign,2858,lmussier,132,713,7,5,573,3605,Fassino|haydentherapper|lmussier|vEpiphyte|znewman01,5,705,4318
sigstore/cosign,2854,itaysk,213,2011,3,3,81,482,itaysk|jdolitsky|znewman01,3,294,2493
sigstore/cosign,2849,favonia,202,1161,6,3,382,2238,favonia|haydentherapper|znewman01,3,584,3399
sigstore/cosign,2839,lcarva,51,360,0,0,0,0,,1,51,360
sigstore/cosign,2838,haydentherapper,81,513,0,0,0,0,,1,81,513
sigstore/cosign,2836,rdimitrov,86,556,5,3,105,569,asraa|rdimitrov|znewman01,3,191,1125
sigstore/cosign,2834,vbatts,658,5801,1,1,18,92,znewman01,2,676,5893
sigstore/cosign,2833,udf2457,72,419,1,1,53,326,haydentherapper,2,125,745
sigstore/cosign,2832,udf2457,52,295,1,1,38,202,znewman01,2,90,497
sigstore/cosign,2827,dneville-cvs,399,3101,3,1,75,473,haydentherapper,2,474,3574
sigstore/cosign,2826,choukri-m,263,1764,4,3,293,1692,choukri-m|haydentherapper|znewman01,3,556,3456
sigstore/cosign,2808,biehl1,208,1333,10,5,1225,7459,biehl1|github-actions[bot]|haydentherapper|kostrse|znewman01,5,1433,8792
sigstore/cosign,2805,philpennock,244,1634,1,1,104,599,znewman01,2,348,2233
sigstore/cosign,2804,philpennock,360,2319,5,3,644,3854,haydentherapper|philpennock|znewman01,3,1004,6173
sigstore/cosign,2803,dneville-cvs,610,11945,3,3,229,1440,dneville-cvs|nsmith5|znewman01,3,839,13385
sigstore/cosign,2800,swinslow,69,426,7,3,515,2922,favonia|haydentherapper|znewman01,4,584,3348
sigstore/cosign,2798,haydentherapper,30,195,1,1,8,58,haydentherapper,1,38,253
sigstore/cosign,2796,swinslow,76,490,0,0,0,0,,1,76,490
sigstore/cosign,2795,yvettelevinem1,16,143,1,1,14,71,cpanato,2,30,214
sigstore/cosign,2794,captainfalcon23,50,276,10,4,1171,7416,captainfalcon23|github-actions[bot]|sudo-bmitch|znewman01,4,1221,7692
sigstore/cosign,2790,ikwork,293,1997,10,2,667,4418,hectorj2f|ikwork,2,960,6415
sigstore/cosign,2789,omkhard,255,1906,5,2,85,436,hectorj2f|omkhard,2,340,2342
sigstore/cosign,2788,syan10,113,683,2,2,154,971,haydentherapper|znewman01,3,267,1654
sigstore/cosign,2786,znewman01,107,740,2,2,12,60,cpanato|znewman01,2,119,800
sigstore/cosign,2783,fpoirotte,159,941,6,3,349,1863,github-actions[bot]|sudo-bmitch|znewman01,4,508,2804
sigstore/cosign,2778,haydentherapper,81,534,1,1,34,217,mattmoor,2,115,751
sigstore/cosign,2777,bratkartoffel,102,624,1,1,18,119,znewman01,2,120,743
sigstore/cosign,2776,ghost,54,355,2,2,38,206,hectorj2f|znewman01,3,92,561
sigstore/cosign,2775,tuananh,39,213,3,3,163,943,developer-guy|tuananh|znewman01,3,202,1156
sigstore/cosign,2771,bogdanbiv,171,1157,2,2,18,103,haydentherapper|znewman01,3,189,1260
sigstore/cosign,2765,cmoulliard,221,1623,2,2,18,107,hectorj2f|znewman01,3,239,1730
sigstore/cosign,2764,tstromberg,49,293,2,2,35,157,enyinna1234|haydentherapper,3,84,450
sigstore/cosign,2763,learningcicd,37,252,2,1,16,88,znewman01,2,53,340
sigstore/cosign,2755,lcarva,231,1396,9,6,841,5238,ChristianCiach|crispysipper|haydentherapper|lcarva|lumjjb|priyawadhwa,6,1072,6634
sigstore/cosign,2754,chunteck,173,1038,4,2,148,858,github-actions[bot]|znewman01,3,321,1896
sigstore/cosign,2748,shreelola,67,436,4,3,181,1094,Gabrielopesantos|cpanato|shreelola,3,248,1530
sigstore/cosign,2747,mi1wei,76,543,1,1,12,73,znewman01,2,88,616
sigstore/cosign,2742,xopham,152,1036,1,1,17,109,znewman01,2,169,1145
sigstore/cosign,2736,haydentherapper,201,1210,8,4,847,5025,dylrich|haydentherapper|melba-lopez|znewman01,4,1048,6235
sigstore/cosign,2730,pcsgithubid,122,801,13,8,912,7579,Ameen2236|botkero|cpanato|gramian|manuschillerdev|paolomainardi|pcsgithubid|znewman01,8,1034,8380
sigstore/cosign,2719,wata727,149,1076,2,1,61,337,haydentherapper,2,210,1413
sigstore/cosign,2714,haydentherapper,59,334,0,0,0,0,,1,59,334
sigstore/cosign,2713,mattmoor,120,857,2,2,20,113,mattmoor|vaikas,2,140,970
sigstore/cosign,2705,znewman01,51,307,1,1,59,352,clemenko,2,110,659
sigstore/cosign,2704,haydentherapper,339,2150,2,2,133,699,asraa|haydentherapper,2,472,2849
sigstore/cosign,2700,choukri-m,294,1778,2,2,92,532,choukri-m|znewman01,2,386,2310
sigstore/cosign,2697,adanil,54,360,5,3,132,686,haydentherapper|wlynch|znewman01,4,186,1046
sigstore/cosign,2691,znewman01,308,2189,3,3,790,4928,haydentherapper|lcarva|znewman01,3,1098,7117
sigstore/cosign,2688,imjasonh,229,1481,9,8,697,4259,amdawson|developer-guy|dlorenc|github-actions[bot]|imjasonh|nettrino|scott-hpe|stefanprodan,8,926,5740
sigstore/cosign,2685,paulsavoie,251,1791,0,0,0,0,,1,251,1791
sigstore/cosign,2675,netsandbox,59,406,5,2,215,1531,cpanato|netsandbox,2,274,1937
sigstore/cosign,2669,nkreiger,157,1078,1,1,9,53,nkreiger,1,166,1131
sigstore/cosign,2666,ctron,72,1729,9,3,513,3121,ctron|developer-guy|znewman01,3,585,4850
sigstore/cosign,2661,TomHennen,69,433,4,2,282,1653,TomHennen|asraa,2,351,2086
sigstore/cosign,2660,nbusseneau,490,3485,3,3,158,944,haydentherapper|nbusseneau|pwelch,3,648,4429
sigstore/cosign,2659,thangarajav,259,1676,8,5,1166,7663,imjasonh|jonjohnsonjr|thangarajav|yiakwy|znewman01,5,1425,9339
sigstore/cosign,2655,choukri-m,175,1046,1,1,220,1592,hectorj2f,2,395,2638
sigstore/cosign,2654,thangarajav,212,1363,2,2,50,380,thangarajav|znewman01,2,262,1743
sigstore/cosign,2651,raffaelespazzoli,49,282,3,2,64,412,hasanhakkaev|hectorj2f,3,113,694
sigstore/cosign,2648,znewman01,556,4009,10,5,302,1608,github-actions[bot]|haydentherapper|ivanayov|vishal-chdhry|znewman01,5,858,5617
sigstore/cosign,2646,MRBin77,172,1265,10,4,561,3512,MRBin77|developer-guy|hasanhakkaev|uralsemih,4,733,4777
sigstore/cosign,2640,JamieW87,301,2106,2,2,128,713,JamieW87|znewman01,2,429,2819
sigstore/cosign,2639,raffaelespazzoli,112,704,0,0,0,0,,1,112,704
sigstore/cosign,2635,nsmith5,45,311,5,3,159,869,haydentherapper|nsmith5|znewman01,3,204,1180
sigstore/cosign,2632,nsmith5,185,3709,32,6,4661,30594,avishayil|chaospuppy|dschiemann80|haydentherapper|nsmith5|znewman01,6,4846,34303
sigstore/cosign,2630,nsmith5,250,1580,11,2,916,5343,haydentherapper|nsmith5,2,1166,6923
sigstore/cosign,2624,Dentrax,341,2201,2,2,46,271,cpanato|haydentherapper,3,387,2472
sigstore/cosign,2612,wlynch,164,1090,4,3,51,300,mattmoor|wlynch|znewman01,3,215,1390
sigstore/cosign,2611,budgester,206,1863,8,3,359,2314,budgester|gosixtyfive|znewman01,3,565,4177
sigstore/cosign,2603,thesayyn,219,1743,7,3,266,1801,paolomainardi|vishal-chdhry|znewman01,4,485,3544
sigstore/cosign,2596,vaikas,206,1313,3,3,44,280,hectorj2f|mattmoor|znewman01,4,250,1593
sigstore/cosign,2593,asraa,89,657,0,0,0,0,,1,89,657
sigstore/cosign,2590,vaikas,583,7289,14,6,1128,6554,asraa|haydentherapper|hectorj2f|priyawadhwa|vaikas|znewman01,6,1711,13843
sigstore/cosign,2588,garymalaysia,120,865,9,3,356,2050,asraa|garymalaysia|znewman01,3,476,2915
sigstore/cosign,2586,ChrisJBurns,102,626,0,0,0,0,,1,102,626
sigstore/cosign,2582,stefan-zh,151,957,2,2,79,443,cpanato|stefan-zh,2,230,1400
sigstore/cosign,2581,priyawadhwa,52,327,0,0,0,0,,1,52,327
sigstore/cosign,2576,suzuki-shunsuke,251,1876,9,2,1032,8901,haydentherapper|suzuki-shunsuke,2,1283,10777
sigstore/cosign,2570,hectorj2f,244,1699,2,2,90,506,hectorj2f|mattmoor,2,334,2205
sigstore/cosign,2568,vEpiphyte,243,1452,10,6,1855,10796,cipherboy|dlorenc|haydentherapper|kommendorkapten|vEpiphyte|znewman01,6,2098,12248
sigstore/cosign,2562,vEpiphyte,284,2196,0,0,0,0,,1,284,2196
sigstore/cosign,2557,AaronFriel,364,2223,2,2,94,595,AaronFriel|znewman01,2,458,2818
sigstore/cosign,2554,suzuki-shunsuke,170,1203,2,2,20,128,dlorenc|suzuki-shunsuke,2,190,1331
sigstore/cosign,2545,matglas,138,1124,0,0,0,0,,1,138,1124
sigstore/cosign,2540,vaikas,73,429,2,2,17,99,haydentherapper|vaikas,2,90,528
sigstore/cosign,2537,vaikas,79,489,3,3,72,320,asraa|haydentherapper|vaikas,3,151,809
sigstore/cosign,2534,haydentherapper,73,492,3,2,123,724,haydentherapper|znewman01,2,196,1216
sigstore/cosign,2533,dolevhadad,11,76,1,1,59,339,znewman01,2,70,415
sigstore/cosign,2531,haydentherapper,72,435,1,1,39,192,cpanato,2,111,627
sigstore/cosign,2528,ChristianCiach,442,2896,2,1,35,218,ChristianCiach,1,477,3114
sigstore/cosign,2526,ep4sh,257,1920,5,4,398,2243,ChristianCiach|developer-guy|ep4sh|znewman01,4,655,4163
sigstore/cosign,2518,znewman01,28,225,3,2,223,1470,ivanayov|znewman01,2,251,1695
sigstore/cosign,2517,haydentherapper,79,528,0,0,0,0,,1,79,528
sigstore/cosign,2516,znewman01,275,1667,3,3,442,2716,dlorenc|kpcyrd|sudo-bmitch,4,717,4383
sigstore/cosign,2511,asraa,99,627,0,0,0,0,,1,99,627
sigstore/cosign,2510,znewman01,445,3102,3,3,139,822,eddiezane|krisharyan|znewman01,3,584,3924
sigstore/cosign,2508,ep4sh,39,250,8,4,205,1134,developer-guy|ep4sh|github-actions[bot]|hectorj2f,4,244,1384
sigstore/cosign,2507,zctmdc,190,1409,2,1,29,167,haydentherapper,2,219,1576
sigstore/cosign,2497,asraa,101,1677,0,0,0,0,,1,101,1677
sigstore/cosign,2495,odeke-em,296,2279,0,0,0,0,,1,296,2279
sigstore/cosign,2494,spiffcs,334,3645,0,0,0,0,,1,334,3645
sigstore/cosign,2489,ianlewis,219,1398,1,1,40,261,ianlewis,1,259,1659
sigstore/cosign,2488,haydentherapper,125,872,7,4,162,954,dmitris|haydentherapper|hectorj2f|znewman01,4,287,1826
sigstore/cosign,2487,dimitar-dimitrow,73,491,5,3,315,2045,dimitar-dimitrow|github-actions[bot]|hectorj2f,3,388,2536
sigstore/cosign,2486,tuananh,97,611,1,1,57,348,znewman01,2,154,959
sigstore/cosign,2485,tuananh,183,1220,1,1,10,55,tuananh,1,193,1275
sigstore/cosign,2480,znewman01,421,4321,9,3,182,971,github-actions[bot]|upodroid|znewman01,3,603,5292
sigstore/cosign,2478,JanZerebecki,442,2472,4,2,723,4297,JanZerebecki|znewman01,2,1165,6769
sigstore/cosign,2477,kameshsampath,144,897,7,5,446,2707,asraa|eumel8|github-actions[bot]|imjasonh|kameshsampath,5,590,3604
sigstore/cosign,2476,chaospuppy,332,2125,2,2,79,516,chaospuppy|znewman01,2,411,2641
sigstore/cosign,2472,znewman01,177,1104,4,3,353,2163,dmitris|haydentherapper|znewman01,3,530,3267
sigstore/cosign,2471,znewman01,270,1781,7,5,256,1433,Xynnn007|haydentherapper|ivanayov|priyawadhwa|znewman01,5,526,3214
sigstore/cosign,2466,asraa,363,2341,18,5,2392,14800,asraa|haydentherapper|hectorj2f|vaikas|znewman01,5,2755,17141
sigstore/cosign,2462,kpk47,84,610,5,3,286,1707,asraa|lcarva|znewman01,4,370,2317
sigstore/cosign,2443,houdini91,104,663,0,0,0,0,,1,104,663
sigstore/cosign,2442,JustinJNEAL,102,672,6,3,424,3105,JustinJNEAL|cpanato|znewman01,3,526,3777
sigstore/cosign,2434,tetsuo-cpp,272,1570,12,6,3187,18175,bobcallaway|di|haydentherapper|steiza|tetsuo-cpp|znewman01,6,3459,19745
sigstore/cosign,2433,quadrinho,1011,8410,2,2,70,446,hectorj2f|quadrinho,2,1081,8856
sigstore/cosign,2432,johanngyger,81,576,3,3,297,1735,blairdrummond|imjasonh|znewman01,4,378,2311
sigstore/cosign,2428,quadrinho,264,1643,2,2,89,554,hectorj2f|quadrinho,2,353,2197
sigstore/cosign,2421,SaiJyothiGudibandi,99,643,2,1,63,329,znewman01,2,162,972
sigstore/cosign,2419,patflynn,71,427,3,2,105,563,asraa|haydentherapper,3,176,990
sigstore/cosign,2417,loresuso,148,944,3,3,56,342,dlorenc|loresuso|znewman01,3,204,1286
sigstore/cosign,2416,Footur,137,948,6,3,193,1300,Footur|developer-guy|znewman01,3,330,2248
sigstore/cosign,2415,asraa,146,955,0,0,0,0,,1,146,955
sigstore/cosign,2413,L1ghtman2k,293,1840,2,2,44,357,L1ghtman2k|vaikas,2,337,2197
sigstore/cosign,2404,toddysm,134,884,5,3,169,939,dlorenc|toddysm|trevrosen,3,303,1823
sigstore/cosign,2403,toddysm,217,1499,5,3,333,1867,dlorenc|toddysm|znewman01,3,550,3366
sigstore/cosign,2398,haydentherapper,238,1523,4,2,515,2992,AnishShah|haydentherapper,2,753,4515
sigstore/cosign,2396,rajpratik71,73,554,4,2,105,607,rajpratik71|znewman01,2,178,1161
sigstore/cosign,2395,L1ghtman2k,8,54,0,0,0,0,,1,8,54
sigstore/cosign,2394,chunteck,156,1034,16,8,1299,9489,Dentrax|SantiagoTorres|chunteck|developer-guy|github-actions[bot]|matglas|upodroid|znewman01,8,1455,10523
sigstore/cosign,2384,toddysm,138,800,6,5,243,1362,cpanato|dlorenc|haydentherapper|jeremyrickard|toddysm,5,381,2162
sigstore/cosign,2382,haydentherapper,263,1666,0,0,0,0,,1,263,1666
sigstore/cosign,2377,knechtionscoding,89,596,0,0,0,0,,1,89,596
sigstore/cosign,2376,haydentherapper,164,1013,29,9,1618,9813,Dentrax|asraa|bobcallaway|haydentherapper|hectorj2f|mtrmac|priyawadhwa|xopham|znewman01,9,1782,10826
sigstore/cosign,2372,AaronLuo3296,138,890,6,2,306,1868,AaronLuo3296|dlorenc,2,444,2758
sigstore/cosign,2367,lehors,78,596,2,2,16,92,developer-guy|lehors,2,94,688
sigstore/cosign,2356,msmeissn,101,660,3,1,181,1020,bailey-coding,2,282,1680
sigstore/cosign,2355,rnachire,284,2204,3,2,56,344,hectorj2f|rnachire,2,340,2548
sigstore/cosign,2354,upodroid,293,2210,3,3,794,9658,asraa|upodroid|znewman01,3,1087,11868
sigstore/cosign,2345,beltran-rubo,66,426,0,0,0,0,,1,66,426
sigstore/cosign,2333,znewman01,222,1644,0,0,0,0,,1,222,1644
sigstore/cosign,2331,priyawadhwa,106,562,13,5,1100,6047,asraa|haydentherapper|hectorj2f|priyawadhwa|znewman01,5,1206,6609
sigstore/cosign,2330,priyawadhwa,66,336,1,1,8,48,hectorj2f,2,74,384
sigstore/cosign,2329,S0b1t,153,925,3,3,434,3037,S0b1t|yiakwy|znewman01,3,587,3962
sigstore/cosign,2320,asraa,149,982,11,3,419,2395,asraa|haydentherapper|znewman01,3,568,3377
sigstore/cosign,2318,Dentrax,461,3476,2,2,45,207,asraa|znewman01,3,506,3683
sigstore/cosign,2307,ChristianCiach,250,1566,15,4,1866,11478,ChaosInTheCRD|ChristianCiach|lcarva|znewman01,4,2116,13044
sigstore/cosign,2300,nicolaevladescu,71,392,5,2,1585,9354,nicolaevladescu|znewman01,2,1656,9746
sigstore/cosign,2298,gerhard,332,3198,5,4,548,3452,ChristianCiach|gerhard|richlander|znewman01,4,880,6650
sigstore/cosign,2296,trondat,85,615,2,2,276,1930,cpanato|znewman01,3,361,2545
sigstore/cosign,2294,asraa,353,2423,1,1,25,125,asraa,1,378,2548
sigstore/cosign,2290,souleb,54,322,1,1,7,34,developer-guy,2,61,356
sigstore/cosign,2279,maxking,223,1470,5,4,344,2058,dlorenc|haydentherapper|maxking|znewman01,4,567,3528
sigstore/cosign,2277,RTann,314,1980,1,1,7,44,RTann,1,321,2024
sigstore/cosign,2275,asraa,36,247,0,0,0,0,,1,36,247
sigstore/cosign,2267,znewman01,229,2176,6,4,498,2890,Mukuls77|hectorj2f|znewman01|zoltani,4,727,5066
sigstore/cosign,2265,adammfrank,309,2923,3,2,176,1012,lancew-q|znewman01,3,485,3935
sigstore/cosign,2264,chipzoller,435,3216,15,6,514,3250,JimBugwadia|asraa|chipzoller|datosh|developer-guy|mattmoor,6,949,6466
sigstore/cosign,2258,vaikas,65,425,1,1,7,47,cpanato,2,72,472
sigstore/cosign,2255,znewman01,338,2041,7,4,432,2611,haydentherapper|jku|vaikas|znewman01,4,770,4652
sigstore/cosign,2253,znewman01,115,664,7,3,260,1650,asraa|cpanato|znewman01,3,375,2314
sigstore/cosign,2240,ybelMekk,322,3270,1,1,16,69,ybelMekk,1,338,3339
sigstore/cosign,2237,znewman01,310,2572,0,0,0,0,,1,310,2572
sigstore/cosign,2236,todaywasawesome,87,535,8,3,1014,5972,asraa|xmudrii|znewman01,4,1101,6507
sigstore/cosign,2230,chaospuppy,101,619,4,2,441,3266,chaospuppy|hectorj2f,2,542,3885
sigstore/cosign,2222,hirokuni-kitahara,236,1614,6,3,233,1436,asraa|hirokuni-kitahara|znewman01,3,469,3050
sigstore/cosign,2219,asraa,68,395,4,2,136,712,asraa|haydentherapper,2,204,1107
sigstore/cosign,2216,developer-guy,186,1335,0,0,0,0,,1,186,1335
sigstore/cosign,2215,developer-guy,157,921,1,1,51,350,znewman01,2,208,1271
sigstore/cosign,2214,trondat,114,815,4,3,307,3217,cpanato|dlorenc|trondat,3,421,4032
sigstore/cosign,2210,znewman01,145,925,26,5,2472,15176,ChaosInTheCRD|Namanl2001|haydentherapper|kpk47|znewman01,5,2617,16101
sigstore/cosign,2209,rajpratik71,22,158,11,3,1087,6839,haydentherapper|rajpratik71|znewman01,3,1109,6997
sigstore/cosign,2208,atoy3731,276,2304,7,5,510,3798,ChristianCiach|VenutNSA|qiuyi666|zackbradys|znewman01,6,786,6102
sigstore/cosign,2198,patflynn,91,602,2,2,55,321,asraa|var-sdk,3,146,923
sigstore/cosign,2197,lcarva,356,2957,1,1,19,107,asraa,2,375,3064
sigstore/cosign,2194,asraa,390,2593,8,3,752,4547,asraa|dlorenc|haydentherapper,3,1142,7140
sigstore/cosign,2189,turbobobbytraykov,139,901,1,1,88,531,turbobobbytraykov,1,227,1432
sigstore/cosign,2186,dirien,69,483,0,0,0,0,,1,69,483
sigstore/cosign,2178,konthamvivek,103,628,2,1,41,232,dlorenc,2,144,860
sigstore/cosign,2170,jean3x7,59,403,2,2,216,1360,github-actions[bot]|haydentherapper,3,275,1763
sigstore/cosign,2161,Ikke,236,1684,2,1,11,56,znewman01,2,247,1740
sigstore/cosign,2158,otms61,348,2612,4,2,89,516,chipzoller|dlorenc,3,437,3128
sigstore/cosign,2154,vaikas,197,1299,2,2,78,416,cpanato|dlorenc,3,275,1715
sigstore/cosign,2149,cldmnky,161,990,2,2,30,144,cldmnky|dlorenc,2,191,1134
sigstore/cosign,2147,kommendorkapten,524,3602,11,6,597,3758,asraa|dlorenc|feelepxyz|kommendorkapten|lumjjb|mlieberman85,6,1121,7360
sigstore/cosign,2144,bendory,34,237,0,0,0,0,,1,34,237
sigstore/cosign,2143,asraa,181,1152,11,5,576,3456,asraa|dlorenc|haydentherapper|patflynn|znewman01,5,757,4608
sigstore/cosign,2138,wlynch,454,3405,2,2,22,134,asraa|haydentherapper,3,476,3539
sigstore/cosign,2137,hsuchan,327,2188,1,1,29,178,hsuchan,1,356,2366
sigstore/cosign,2134,wata727,401,2752,4,3,533,3286,asraa|haydentherapper|wata727,3,934,6038
sigstore/cosign,2133,williamokano,234,1417,1,1,3,27,dlorenc,2,237,1444
sigstore/cosign,2131,patflynn,194,1341,11,4,765,4745,dlorenc|kommendorkapten|patflynn|znewman01,4,959,6086
sigstore/cosign,2126,otms61,237,1880,9,6,686,4260,ChristianCiach|cnwaldron|developer-guy|github-actions[bot]|mattmoor|otms61,6,923,6140
sigstore/cosign,2123,laurentsimon,125,799,10,4,589,6630,asraa|bobcallaway|laurentsimon|priyawadhwa,4,714,7429
sigstore/cosign,2122,lukehinds,25,166,9,3,274,1626,asraa|hectorj2f|lukehinds,3,299,1792
sigstore/cosign,2121,laurentsimon,205,1283,5,3,161,860,asraa|dlorenc|laurentsimon,3,366,2143
sigstore/cosign,2113,jdolitsky,169,1073,2,1,53,340,haydentherapper,2,222,1413
sigstore/cosign,2104,xmlking,357,2860,2,2,86,643,dlorenc|erichs,3,443,3503
sigstore/cosign,2098,luc-lynx,234,1451,8,4,932,5549,asraa|dlorenc|haydentherapper|luc-lynx,4,1166,7000
sigstore/cosign,2097,luc-lynx,96,613,6,3,518,3097,AnishShah|dlorenc|znewman01,4,614,3710
sigstore/cosign,2095,knqyf263,74,558,0,0,0,0,,1,74,558
sigstore/cosign,2094,chuangw6,187,1391,7,4,299,2007,chuangw6|haydentherapper|wlynch|znewman01,4,486,3398
sigstore/cosign,2091,imjasonh,205,1542,6,3,372,2516,dmitris|haydentherapper|imjasonh,3,577,4058
sigstore/cosign,2084,williamh,159,1026,2,2,19,96,cpanato|williamh,2,178,1122
sigstore/cosign,2083,griggheo,324,3622,8,4,467,3059,cpanato|dlorenc|griggheo|hectorj2f,4,791,6681
sigstore/cosign,2082,Dentrax,205,1590,2,2,41,199,developer-guy|kahboom,3,246,1789
sigstore/cosign,2068,lcarva,499,3361,3,3,35,239,bogdanbiv|haydentherapper|lcarva,3,534,3600
sigstore/cosign,2061,morwn,254,2618,0,0,0,0,,1,254,2618
sigstore/cosign,2056,znewman01,105,707,19,9,1679,9764,asraa|di|dlorenc|haydentherapper|hectorj2f|johnfosborneiii|kpk47|woodruffw|znewman01,9,1784,10471
sigstore/cosign,2053,imjasonh,176,1116,0,0,0,0,,1,176,1116
sigstore/cosign,2052,TomHennen,99,726,10,4,512,9942,Dentrax|TomHennen|developer-guy|dlorenc,4,611,10668
sigstore/cosign,2049,JanZerebecki,134,853,8,4,2225,12848,JanZerebecki|SantiagoTorres|adityasaky|znewman01,4,2359,13701
sigstore/cosign,2047,znewman01,116,704,10,6,1541,9674,ChristianCiach|Namanl2001|ianlewis|imjasonh|mtrmac|znewman01,6,1657,10378
sigstore/cosign,2045,developer-guy,103,717,0,0,0,0,,1,103,717
sigstore/cosign,2044,developer-guy,110,657,3,2,110,626,developer-guy|znewman01,2,220,1283
sigstore/cosign,2043,ianlewis,79,550,0,0,0,0,,1,79,550
sigstore/cosign,2034,sfzylad,307,2354,4,3,125,711,dlorenc|hectorj2f|sfzylad,3,432,3065
sigstore/cosign,2031,thepwagner,231,1737,1,1,4,18,thepwagner,1,235,1755
sigstore/cosign,2028,brackend,293,1910,4,2,64,342,brackend|dlorenc,2,357,2252
sigstore/cosign,2027,chipzoller,62,413,6,4,378,2621,chipzoller|dlorenc|ianlewis|laurentsimon,4,440,3034
sigstore/cosign,2025,chipzoller,236,1592,5,4,196,1151,Dentrax|chipzoller|cpanato|developer-guy,4,432,2743
sigstore/cosign,2017,gpkmr-genesys,117,685,3,3,263,1651,gpkmr-genesys|haydentherapper|imjasonh,3,380,2336
sigstore/cosign,2007,mozillazg,67,472,0,0,0,0,,1,67,472
sigstore/cosign,2006,Dentrax,264,1956,0,0,0,0,,1,264,1956
sigstore/cosign,2005,patflynn,69,441,3,3,121,829,Dentrax|priyawadhwa|znewman01,4,190,1270
sigstore/cosign,2004,patflynn,172,3305,6,4,181,1042,SantiagoTorres|haydentherapper|patflynn|znewman01,4,353,4347
sigstore/cosign,2002,Dentrax,227,1425,9,3,1000,5817,Dentrax|joshuabezaleel|znewman01,3,1227,7242
sigstore/cosign,1997,hectorj2f,121,774,8,3,456,2629,asraa|haydentherapper|hectorj2f,3,577,3403
sigstore/cosign,1994,chvasu,361,3043,3,2,56,373,chvasu|dlorenc,2,417,3416
sigstore/cosign,1993,strongjz,930,7781,1,1,50,279,priyawadhwa,2,980,8060
sigstore/cosign,1989,developer-guy,53,351,3,2,30,198,chipzoller|developer-guy,2,83,549
sigstore/cosign,1987,asraa,66,430,2,2,96,539,asraa|imjasonh,2,162,969
sigstore/cosign,1985,developer-guy,73,513,0,0,0,0,,1,73,513
sigstore/cosign,1984,DennyHoang,870,7617,2,2,33,212,DennyHoang|imjasonh,2,903,7829
sigstore/cosign,1964,woodruffw,95,601,13,5,2005,12097,haydentherapper|jku|vaikas|woodruffw|znewman01,5,2100,12698
sigstore/cosign,1962,developer-guy,62,476,3,2,57,345,developer-guy|haydentherapper,2,119,821
sigstore/cosign,1960,georgettica,49,321,6,5,134,732,asraa|caarlos0|georgettica|github-actions[bot]|haydentherapper,5,183,1053
sigstore/cosign,1954,jdolitsky,218,1488,3,3,159,866,hectorj2f|jdolitsky|vaikas,3,377,2354
sigstore/cosign,1947,znewman01,148,894,12,6,3309,19332,di|haydentherapper|nealmcb|vaikas|woodruffw|znewman01,6,3457,20226
sigstore/cosign,1942,Simkiw,345,1929,3,2,90,483,Simkiw|github-actions[bot],2,435,2412
sigstore/cosign,1939,INT2ECALL,16,80,6,2,376,2632,INT2ECALL|hectorj2f,2,392,2712
sigstore/cosign,1936,developer-guy,89,537,4,2,339,2172,developer-guy|znewman01,2,428,2709
sigstore/cosign,1935,znewman01,121,711,12,4,586,3926,asraa|haydentherapper|vaikas|znewman01,4,707,4637
sigstore/cosign,1930,mattmoor,106,636,1,1,20,101,hectorj2f,2,126,737
sigstore/cosign,1917,lcarva,251,1618,1,1,110,890,lcarva,1,361,2508
sigstore/cosign,1912,DanStory,139,846,3,2,422,2305,github-actions[bot]|znewman01,3,561,3151
sigstore/cosign,1905,imjasonh,362,2412,12,8,781,4533,dlorenc|gosixtyfive|imjasonh|mattmoor|paolomainardi|saisatishkarra|thesayyn|znewman01,8,1143,6945
sigstore/cosign,1904,Simkiw,78,431,4,3,933,5885,Simkiw|cpanato|znewman01,3,1011,6316
sigstore/cosign,1903,jdolitsky,46,255,7,3,716,4649,hectorj2f|imjasonh|jdolitsky,3,762,4904
sigstore/cosign,1899,asraa,544,3866,6,2,368,2160,asraa|haydentherapper,2,912,6026
sigstore/cosign,1895,imjasonh,198,1371,1,1,13,77,znewman01,2,211,1448
sigstore/cosign,1892,adamd-vmw,25,172,3,2,171,1023,adamd-vmw|imjasonh,2,196,1195
sigstore/cosign,1882,zfLQ2qx2,113,606,3,2,86,506,github-actions[bot]|imjasonh,3,199,1112
sigstore/cosign,1881,shawnho1018,325,2753,2,2,83,493,hectorj2f|shawnho1018,2,408,3246
sigstore/cosign,1880,zchee,52,334,15,3,1961,11964,dlorenc|imjasonh|zchee,3,2013,12298
sigstore/cosign,1878,vpnachev,355,2233,12,5,2521,17459,hectorj2f|imjasonh|mattmoor|vaikas|vpnachev,5,2876,19692
sigstore/cosign,1871,znewman01,100,611,12,3,694,3757,hectorj2f|vaikas|znewman01,3,794,4368
sigstore/cosign,1867,imjasonh,205,1345,4,2,250,1590,haydentherapper|imjasonh,2,455,2935
sigstore/cosign,1865,imjasonh,249,1636,4,3,401,2200,haydentherapper|imjasonh|znewman01,3,650,3836
sigstore/cosign,1855,bainsy88,114,644,2,2,25,121,bainsy88|dlorenc,2,139,765
sigstore/cosign,1853,nealmcb,403,2969,2,2,47,250,dlorenc|nealmcb,2,450,3219
sigstore/cosign,1849,nealmcb,68,494,1,1,30,149,nealmcb,1,98,643
sigstore/cosign,1848,znewman01,199,1373,2,1,145,876,haydentherapper,2,344,2249
sigstore/cosign,1847,znewman01,150,1246,1,1,2,6,haydentherapper,2,152,1252
sigstore/cosign,1845,liufangwai,113,683,2,1,42,212,github-actions[bot],2,155,895
sigstore/cosign,1844,nealmcb,177,1147,7,3,221,1261,dlorenc|haydentherapper|nealmcb,3,398,2408
sigstore/cosign,1840,DennyHoang,122,759,1,1,10,39,DennyHoang,1,132,798
sigstore/cosign,1835,hectorj2f,79,546,2,2,37,206,derwei|hectorj2f,2,116,752
sigstore/cosign,1834,hectorj2f,87,645,5,4,147,785,DennyHoang|adamd-vmw|hectorj2f|vaikas,4,234,1430
sigstore/cosign,1826,hectorj2f,49,342,2,2,24,142,adamd-vmw|hectorj2f,2,73,484
sigstore/cosign,1825,znewman01,107,786,2,1,68,426,asraa,2,175,1212
sigstore/cosign,1823,znewman01,292,1854,1,1,9,57,cpanato,2,301,1911
sigstore/cosign,1822,k4leung4,198,1359,3,3,167,1057,asraa|k4leung4|znewman01,3,365,2416
sigstore/cosign,1821,znewman01,130,919,1,1,108,603,priyawadhwa,2,238,1522
sigstore/cosign,1819,di,93,563,2,2,32,170,dlorenc|znewman01,3,125,733
sigstore/cosign,1816,clem844,161,1069,4,4,418,2771,asraa|dlorenc|haydentherapper|wlynch,5,579,3840
sigstore/cosign,1811,imrejonk,175,1507,1,1,41,220,cpanato,2,216,1727
sigstore/cosign,1802,dioguerra,110,624,5,4,237,1755,dioguerra|dlorenc|hectorj2f|sabre1041,4,347,2379
sigstore/cosign,1786,allstar-app[bot],65,451,1,1,1,5,dlorenc,2,66,456
sigstore/cosign,1785,wlynch,303,1951,0,0,0,0,,1,303,1951
sigstore/cosign,1777,tomkerkhove,95,608,8,4,593,3641,dlorenc|honnix|suyash691|znewman01,5,688,4249
sigstore/cosign,1776,znewman01,127,738,3,3,89,495,dlorenc|jeff-mccoy|znewman01,3,216,1233
sigstore/cosign,1775,nsmith5,99,757,6,4,234,1381,asraa|hectorj2f|nsmith5|tuminoid,4,333,2138
sigstore/cosign,1773,asraa,63,392,4,3,21,97,asraa|developer-guy|dlorenc,3,84,489
sigstore/cosign,1771,capri-xiyue,113,684,6,4,127,691,capri-xiyue|haydentherapper|wlynch|znewman01,4,240,1375
sigstore/cosign,1770,hectorj2f,95,573,1,1,14,87,hectorj2f,1,109,660
sigstore/cosign,1769,vaikas,204,1263,1,1,87,497,hectorj2f,2,291,1760
sigstore/cosign,1753,asraa,95,577,1,1,15,120,asraa,1,110,697
sigstore/cosign,1743,asraa,219,1443,18,6,1578,9234,asraa|dlorenc|laurentsimon|lumjjb|mlieberman85|tiziano88,6,1797,10677
sigstore/cosign,1742,hectorj2f,542,3800,11,4,769,4195,asraa|dlorenc|hectorj2f|lumjjb,4,1311,7995
sigstore/cosign,1739,asraa,171,1109,0,0,0,0,,1,171,1109
sigstore/cosign,1733,tekumara,29,166,3,2,77,432,cpanato|tekumara,2,106,598
sigstore/cosign,1730,haydentherapper,67,444,0,0,0,0,,1,67,444
sigstore/cosign,1729,oliviergaumond,91,618,2,2,23,141,dlorenc|hectorj2f,3,114,759
sigstore/cosign,1717,hectorj2f,357,3018,0,0,0,0,,1,357,3018
sigstore/cosign,1716,chunteck,294,2647,6,3,320,1825,asraa|chunteck|dlorenc,3,614,4472
sigstore/cosign,1703,msmeissn,50,343,2,2,27,140,dlorenc|msmeissn,2,77,483
sigstore/cosign,1697,znewman01,80,577,3,3,99,593,AndreVirtimo|eddiezane|znewman01,3,179,1170
sigstore/cosign,1692,vmulpuru,353,2719,3,2,48,291,dlorenc|vmulpuru,2,401,3010
sigstore/cosign,1691,sambhav,74,496,4,4,195,1213,Dentrax|developer-guy|dlorenc|imjasonh,5,269,1709
sigstore/cosign,1684,ckingbailey,1242,8395,3,2,258,1450,dlorenc|imjasonh,3,1500,9845
sigstore/cosign,1679,zregvart,265,2938,6,2,699,4560,vaikas|zregvart,2,964,7498
sigstore/cosign,1667,xmlking,85,781,2,2,18,101,cpanato|dlorenc,3,103,882
sigstore/cosign,1665,noamichael,96,671,0,0,0,0,,1,96,671
sigstore/cosign,1660,marcofranssen,95,535,4,4,138,831,haydentherapper|marcofranssen|noamichael|znewman01,4,233,1366
sigstore/cosign,1655,tcnghia,64,495,7,5,388,2516,DennyHoang|elfotografo007|hectorj2f|shawnho1018|tcnghia,5,452,3011
sigstore/cosign,1654,znewman01,248,1718,3,2,64,298,wlynch|znewman01,2,312,2016
sigstore/cosign,1653,adubey8,114,643,28,8,2537,15578,DennyHoang|MageshSrinivasulu|Zarmbinski|adamd-vmw|adubey8|coyote240|hectorj2f|vaikas,8,2651,16221
sigstore/cosign,1652,vaikas,153,987,3,2,254,1560,DennyHoang|hectorj2f,3,407,2547
sigstore/cosign,1651,vaikas,22,151,2,2,9,46,DennyHoang|hectorj2f,3,31,197
sigstore/cosign,1647,asraa,115,740,4,3,127,728,asraa|dlorenc|haydentherapper,3,242,1468
sigstore/cosign,1645,lcarva,279,2077,1,1,59,584,lcarva,1,338,2661
sigstore/cosign,1643,di,187,1279,5,5,319,1959,Dwynie|cpanato|dlorenc|strongjz|tekumara,6,506,3238
sigstore/cosign,1642,DennyHoang,110,770,2,2,57,329,DennyHoang|hectorj2f,2,167,1099
sigstore/cosign,1632,MitchellJThomas,178,1397,1,1,3,17,dlorenc,2,181,1414
sigstore/cosign,1630,se3000,142,944,2,2,80,446,dlorenc|se3000,2,222,1390
sigstore/cosign,1627,Brend-Smits,86,648,6,4,243,1469,Brend-Smits|developer-guy|github-actions[bot]|marcofranssen,4,329,2117
sigstore/cosign,1625,developer-guy,93,619,1,1,31,166,developer-guy,1,124,785
sigstore/cosign,1613,mattmoor,55,421,2,2,3,16,hectorj2f|mattmoor,2,58,437
sigstore/cosign,1611,vaikas,41,229,0,0,0,0,,1,41,229
sigstore/cosign,1609,marcofranssen,144,1039,5,3,236,1272,ctpaterson|dlorenc|marcofranssen,3,380,2311
sigstore/cosign,1608,vaikas,69,478,2,2,141,782,haydentherapper|hectorj2f,3,210,1260
sigstore/cosign,1607,mattmoor,121,844,1,1,5,19,cpanato,2,126,863
sigstore/cosign,1604,developer-guy,147,839,2,2,40,207,dlorenc|hectorj2f,3,187,1046
sigstore/cosign,1601,vaikas,46,246,0,0,0,0,,1,46,246
sigstore/cosign,1596,vaikas,32,172,1,1,7,37,hectorj2f,2,39,209
sigstore/cosign,1594,marcofranssen,238,2012,0,0,0,0,,1,238,2012
sigstore/cosign,1592,vaikas,118,930,0,0,0,0,,1,118,930
sigstore/cosign,1591,Dentrax,240,1694,0,0,0,0,,1,240,1694
sigstore/cosign,1585,troy256,35,198,1,1,54,303,dlorenc,2,89,501
sigstore/cosign,1583,vaikas,192,1585,0,0,0,0,,1,192,1585
sigstore/cosign,1582,vaikas,39,247,0,0,0,0,,1,39,247
sigstore/cosign,1581,vaikas,56,321,6,3,177,1008,hectorj2f|kkavitha|vaikas,3,233,1329
sigstore/cosign,1575,vaikas,57,378,3,1,55,328,hectorj2f,2,112,706
sigstore/cosign,1574,vaikas,37,223,4,2,246,1310,hectorj2f|vaikas,2,283,1533
sigstore/cosign,1573,vaikas,101,579,1,1,18,97,hectorj2f,2,119,676
sigstore/cosign,1572,vaikas,46,283,0,0,0,0,,1,46,283
sigstore/cosign,1571,vaikas,1043,6748,3,3,123,723,hectorj2f|strongjz|vaikas,3,1166,7471
sigstore/cosign,1570,neblen,67,386,8,4,693,9420,adammfrank|cpanato|github-actions[bot]|neblen,4,760,9806
sigstore/cosign,1569,developer-guy,153,1464,1,1,14,72,dlorenc,2,167,1536
sigstore/cosign,1568,funkypenguin,395,2530,4,3,62,357,bobcallaway|dlorenc|imjasonh,4,457,2887
sigstore/cosign,1567,johnterickson,142,1065,3,2,130,772,dlorenc|github-actions[bot],3,272,1837
sigstore/cosign,1566,bburky,304,2090,8,4,188,1124,dekkagaijin|dlorenc|haydentherapper|hectorj2f,5,492,3214
sigstore/cosign,1555,sfc-gh-eraigosa,213,1345,5,4,292,1801,cpanato|eins|marcofranssen|xmlking,5,505,3146
sigstore/cosign,1554,bburky,299,1806,33,5,3426,21377,bburky|dlorenc|haydentherapper|maxking|znewman01,5,3725,23183
sigstore/cosign,1549,javuto,71,421,3,3,101,569,dlorenc|javuto|theopolis,3,172,990
sigstore/cosign,1542,xmlking,82,748,8,5,436,6804,dlorenc|hectorj2f|marcofranssen|vaikas|xmlking,5,518,7552
sigstore/cosign,1532,Dentrax,186,1152,1,1,36,204,dlorenc,2,222,1356
sigstore/cosign,1521,developer-guy,52,386,1,1,4,12,dlorenc,2,56,398
sigstore/cosign,1517,asraa,96,549,0,0,0,0,,1,96,549
sigstore/cosign,1506,asraa,84,471,13,4,526,2816,asraa|dlorenc|haydentherapper|znewman01,4,610,3287
sigstore/cosign,1505,neblen,130,884,2,2,87,514,dlorenc|neblen,2,217,1398
sigstore/cosign,1494,spiffcs,177,1182,1,1,13,60,dlorenc,2,190,1242
sigstore/cosign,1489,BlackthornYugen,351,2596,2,2,138,948,bburky|dlorenc,3,489,3544
sigstore/cosign,1477,Isakofff,64,386,1,1,3,19,haydentherapper,2,67,405
sigstore/cosign,1474,Isakofff,147,925,2,2,26,128,Isakofff|haydentherapper,2,173,1053
sigstore/cosign,1471,znewman01,17,117,1,1,5,23,znewman01,1,22,140
sigstore/cosign,1463,imjasonh,317,2117,8,4,1144,7026,dlorenc|imjasonh|mtrmac|vrothberg,4,1461,9143
sigstore/cosign,1462,imjasonh,327,2188,22,9,2083,12123,dlorenc|fmoessbauer|haydentherapper|imjasonh|jeff-mccoy|luhring|lukehinds|sambhav|vrothberg,9,2410,14311
sigstore/cosign,1461,marcofranssen,128,1028,2,1,39,214,developer-guy,2,167,1242
sigstore/cosign,1460,nsmith5,98,712,4,3,651,9293,elizabetht|jdolitsky|nsmith5,3,749,10005
sigstore/cosign,1458,jp-gouin,153,952,3,3,163,907,dlorenc|huberts90|jp-gouin,3,316,1859
sigstore/cosign,1456,ckotzbauer,111,735,5,3,168,859,JimBugwadia|ckotzbauer|dlorenc,3,279,1594
sigstore/cosign,1452,priyawadhwa,14,76,2,1,1042,11102,priyawadhwa,1,1056,11178
sigstore/cosign,1450,developer-guy,101,699,0,0,0,0,,1,101,699
sigstore/cosign,1447,dlorenc,138,843,2,1,71,413,znewman01,2,209,1256
sigstore/cosign,1445,developer-guy,57,352,3,2,95,523,github-actions[bot]|znewman01,3,152,875
sigstore/cosign,1444,godofredoc,48,288,5,3,175,1065,dlorenc|github-actions[bot]|godofredoc,3,223,1353
sigstore/cosign,1443,cjbischoff,35,227,6,4,201,1128,github-actions[bot]|sheldonhull|webartoli|znewman01,5,236,1355
sigstore/cosign,1441,QWERTY92009,120,814,3,1,27,183,QWERTY92009,1,147,997
sigstore/cosign,1440,QWERTY92009,116,784,0,0,0,0,,1,116,784
sigstore/cosign,1437,asraa,98,602,0,0,0,0,,1,98,602
sigstore/cosign,1431,marcofranssen,401,2981,4,4,193,1531,chipzoller|cpanato|n3wt0n|znewman01,5,594,4512
sigstore/cosign,1425,developer-guy,86,585,0,0,0,0,,1,86,585
sigstore/cosign,1424,dwertent,600,6266,3,2,44,280,dlorenc|dwertent,2,644,6546
sigstore/cosign,1420,vaikas,62,455,0,0,0,0,,1,62,455
sigstore/cosign,1419,kkavitha,27,193,1,1,128,838,mattmoor,2,155,1031
sigstore/cosign,1418,kkavitha,74,556,7,3,406,2796,hectorj2f|mattmoor|vaikas,4,480,3352
sigstore/cosign,1417,kkavitha,69,526,6,2,218,1608,coyote240|mattmoor,3,287,2134
sigstore/cosign,1416,johnandersen777,49,250,4,3,204,1103,bobcallaway|dlorenc|github-actions[bot],4,253,1353
sigstore/cosign,1414,dlorenc,23,148,4,3,22,113,cpanato|dlorenc|k4leung4,3,45,261
sigstore/cosign,1408,bobcallaway,209,1891,3,2,33,192,dlorenc|mattmoor,3,242,2083
sigstore/cosign,1406,caarlos0,555,5873,11,4,1217,7734,asraa|bobcallaway|caarlos0|cardil,4,1772,13607
sigstore/cosign,1405,vaikas,199,1718,6,5,192,1194,dlorenc|hectorj2f|jonjohnsonjr|mattmoor|vaikas,5,391,2912
sigstore/cosign,1397,dlorenc,244,1343,10,6,604,3897,ChristianCiach|developer-guy|imjasonh|jdolitsky|mattmoor|znewman01,7,848,5240
sigstore/cosign,1390,cardil,150,1196,3,3,215,1375,cardil|mattmoor|znewman01,3,365,2571
sigstore/cosign,1389,dlorenc,77,648,3,3,113,594,dekkagaijin|dlorenc|haydentherapper,3,190,1242
sigstore/cosign,1385,priyawadhwa,91,572,3,1,75,389,znewman01,2,166,961
sigstore/cosign,1384,priyawadhwa,20,129,1,1,13,71,znewman01,2,33,200
sigstore/cosign,1381,luhring,634,3787,9,5,2082,12667,Dentrax|dlorenc|github-actions[bot]|jessesanford|luhring,5,2716,16454
sigstore/cosign,1380,saschagrunert,118,697,3,3,57,311,cpanato|haydentherapper|mattmoor,4,175,1008
sigstore/cosign,1378,bburky,323,2313,0,0,0,0,,1,323,2313
sigstore/cosign,1375,developer-guy,68,431,3,3,59,293,cpanato|developer-guy|dlorenc,3,127,724
sigstore/cosign,1373,sabre1041,130,904,1,1,32,234,znewman01,2,162,1138
sigstore/cosign,1370,ribbybibby,312,2934,3,3,53,306,dlorenc|ribbybibby|znewman01,3,365,3240
sigstore/cosign,1363,dlorenc,5,27,21,5,3548,20363,dlorenc|haydentherapper|imjasonh|luhring|lukehinds,5,3553,20390
sigstore/cosign,1361,developer-guy,122,780,5,2,119,691,developer-guy|dlorenc,2,241,1471
sigstore/cosign,1359,developer-guy,62,421,0,0,0,0,,1,62,421
sigstore/cosign,1356,developer-guy,63,362,3,3,23,151,developer-guy|dlorenc|znewman01,3,86,513
sigstore/cosign,1354,jw-s,156,918,2,2,80,455,bobcallaway|jw-s,2,236,1373
sigstore/cosign,1351,BerndFarkaDyna,146,994,33,8,3850,23800,BerndFarkaDyna|bobcallaway|bradbeck|developer-guy|dlorenc|hectorj2f|kent007|znewman01,8,3996,24794
sigstore/cosign,1350,simongottschlag,606,4288,4,3,133,773,dlorenc|imjasonh|simongottschlag,3,739,5061
sigstore/cosign,1344,Knibbaz,209,1107,1,1,208,1401,dlorenc,2,417,2508
sigstore/cosign,1342,asraa,105,667,1,1,9,40,haydentherapper,2,114,707
sigstore/cosign,1341,saschagrunert,252,2025,1,1,10,66,saschagrunert,1,262,2091
sigstore/cosign,1338,developer-guy,90,550,2,2,87,503,dlorenc|hectorj2f,3,177,1053
sigstore/cosign,1337,strongjz,95,652,1,1,8,43,dlorenc,2,103,695
sigstore/cosign,1331,imjasonh,83,601,11,6,709,4705,asraa|dlorenc|imjasonh|jbpratt|madchap|znewman01,6,792,5306
sigstore/cosign,1329,patrickdung,167,1013,2,2,11,46,dlorenc|hectorj2f,3,178,1059
sigstore/cosign,1324,bobcallaway,39,269,3,2,126,623,dlorenc|github-actions[bot],3,165,892
sigstore/cosign,1323,bobcallaway,35,267,0,0,0,0,,1,35,267
sigstore/cosign,1321,rgreinho,132,5981,4,3,628,9563,dlorenc|priyawadhwa|rgreinho,3,760,15544
sigstore/cosign,1313,asraa,150,943,15,6,1178,6729,asraa|dekkagaijin|dlorenc|haydentherapper|ribbybibby|znewman01,6,1328,7672
sigstore/cosign,1312,ChaosInTheCRD,154,936,1,1,41,206,dlorenc,2,195,1142
sigstore/cosign,1311,rgerganov,176,989,1,1,12,73,hectorj2f,2,188,1062
sigstore/cosign,1309,rgerganov,50,287,5,4,127,756,asraa|bobcallaway|dlorenc|hectorj2f,5,177,1043
sigstore/cosign,1307,jdolitsky,103,618,2,2,109,591,hectorj2f|jkremser,3,212,1209
sigstore/cosign,1304,imjasonh,192,1347,9,4,579,3872,ChrisJBurns|KuiiMaldonado|github-actions[bot]|znewman01,5,771,5219
sigstore/cosign,1301,brianluong,235,1783,7,3,238,1540,blz-ea|dlorenc|hectorj2f,4,473,3323
sigstore/cosign,1298,medenzon,103,857,2,2,18,106,dlorenc|medenzon,2,121,963
sigstore/cosign,1297,asraa,93,619,2,2,48,267,asraa|haydentherapper,2,141,886
sigstore/cosign,1293,asraa,352,2265,0,0,0,0,,1,352,2265
sigstore/cosign,1291,asraa,91,552,2,2,35,185,dlorenc|haydentherapper,3,126,737
sigstore/cosign,1289,haydentherapper,128,760,3,3,118,674,asraa|haydentherapper|rgerganov,3,246,1434
sigstore/cosign,1288,haydentherapper,105,643,0,0,0,0,,1,105,643
sigstore/cosign,1273,haydentherapper,235,1574,4,2,650,3859,asraa|haydentherapper,2,885,5433
sigstore/cosign,1271,dlorenc,202,1174,2,2,219,1158,asraa|dlorenc,2,421,2332
sigstore/cosign,1263,marshall007,98,636,6,4,270,1613,developer-guy|dlorenc|erkanzileli|marshall007,4,368,2249
sigstore/cosign,1262,marshall007,184,1243,4,3,57,316,Dentrax|dlorenc|jdolitsky,4,241,1559
sigstore/cosign,1259,woohgit,124,811,5,2,162,860,developer-guy|woohgit,2,286,1671
sigstore/cosign,1258,ckotzbauer,253,1741,3,3,190,1140,bobcallaway|ckotzbauer|haydentherapper,3,443,2881
sigstore/cosign,1257,sabre1041,47,354,2,2,57,450,dlorenc|sabre1041,2,104,804
sigstore/cosign,1254,developer-guy,171,1129,7,4,768,4686,dlorenc|haydentherapper|marshall007|mattmoor,5,939,5815
sigstore/cosign,1242,Itxaka,81,484,0,0,0,0,,1,81,484
sigstore/cosign,1240,vaikas,166,1071,2,2,16,63,dlorenc|vaikas,2,182,1134
sigstore/cosign,1239,developer-guy,86,451,3,3,101,553,developer-guy|haydentherapper|hectorj2f,3,187,1004
sigstore/cosign,1235,Rozzii,227,1470,3,2,19,95,Rozzii|dlorenc,2,246,1565
sigstore/cosign,1233,mattmoor,335,2262,0,0,0,0,,1,335,2262
sigstore/cosign,1232,mattmoor,78,485,2,2,58,304,JimBugwadia|mattmoor,2,136,789
sigstore/cosign,1231,mattmoor,151,1022,1,1,4,28,dlorenc,2,155,1050
sigstore/cosign,1229,rgerganov,81,453,1,1,15,84,asraa,2,96,537
sigstore/cosign,1224,asraa,96,580,5,3,278,1700,asraa|haydentherapper|rgerganov,3,374,2280
sigstore/cosign,1223,sudermanjr,64,359,3,2,86,515,dlorenc|sudermanjr,2,150,874
sigstore/cosign,1219,mattmoor,142,1063,5,3,439,2463,dlorenc|mattmoor|sudo-bmitch,3,581,3526
sigstore/cosign,1217,lukehinds,31,220,1,1,7,31,lukehinds,1,38,251
sigstore/cosign,1215,QWERTY92009,86,527,2,2,55,312,QWERTY92009|dlorenc,2,141,839
sigstore/cosign,1212,ckingbailey,317,1695,2,1,37,230,dlorenc,2,354,1925
sigstore/cosign,1210,dekkagaijin,66,449,2,2,71,414,asraa|dekkagaijin,2,137,863
sigstore/cosign,1207,dekkagaijin,16,111,0,0,0,0,,1,16,111
sigstore/cosign,1205,jbpratt,438,3045,4,3,74,470,asraa|dlorenc|jbpratt,3,512,3515
sigstore/cosign,1202,developer-guy,84,514,11,4,478,2784,ChaosInTheCRD|developer-guy|dlorenc|lukehinds,4,562,3298
sigstore/cosign,1195,rgerganov,100,541,1,1,13,77,rgerganov,1,113,618
sigstore/cosign,1194,dmeibusch,44,289,3,3,56,293,developer-guy|dlorenc|dmeibusch,3,100,582
sigstore/cosign,1193,dlorenc,218,1348,7,3,409,2335,asraa|dlorenc|priyawadhwa,3,627,3683
sigstore/cosign,1192,dlorenc,45,244,11,3,278,1623,developer-guy|dlorenc|hectorj2f,3,323,1867
sigstore/cosign,1179,rgerganov,213,1328,9,3,670,3476,asraa|priyawadhwa|rgerganov,3,883,4804
sigstore/cosign,1171,dekkagaijin,32,234,1,1,16,74,matheuscscp,2,48,308
sigstore/cosign,1160,dekkagaijin,52,429,1,1,6,26,dlorenc,2,58,455
sigstore/cosign,1156,haydentherapper,81,513,5,4,54,325,cpanato|haydentherapper|mehran-sayyah|znewman01,4,135,838
sigstore/cosign,1155,haydentherapper,60,427,6,4,628,3423,asraa|dlorenc|haydentherapper|znewman01,4,688,3850
sigstore/cosign,1153,gjirm,123,831,3,3,222,1301,dekkagaijin|gjirm|jowko,3,345,2132
sigstore/cosign,1152,lukehinds,202,1237,4,3,158,839,dlorenc|github-actions[bot]|mattmoor,4,360,2076
sigstore/cosign,1140,developer-guy,559,11080,1,1,8,53,haydentherapper,2,567,11133
sigstore/cosign,1136,sambhav,49,271,1,1,35,211,caarlos0,2,84,482
sigstore/cosign,1134,developer-guy,80,514,1,1,3,13,haydentherapper,2,83,527
sigstore/cosign,1130,imjasonh,616,3683,2,2,116,706,lukehinds|rdimitrov,3,732,4389
sigstore/cosign,1125,developer-guy,68,454,0,0,0,0,,1,68,454
sigstore/cosign,1121,developer-guy,61,386,0,0,0,0,,1,61,386
sigstore/cosign,1118,developer-guy,141,891,4,2,107,612,evankanderson|hectorj2f,3,248,1503
sigstore/cosign,1114,Toey9177,25,157,1,1,3,19,dekkagaijin,2,28,176
sigstore/cosign,1109,Dentrax,53,316,1,1,14,92,Dentrax,1,67,408
sigstore/cosign,1108,tuananh,60,311,4,3,72,364,dlorenc|github-actions[bot]|tuananh,3,132,675
sigstore/cosign,1105,tuananh,63,384,7,4,469,2842,dlorenc|feelepxyz|hectorj2f|tuananh,4,532,3226
sigstore/cosign,1101,verdverm,101,613,8,6,418,2422,Johannestegner|developer-guy|dlorenc|haydentherapper|imjasonh|verdverm,6,519,3035
sigstore/cosign,1099,developer-guy,119,879,6,2,149,777,developer-guy|dlorenc,2,268,1656
sigstore/cosign,1097,tuananh,142,1279,4,3,60,333,dlorenc|loosebazooka|tuananh,3,202,1612
sigstore/cosign,1090,developer-guy,95,629,0,0,0,0,,1,95,629
sigstore/cosign,1087,JimBugwadia,241,1552,12,6,512,2884,asraa|bobcallaway|developer-guy|dlorenc|lukehinds|tuananh,7,753,4436
sigstore/cosign,1086,mattmoor,104,635,7,4,401,2362,amouat|imjasonh|mattmoor|ribbybibby,4,505,2997
sigstore/cosign,1078,venafi-iw,41,329,1,1,8,51,asraa,2,49,380
sigstore/cosign,1076,Knibbaz,38,220,5,2,315,1794,ChrisJBurns|znewman01,3,353,2014
sigstore/cosign,1074,developer-guy,103,609,1,1,27,148,dlorenc,2,130,757
sigstore/cosign,1070,adubey8,210,1351,4,2,97,560,dlorenc|hectorj2f,3,307,1911
sigstore/cosign,1069,adubey8,72,487,4,3,155,873,developer-guy|dlorenc|hectorj2f,4,227,1360
sigstore/cosign,1067,developer-guy,133,865,0,0,0,0,,1,133,865
sigstore/cosign,1060,Dentrax,138,1020,2,2,2,4,dlorenc|hectorj2f,3,140,1024
sigstore/cosign,1059,Dentrax,137,896,2,2,67,367,dekkagaijin|imjasonh,3,204,1263
sigstore/cosign,1055,mattmoor,68,427,6,3,207,1181,cpanato|dlorenc|mattmoor,3,275,1608
sigstore/cosign,1051,ckotzbauer,258,2202,1,1,9,44,ckotzbauer,1,267,2246
sigstore/cosign,1048,shibumi,402,2792,0,0,0,0,,1,402,2792
sigstore/cosign,1046,shibumi,195,1495,3,2,118,695,asraa|shibumi,2,313,2190
sigstore/cosign,1037,zosocanuck,135,715,2,2,59,387,garantir-km|zosocanuck,2,194,1102
sigstore/cosign,1027,Dentrax,209,1372,4,4,106,636,Dentrax|developer-guy|dlorenc|philips,4,315,2008
sigstore/cosign,1023,hickey,199,1147,2,2,41,235,dekkagaijin|hickey,2,240,1382
sigstore/cosign,1019,naveensrinivasan,121,985,8,3,831,6070,cpanato|dlorenc|naveensrinivasan,3,952,7055
sigstore/cosign,1018,clemenko,186,1567,2,2,135,1058,Dentrax|clemenko,2,321,2625
sigstore/cosign,1015,dlorenc,46,269,7,4,161,866,developer-guy|dlorenc|haydentherapper|priyawadhwa,4,207,1135
sigstore/cosign,1013,imjasonh,287,2513,2,2,12,60,dlorenc|znewman01,3,299,2573
sigstore/cosign,1012,dlorenc,87,531,4,3,180,1092,Dentrax|developer-guy|dlorenc,3,267,1623
sigstore/cosign,1006,chipzoller,334,2359,2,1,20,128,haydentherapper,2,354,2487
sigstore/fulcio,2191,haydentherapper,95,573,0,0,0,0,,1,95,573
sigstore/fulcio,2189,haydentherapper,198,1305,3,2,53,330,haydentherapper|jku,2,251,1635
sigstore/fulcio,2187,haydentherapper,98,642,0,0,0,0,,1,98,642
sigstore/fulcio,2118,ianhundere,91,542,0,0,0,0,,1,91,542
sigstore/fulcio,2110,bouskaJ,158,1199,0,0,0,0,,1,158,1199
sigstore/fulcio,2097,hown3d,317,2041,0,0,0,0,,1,317,2041
sigstore/fulcio,2070,delfuego,190,1064,6,4,172,1270,Horiodino|delfuego|haydentherapper|ianhundere,4,362,2334
sigstore/fulcio,2047,kevinmdavis,64,377,0,0,0,0,,1,64,377
sigstore/fulcio,2015,codysoyland,47,297,1,1,14,63,bobcallaway,2,61,360
sigstore/fulcio,2002,xnox,109,659,4,3,361,2050,haydentherapper|woodruffw|xnox,3,470,2709
sigstore/fulcio,1989,sfox-equinix,215,1478,1,1,113,744,arber-salihi,2,328,2222
sigstore/fulcio,1987,osmman,173,1083,0,0,0,0,,1,173,1083
sigstore/fulcio,1953,ret2libc,162,1176,5,2,937,5668,haydentherapper|ret2libc,2,1099,6844
sigstore/fulcio,1949,haydentherapper,239,1399,0,0,0,0,,1,239,1399
sigstore/fulcio,1945,haydentherapper,131,854,0,0,0,0,,1,131,854
sigstore/fulcio,1933,Horiodino,75,456,0,0,0,0,,1,75,456
sigstore/fulcio,1930,ianhundere,128,831,0,0,0,0,,1,128,831
sigstore/fulcio,1899,kaovilai,328,2265,3,2,80,438,cpanato|haydentherapper,3,408,2703
sigstore/fulcio,1891,stefanberger,23,141,10,7,122,719,SantiagoTorres|bobcallaway|haydentherapper|lukehinds|priyawadhwa|stefanberger|trevrosen,7,145,860
sigstore/fulcio,1869,ianhundere,79,542,0,0,0,0,,1,79,542
sigstore/fulcio,1858,haydentherapper,218,1438,4,3,162,900,Horiodino|haydentherapper|loosebazooka,3,380,2338
sigstore/fulcio,1851,jku,186,1151,1,1,199,1127,haydentherapper,2,385,2278
sigstore/fulcio,1845,woodruffw,454,3070,7,4,455,2673,di|haydentherapper|kommendorkapten|woodruffw,4,909,5743
sigstore/fulcio,1816,alecrevangelista,439,3064,6,2,626,3698,alecrevangelista|haydentherapper,2,1065,6762
sigstore/fulcio,1811,miyunari,63,430,0,0,0,0,,1,63,430
sigstore/fulcio,1803,elad-pticha,131,1047,4,3,232,1412,Horiodino|haydentherapper|jackmtpt,4,363,2459
sigstore/fulcio,1798,richardfan1126,67,459,1,1,51,282,haydentherapper,2,118,741
sigstore/fulcio,1778,haydentherapper,29,178,0,0,0,0,,1,29,178
sigstore/fulcio,1770,ilia-medvedev,161,1195,7,3,442,2756,haydentherapper|ilia-medvedev|javanlacerda,3,603,3951
sigstore/fulcio,1769,r0mant,226,1463,8,3,319,1789,haydentherapper|mveytsman|r0mant,3,545,3252
sigstore/fulcio,1766,haydentherapper,43,296,0,0,0,0,,1,43,296
sigstore/fulcio,1763,Meeki1l,71,468,3,2,362,2212,Meeki1l|haydentherapper,2,433,2680
sigstore/fulcio,1717,fghanmi,71,473,0,0,0,0,,1,71,473
sigstore/fulcio,1704,osmman,205,1238,0,0,0,0,,1,205,1238
sigstore/fulcio,1702,mattmoor,388,2980,8,2,257,1400,haydentherapper|mattmoor,2,645,4380
sigstore/fulcio,1685,haydentherapper,55,355,0,0,0,0,,1,55,355
sigstore/fulcio,1683,dickhardt,28,177,6,2,648,9566,dickhardt|haydentherapper,2,676,9743
sigstore/fulcio,1672,S1eepeng,68,392,3,2,160,889,S1eepeng|haydentherapper,2,228,1281
sigstore/fulcio,1665,dandresm,106,785,6,4,94,533,Horiodino|Sifungurux|haydentherapper|nasseredine,5,200,1318
sigstore/fulcio,1623,insider89,165,1089,1,1,29,155,haydentherapper,2,194,1244
sigstore/fulcio,1605,peer-jslater,3108,24911,2,1,887,7203,peer-jslater,1,3995,32114
sigstore/fulcio,1592,ilia-medvedev,40,286,3,2,129,782,haydentherapper|ilia-medvedev,2,169,1068
sigstore/fulcio,1583,jkjell,58,436,0,0,0,0,,1,58,436
sigstore/fulcio,1575,dmitris,248,1603,1,1,27,152,haydentherapper,2,275,1755
sigstore/fulcio,1548,steiza,235,1562,3,3,728,4292,bdehamer|haydentherapper|steiza,3,963,5854
sigstore/fulcio,1499,haydentherapper,393,2521,5,5,252,1468,bdehamer|haydentherapper|kommendorkapten|loosebazooka|woodruffw,5,645,3989
sigstore/fulcio,1453,lcordoui,93,560,0,0,0,0,,1,93,560
sigstore/fulcio,1427,VikramPunnam,147,963,3,2,413,2810,VikramPunnam|haydentherapper,2,560,3773
sigstore/fulcio,1388,tetsuo-cpp,293,1781,11,3,1740,10039,haydentherapper|ret2libc|tetsuo-cpp,3,2033,11820
sigstore/fulcio,1385,jonvnadelberg,145,907,0,0,0,0,,1,145,907
sigstore/fulcio,1382,openstack-test,31,194,1,1,16,134,haydentherapper,2,47,328
sigstore/fulcio,1358,haydentherapper,63,403,0,0,0,0,,1,63,403
sigstore/fulcio,1341,haydentherapper,77,504,0,0,0,0,,1,77,504
sigstore/fulcio,1326,haydentherapper,84,527,0,0,0,0,,1,84,527
sigstore/fulcio,1325,pkwiatkowski1,68,431,2,2,79,467,haydentherapper|pkwiatkowski1,2,147,898
sigstore/fulcio,1320,jalseth,179,1155,7,3,746,4557,haydentherapper|jalseth|trishankatdatadog,3,925,5712
sigstore/fulcio,1301,jonjohnsonjr,16,85,0,0,0,0,,1,16,85
sigstore/fulcio,1283,woodruffw,384,2472,4,3,419,2418,haydentherapper|loosebazooka|woodruffw,3,803,4890
sigstore/fulcio,1280,feelepxyz,521,3307,2,1,324,1747,haydentherapper,2,845,5054
sigstore/fulcio,1273,znewman01,273,1641,2,1,127,750,haydentherapper,2,400,2391
sigstore/fulcio,1267,bobcallaway,57,379,0,0,0,0,,1,57,379
sigstore/fulcio,1263,feelepxyz,353,2277,21,7,3470,20697,MarkLodato|feelepxyz|haydentherapper|kpk47|marshall007|wlynch|znewman01,7,3823,22974
sigstore/fulcio,1257,sled,152,985,3,2,163,992,haydentherapper|sled,2,315,1977
sigstore/fulcio,1235,fproulx-boostsecurity,117,705,1,1,9,52,haydentherapper,2,126,757
sigstore/fulcio,1182,marshall007,338,2343,5,3,880,5362,feelepxyz|haydentherapper|marshall007,3,1218,7705
sigstore/fulcio,1178,Edward13ruf,189,1046,7,3,498,3085,Edward13ruf|haydentherapper|ianhundere,3,687,4131
sigstore/fulcio,1176,Edward13ruf,202,1364,4,2,458,2550,Edward13ruf|haydentherapper,2,660,3914
sigstore/fulcio,1161,haydentherapper,115,726,3,2,109,886,Horiodino|haydentherapper,2,224,1612
sigstore/fulcio,1145,woodruffw,333,2002,8,3,1130,6518,haydentherapper|jku|woodruffw,3,1463,8520
sigstore/fulcio,1132,woodruffw,795,5442,4,2,417,2360,haydentherapper|woodruffw,2,1212,7802
sigstore/fulcio,1131,woodruffw,1029,7387,34,7,5514,33228,MatthiasValvekens|alex|feelepxyz|haydentherapper|kommendorkapten|woodruffw|znewman01,7,6543,40615
sigstore/fulcio,1111,haydentherapper,89,610,0,0,0,0,,1,89,610
sigstore/fulcio,1092,tuananh,64,358,1,1,100,615,haydentherapper,2,164,973
sigstore/fulcio,1087,reedloden,79,615,0,0,0,0,,1,79,615
sigstore/fulcio,1086,znewman01,473,3500,2,2,295,1825,haydentherapper|znewman01,2,768,5325
sigstore/fulcio,1074,haydentherapper,61,428,3,3,814,5246,haydentherapper|richardfan1126|yob,3,875,5674
sigstore/fulcio,1071,znewman01,247,1451,4,3,304,1813,haydentherapper|hectorj2f|znewman01,3,551,3264
sigstore/fulcio,1056,znewman01,123,783,1,1,10,59,OR13,2,133,842
sigstore/fulcio,1055,znewman01,35,203,3,2,529,2955,haydentherapper|znewman01,2,564,3158
sigstore/fulcio,1022,mi1wei,75,535,2,2,183,1095,haydentherapper|znewman01,3,258,1630
sigstore/fulcio,1006,haydentherapper,33,213,2,2,67,365,cpanato|haydentherapper,2,100,578
sigstore/fulcio,981,woodruffw,372,2271,14,3,1248,7012,haydentherapper|woodruffw|znewman01,3,1620,9283
sigstore/fulcio,980,ivanayov,156,1149,1,1,56,394,haydentherapper,2,212,1543
sigstore/fulcio,975,haydentherapper,298,1793,12,6,1231,6952,arianvp|asraa|haydentherapper|kommendorkapten|woodruffw|znewman01,6,1529,8745
sigstore/fulcio,974,haydentherapper,127,891,0,0,0,0,,1,127,891
sigstore/fulcio,973,vlsi,72,447,3,2,264,1557,arianvp|haydentherapper,3,336,2004
sigstore/fulcio,970,yorinasub17,137,884,2,2,53,302,haydentherapper|yorinasub17,2,190,1186
sigstore/fulcio,955,woodruffw,310,1882,3,3,203,1314,feelepxyz|haydentherapper|woodruffw,3,513,3196
sigstore/fulcio,919,naveensrinivasan,151,1084,3,3,45,273,bobcallaway|cpanato|naveensrinivasan,3,196,1357
sigstore/fulcio,908,haydentherapper,92,501,1,1,16,121,haydentherapper,1,108,622
sigstore/fulcio,900,woodruffw,153,925,4,2,503,3297,haydentherapper|woodruffw,2,656,4222
sigstore/fulcio,895,haydentherapper,64,384,0,0,0,0,,1,64,384
sigstore/fulcio,891,znewman01,79,445,4,3,224,1248,federico-falconieri-form3|haydentherapper|mnm678,4,303,1693
sigstore/fulcio,889,sj26,348,2447,1,1,249,1385,haydentherapper,2,597,3832
sigstore/fulcio,863,woodruffw,353,2578,12,3,903,5186,haydentherapper|woodruffw|znewman01,3,1256,7764
sigstore/fulcio,840,bobcallaway,187,1253,2,2,310,1954,bobcallaway|haydentherapper,2,497,3207
sigstore/fulcio,817,haydentherapper,69,444,2,2,149,865,bailey-coding|haydentherapper,2,218,1309
sigstore/fulcio,800,salrashid123,430,3165,5,2,295,1726,haydentherapper|salrashid123,2,725,4891
sigstore/fulcio,778,wlynch,277,1656,5,3,350,2091,asraa|haydentherapper|laurentsimon,4,627,3747
sigstore/fulcio,766,haydentherapper,19,120,2,2,24,134,haydentherapper|priyawadhwa,2,43,254
sigstore/fulcio,754,haydentherapper,438,2953,35,11,8554,55041,asraa|bdehamer|feelepxyz|haydentherapper|laurentsimon|nsmith5|sj26|steiza|trevrosen|wlynch|znewman01,11,8992,57994
sigstore/fulcio,753,chantra,2013,14324,4,2,121,724,chantra|haydentherapper,2,2134,15048
sigstore/fulcio,748,fkorotkov,103,647,12,4,1039,6325,dlorenc|feelepxyz|fkorotkov|haydentherapper,4,1142,6972
sigstore/fulcio,740,kushaldas,109,693,10,4,1321,7778,dlorenc|haydentherapper|kushaldas|leifj,4,1430,8471
sigstore/fulcio,738,pauldthomson,108,641,0,0,0,0,,1,108,641
sigstore/fulcio,729,znewman01,339,2033,0,0,0,0,,1,339,2033
sigstore/fulcio,723,creeper-0910,58,359,2,1,96,588,haydentherapper,2,154,947
sigstore/fulcio,716,haydentherapper,69,506,14,5,1860,11615,dlorenc|haydentherapper|priyawadhwa|woodruffw|znewman01,5,1929,12121
sigstore/fulcio,699,haydentherapper,86,575,5,3,231,1417,dlorenc|haydentherapper|nsmith5,3,317,1992
sigstore/fulcio,698,haydentherapper,50,379,0,0,0,0,,1,50,379
sigstore/fulcio,691,bobcallaway,136,934,1,1,14,77,haydentherapper,2,150,1011
sigstore/fulcio,689,lukehinds,40,213,4,2,254,2864,haydentherapper|lukehinds,2,294,3077
sigstore/fulcio,676,wlynch,151,967,7,5,578,3446,haydentherapper|imjasonh|lukehinds|wlynch|znewman01,5,729,4413
sigstore/fulcio,672,fredcsfaria,49,307,6,4,287,1735,bobcallaway|fredcsfaria|haydentherapper|znewman01,4,336,2042
sigstore/fulcio,654,Dentrax,589,5443,2,2,41,223,Dentrax|haydentherapper,2,630,5666
sigstore/fulcio,646,haydentherapper,137,796,0,0,0,0,,1,137,796
sigstore/fulcio,641,haydentherapper,69,459,1,1,15,76,haydentherapper,1,84,535
sigstore/fulcio,639,znewman01,481,2920,9,4,1269,7438,haydentherapper|nsmith5|woodruffw|znewman01,4,1750,10358
sigstore/fulcio,638,acald-creator,452,3002,5,2,373,2208,acald-creator|haydentherapper,2,825,5210
sigstore/fulcio,624,tonistiigi,235,1542,22,6,3597,20662,asraa|haydentherapper|ianlewis|kommendorkapten|laurentsimon|tonistiigi,6,3832,22204
sigstore/fulcio,612,k4leung4,84,533,12,6,1052,5979,dlorenc|haydentherapper|k4leung4|loosebazooka|trevrosen|trixor,6,1136,6512
sigstore/fulcio,607,haydentherapper,104,667,1,1,7,31,lukehinds,2,111,698
sigstore/fulcio,591,di,63,415,26,9,1466,8548,MarshallOfSound|fproulx-boostsecurity|haydentherapper|jerdog|krause-timo|meeech|nsmith5|takeoutweight|znewman01,10,1529,8963
sigstore/fulcio,589,haydentherapper,35,228,14,2,2212,12492,haydentherapper|vaikas,2,2247,12720
sigstore/fulcio,563,wlynch,229,1272,6,2,505,2741,haydentherapper|wlynch,2,734,4013
sigstore/fulcio,551,WinkelCode,468,2913,5,4,261,1421,WinkelCode|dlorenc|haydentherapper|nsmith5,4,729,4334
sigstore/fulcio,550,haydentherapper,129,850,0,0,0,0,,1,129,850
sigstore/fulcio,547,haydentherapper,346,2213,5,5,20,101,bobcallaway|cpanato|dlorenc|lukehinds|mattmoor,6,366,2314
sigstore/fulcio,539,haydentherapper,120,696,13,4,831,4980,di|dlorenc|haydentherapper|woodruffw,4,951,5676
sigstore/fulcio,538,allstar-app[bot],65,451,3,2,29,199,allstar-app[bot]|dlorenc,2,94,650
sigstore/fulcio,528,haydentherapper,44,296,1,1,33,176,haydentherapper,1,77,472
sigstore/fulcio,525,haydentherapper,139,872,1,1,10,53,haydentherapper,1,149,925
sigstore/fulcio,512,haydentherapper,169,996,1,1,48,281,haydentherapper,1,217,1277
sigstore/fulcio,511,haydentherapper,72,529,0,0,0,0,,1,72,529
sigstore/fulcio,510,haydentherapper,152,853,0,0,0,0,,1,152,853
sigstore/fulcio,503,di,83,587,2,2,87,502,dlorenc|haydentherapper,3,170,1089
sigstore/fulcio,501,imjasonh,109,761,3,2,69,360,imjasonh|vaikas,2,178,1121
sigstore/fulcio,492,haydentherapper,36,245,1,1,1,10,haydentherapper,1,37,255
sigstore/fulcio,489,haydentherapper,147,961,1,1,17,96,k4leung4,2,164,1057
sigstore/fulcio,480,06kellyjac,312,2352,2,2,27,138,06kellyjac|nsmith5,2,339,2490
sigstore/fulcio,475,haydentherapper,215,1411,8,4,606,3385,asraa|haydentherapper|laurentsimon|znewman01,4,821,4796
sigstore/fulcio,474,haydentherapper,106,690,5,3,71,367,asraa|dlorenc|haydentherapper,3,177,1057
sigstore/fulcio,444,znewman01,356,2281,10,4,2762,16702,di|haydentherapper|jchestershopify|znewman01,4,3118,18983
sigstore/fulcio,437,asraa,233,2665,2,1,40,234,asraa,1,273,2899
sigstore/fulcio,428,haydentherapper,127,740,6,2,323,1731,dlorenc|haydentherapper,2,450,2471
sigstore/fulcio,421,nsmith5,137,862,0,0,0,0,,1,137,862
sigstore/fulcio,419,k4leung4,47,317,0,0,0,0,,1,47,317
sigstore/fulcio,417,k4leung4,75,470,0,0,0,0,,1,75,470
sigstore/fulcio,415,vaikas,75,432,1,1,30,170,nsmith5,2,105,602
sigstore/fulcio,414,elizabetht,41,328,3,2,19,89,elizabetht|haydentherapper,2,60,417
sigstore/fulcio,405,nsmith5,99,696,3,2,80,467,dlorenc|nsmith5,2,179,1163
sigstore/fulcio,398,haydentherapper,508,3413,4,2,304,1777,di|haydentherapper,2,812,5190
sigstore/fulcio,397,haydentherapper,279,1724,6,4,382,2396,evankanderson|haydentherapper|nealmcb|trevrosen,4,661,4120
sigstore/fulcio,394,vaikas,291,2238,1,1,6,23,vaikas,1,297,2261
sigstore/fulcio,390,haydentherapper,53,320,0,0,0,0,,1,53,320
sigstore/fulcio,387,tstromberg,261,3114,0,0,0,0,,1,261,3114
sigstore/fulcio,379,nsmith5,138,788,1,1,7,48,haydentherapper,2,145,836
sigstore/fulcio,375,tstromberg,141,1142,2,2,46,246,dlorenc|tstromberg,2,187,1388
sigstore/fulcio,374,nsmith5,60,323,5,4,259,1469,Foxboron|cpanato|dlorenc|nsmith5,4,319,1792
sigstore/fulcio,373,nsmith5,107,736,4,4,144,855,endorama|haydentherapper|lukehinds|nsmith5,4,251,1591
sigstore/fulcio,372,nsmith5,104,629,5,3,100,536,dlorenc|endorama|nsmith5,3,204,1165
sigstore/fulcio,371,znewman01,120,807,30,9,7086,42056,di|dlorenc|haydentherapper|jchestershopify|lumjjb|rochlefebvre|simi|varunsh-coder|znewman01,9,7206,42863
sigstore/fulcio,369,tstromberg,480,3583,0,0,0,0,,1,480,3583
sigstore/fulcio,368,priyawadhwa,25,144,1,1,29,142,haydentherapper,2,54,286
sigstore/fulcio,365,priyawadhwa,31,187,5,2,150,908,haydentherapper|priyawadhwa,2,181,1095
sigstore/fulcio,360,dlorenc,45,285,1,1,2,6,asraa,2,47,291
sigstore/fulcio,342,dlorenc,42,222,5,3,82,428,haydentherapper|n3wscott|znewman01,4,124,650
sigstore/fulcio,336,nsmith5,163,1049,0,0,0,0,,1,163,1049
sigstore/fulcio,335,nsmith5,178,1142,0,0,0,0,,1,178,1142
sigstore/fulcio,330,mattmoor,87,501,9,4,285,1521,dlorenc|haydentherapper|mattmoor|vaikas,4,372,2022
sigstore/fulcio,314,jdolitsky,44,308,1,1,39,209,mattmoor,2,83,517
sigstore/fulcio,310,vaikas,178,1059,3,2,31,185,haydentherapper|vaikas,2,209,1244
sigstore/fulcio,305,mattmoor,166,1118,0,0,0,0,,1,166,1118
sigstore/fulcio,304,nsmith5,468,3102,11,3,577,3330,jdolitsky|lukehinds|nsmith5,3,1045,6432
sigstore/fulcio,303,vaikas,284,1586,4,3,222,1201,haydentherapper|n3wscott|nsmith5,4,506,2787
sigstore/fulcio,302,nsmith5,39,220,1,1,42,253,nsmith5,1,81,473
sigstore/fulcio,301,nsmith5,26,179,4,4,96,542,jdolitsky|mattmoor|nsmith5|vaikas,4,122,721
sigstore/fulcio,300,nsmith5,28,195,1,1,7,35,nsmith5,1,35,230
sigstore/fulcio,294,maorkuriel,86,476,2,2,56,338,dlorenc|maorkuriel,2,142,814
sigstore/fulcio,291,vaikas,75,477,0,0,0,0,,1,75,477
sigstore/fulcio,289,vaikas,41,252,1,1,15,58,vaikas,1,56,310
sigstore/fulcio,284,rgerganov,63,336,0,0,0,0,,1,63,336
sigstore/fulcio,281,rgerganov,119,683,0,0,0,0,,1,119,683
sigstore/fulcio,277,nsmith5,75,420,1,1,17,88,haydentherapper,2,92,508
sigstore/fulcio,276,nsmith5,126,861,16,5,1071,6022,dlorenc|haydentherapper|mattmoor|nsmith5|vaikas,5,1197,6883
sigstore/fulcio,275,nsmith5,279,1593,7,3,181,1099,haydentherapper|mattmoor|nsmith5,3,460,2692
sigstore/fulcio,273,nsmith5,47,272,0,0,0,0,,1,47,272
sigstore/fulcio,266,mattmoor,19,145,0,0,0,0,,1,19,145
sigstore/fulcio,253,maltfield,195,1393,2,2,185,1024,Mythra|bobcallaway,3,380,2417
sigstore/fulcio,251,maltfield,165,1131,3,2,120,668,bobcallaway|maltfield,2,285,1799
sigstore/fulcio,250,maltfield,213,1234,37,25,4653,27662,9072997|Adrianotiger|ChristianGalla|DRSchlaubi|Dunkhan|Foxboron|J5lx|JoanCharmant|agarny|andrewleech|arianvp|bobcallaway|equeim|fire|gbakeman|haydentherapper|jcotton42|maltfield|mlocati|p0358|paulsavoie|pl4nty|quyse|sealsrock12|teras,25,4866,28896
sigstore/fulcio,243,dlorenc,72,440,21,11,892,6102,Brcrwilliams|Edward13ruf|colek42|dlorenc|haydentherapper|klausenbusk|mattmoor|nsmith5|olearycrew|valdisrigdon|woodruffw,11,964,6542
sigstore/fulcio,241,mattmoor,56,408,0,0,0,0,,1,56,408
sigstore/fulcio,240,mattmoor,76,478,1,1,7,38,mattmoor,1,83,516
sigstore/fulcio,238,dirien,115,898,3,2,67,391,dirien|haydentherapper,2,182,1289
sigstore/fulcio,235,vaikas,98,750,0,0,0,0,,1,98,750
sigstore/rekor,2640,adambkaplan,134,840,0,0,0,0,,1,134,840
sigstore/rekor,2582,bobcallaway,62,399,0,0,0,0,,1,62,399
sigstore/rekor,2578,bobcallaway,109,780,0,0,0,0,,1,109,780
sigstore/rekor,2575,bobcallaway,75,494,0,0,0,0,,1,75,494
sigstore/rekor,2573,bobcallaway,41,314,0,0,0,0,,1,41,314
sigstore/rekor,2528,arewm,124,729,1,1,830,5012,haydentherapper,2,954,5741
sigstore/rekor,2437,subhamoycomputer,42,254,1,1,14,75,bobcallaway,2,56,329
sigstore/rekor,2436,subhamoycomputer,66,358,1,1,23,123,bobcallaway,2,89,481
sigstore/rekor,2395,jku,75,588,0,0,0,0,,1,75,588
sigstore/rekor,2368,ret2libc,209,1655,3,2,192,1081,haydentherapper|ret2libc,2,401,2736
sigstore/rekor,2342,saschagrunert,93,653,3,3,172,983,haydentherapper|kommendorkapten|saschagrunert,3,265,1636
sigstore/rekor,2333,deepharness,80,482,1,1,51,303,haydentherapper,2,131,785
sigstore/rekor,2304,arlandgoh,33,171,1,1,27,120,haydentherapper,2,60,291
sigstore/rekor,2303,arlandgoh,34,181,1,1,33,177,haydentherapper,2,67,358
sigstore/rekor,2290,haydentherapper,174,1027,3,3,87,494,haydentherapper|lance|lkatalin,3,261,1521
sigstore/rekor,2281,haydentherapper,79,558,0,0,0,0,,1,79,558
sigstore/rekor,2279,JasonPowr,78,527,0,0,0,0,,1,78,527
sigstore/rekor,2256,jas4711,96,529,4,2,159,840,haydentherapper|jas4711,2,255,1369
sigstore/rekor,2246,andrew-m-leonard,112,774,0,0,0,0,,1,112,774
sigstore/rekor,2237,onelapahead,231,1359,4,3,257,1488,haydentherapper|onelapahead|sinke237,3,488,2847
sigstore/rekor,2227,subhamoycomputer,122,644,1,1,30,192,haydentherapper,2,152,836
sigstore/rekor,2218,haydentherapper,91,595,2,2,107,590,bobcallaway|haydentherapper,2,198,1185
sigstore/rekor,2209,bobcallaway,53,373,0,0,0,0,,1,53,373
sigstore/rekor,2205,subhamoycomputer,79,462,1,1,22,121,bobcallaway,2,101,583
sigstore/rekor,2188,fghanmi,62,353,1,1,21,93,Horiodino,2,83,446
sigstore/rekor,2176,vipulagarwal,85,555,0,0,0,0,,1,85,555
sigstore/rekor,2175,hidde-jan,143,1278,2,2,60,340,cpanato|haydentherapper,3,203,1618
sigstore/rekor,2169,subhamoycomputer,87,502,1,1,17,96,bobcallaway,2,104,598
sigstore/rekor,2163,fghanmi,73,495,1,1,6,29,bobcallaway,2,79,524
sigstore/rekor,2159,airycanon,83,518,2,1,29,175,haydentherapper,2,112,693
sigstore/rekor,2138,rajeev-0,158,1110,4,2,233,1691,bobcallaway|rajeev-0,2,391,2801
sigstore/rekor,2136,haydentherapper,176,1169,1,1,6,31,haydentherapper,1,182,1200
sigstore/rekor,2098,woodruffw,366,2312,2,2,201,1133,haydentherapper|woodruffw,2,567,3445
sigstore/rekor,2097,woodruffw,290,1773,0,0,0,0,,1,290,1773
sigstore/rekor,2080,haydentherapper,451,2826,4,3,335,2000,haydentherapper|trishankatdatadog|woodruffw,3,786,4826
sigstore/rekor,2069,haydentherapper,413,2773,2,1,82,492,haydentherapper,1,495,3265
sigstore/rekor,2062,haydentherapper,730,4293,17,4,2358,13286,bdehamer|haydentherapper|loosebazooka|woodruffw,4,3088,17579
sigstore/rekor,2054,haydentherapper,55,393,1,1,10,56,haydentherapper,1,65,449
sigstore/rekor,2052,lkatalin,133,1046,1,1,90,534,bobcallaway,2,223,1580
sigstore/rekor,1999,mihkelparna1,77,483,0,0,0,0,,1,77,483
sigstore/rekor,1944,haydentherapper,558,3421,9,6,1049,6490,bdehamer|bobcallaway|haydentherapper|loosebazooka|woodruffw|xiaokangwang,6,1607,9911
sigstore/rekor,1943,ernoc,118,778,10,5,888,7286,ernoc|gaetanww|haydentherapper|ianhundere|lkatalin,5,1006,8064
sigstore/rekor,1928,aalsabag,112,667,0,0,0,0,,1,112,667
sigstore/rekor,1899,lkatalin,160,1082,2,2,59,346,haydentherapper|lkatalin,2,219,1428
sigstore/rekor,1891,AdallomRoy,128,811,0,0,0,0,,1,128,811
sigstore/rekor,1889,haydentherapper,201,1323,4,4,33,165,asraa|bobcallaway|cpanato|lkatalin,5,234,1488
sigstore/rekor,1887,haydentherapper,227,1610,1,1,296,2231,mhutchinson,2,523,3841
sigstore/rekor,1864,RRcwhiting,65,440,2,2,1052,9682,RRcwhiting|haydentherapper,2,1117,10122
sigstore/rekor,1839,VikramPunnam,129,787,3,2,31,155,bobcallaway|cpanato,3,160,942
sigstore/rekor,1825,lkatalin,136,1259,1,1,22,111,bobcallaway,2,158,1370
sigstore/rekor,1812,haydentherapper,95,650,1,1,22,106,AdityaByte,2,117,756
sigstore/rekor,1799,VikramPunnam,97,630,2,2,90,536,bobcallaway|haydentherapper,3,187,1166
sigstore/rekor,1771,Laiot,219,1215,4,2,98,543,haydentherapper|lrascao,3,317,1758
sigstore/rekor,1729,woodruffw,143,803,7,3,364,1963,bobcallaway|haydentherapper|woodruffw,3,507,2766
sigstore/rekor,1724,tetsuo-cpp,293,1780,9,3,1237,9373,haydentherapper|ret2libc|tetsuo-cpp,3,1530,11153
sigstore/rekor,1721,jonvnadelberg,149,924,0,0,0,0,,1,149,924
sigstore/rekor,1684,lance,36,254,0,0,0,0,,1,36,254
sigstore/rekor,1665,mdavid01,168,1140,1,1,48,324,haydentherapper,2,216,1464
sigstore/rekor,1663,openstack-test,512,3997,1,1,16,93,bobcallaway,2,528,4090
sigstore/rekor,1652,bobcallaway,77,529,0,0,0,0,,1,77,529
sigstore/rekor,1649,bobcallaway,69,444,0,0,0,0,,1,69,444
sigstore/rekor,1633,jalseth,313,1840,3,3,286,1580,bobcallaway|haydentherapper|jalseth,3,599,3420
sigstore/rekor,1613,ianhundere,69,453,2,2,21,110,haydentherapper|ianhundere,2,90,563
sigstore/rekor,1606,TommyLike,329,2229,3,2,673,6569,TommyLike|bobcallaway,2,1002,8798
sigstore/rekor,1605,haydentherapper,226,1313,0,0,0,0,,1,226,1313
sigstore/rekor,1603,TommyLike,121,717,3,2,78,386,haydentherapper|lkatalin,3,199,1103
sigstore/rekor,1598,SaiJyothiGudibandi,52,335,1,1,17,94,haydentherapper,2,69,429
sigstore/rekor,1583,haydentherapper,53,346,1,1,4,24,haydentherapper,1,57,370
sigstore/rekor,1581,d3287t328,89,484,1,1,108,590,haydentherapper,2,197,1074
sigstore/rekor,1573,chunteck,129,803,3,2,137,970,haydentherapper|lkatalin,3,266,1773
sigstore/rekor,1569,mstg,154,942,0,0,0,0,,1,154,942
sigstore/rekor,1566,haydentherapper,962,6164,11,7,2614,16300,AlCutter|bdehamer|haydentherapper|kommendorkapten|mhutchinson|woodruffw|znewman01,7,3576,22464
sigstore/rekor,1559,bobcallaway,37,254,0,0,0,0,,1,37,254
sigstore/rekor,1517,desh-woes,167,975,1,1,48,290,haydentherapper,2,215,1265
sigstore/rekor,1503,Edward13ruf,44,271,1,1,12,65,bobcallaway,2,56,336
sigstore/rekor,1501,codysoyland,61,383,0,0,0,0,,1,61,383
sigstore/rekor,1458,sudo-bmitch,536,3507,0,0,0,0,,1,536,3507
sigstore/rekor,1450,haydentherapper,106,633,3,2,81,418,Horiodino|haydentherapper,2,187,1051
sigstore/rekor,1440,spencerschrock,187,1210,1,1,34,211,haydentherapper,2,221,1421
sigstore/rekor,1439,shaneboulden,288,2966,3,2,116,869,asraa|shaneboulden,2,404,3835
sigstore/rekor,1438,jas4711,116,851,6,2,1201,8134,haydentherapper|jas4711,2,1317,8985
sigstore/rekor,1429,jas4711,535,4146,2,1,200,1142,jas4711,1,735,5288
sigstore/rekor,1411,TomHennen,78,487,2,2,28,145,bobcallaway|haydentherapper,3,106,632
sigstore/rekor,1406,bobcallaway,33,235,1,1,3,15,bobcallaway,1,36,250
sigstore/rekor,1405,bobcallaway,33,195,2,2,14,87,bobcallaway|haydentherapper,2,47,282
sigstore/rekor,1399,udf2457,76,436,5,3,489,3186,asraa|haydentherapper|udf2457,3,565,3622
sigstore/rekor,1396,udf2457,34,229,0,0,0,0,,1,34,229
sigstore/rekor,1395,udf2457,122,824,0,0,0,0,,1,122,824
sigstore/rekor,1382,edson-morais-os,194,1308,3,2,183,1191,bobcallaway|edson-morais-os,2,377,2499
sigstore/rekor,1325,haydentherapper,121,744,0,0,0,0,,1,121,744
sigstore/rekor,1324,haydentherapper,80,520,4,4,64,344,bobcallaway|haydentherapper|jbgcarnes|jtcarnes,4,144,864
sigstore/rekor,1310,bobcallaway,841,6752,0,0,0,0,,1,841,6752
sigstore/rekor,1308,bobcallaway,47,351,0,0,0,0,,1,47,351
sigstore/rekor,1307,bobcallaway,34,249,0,0,0,0,,1,34,249
sigstore/rekor,1305,asraa,103,699,0,0,0,0,,1,103,699
sigstore/rekor,1299,ctron,86,597,4,4,399,2315,bobcallaway|ctron|haydentherapper|znewman01,4,485,2912
sigstore/rekor,1280,bobcallaway,185,1337,0,0,0,0,,1,185,1337
sigstore/rekor,1278,bobcallaway,42,325,1,1,27,124,haydentherapper,2,69,449
sigstore/rekor,1252,haydentherapper,81,461,1,1,33,168,haydentherapper,1,114,629
sigstore/rekor,1251,haydentherapper,1015,9071,3,2,76,449,haydentherapper|loosebazooka,2,1091,9520
sigstore/rekor,1234,zosocanuck,193,1361,3,2,1042,7306,bobcallaway|zosocanuck,2,1235,8667
sigstore/rekor,1219,naveensrinivasan,94,549,1,1,9,54,Secsec,2,103,603
sigstore/rekor,1211,haydentherapper,79,522,2,2,15,87,asraa|haydentherapper,2,94,609
sigstore/rekor,1209,toddysm,127,924,1,1,14,67,haydentherapper,2,141,991
sigstore/rekor,1184,patflynn,160,941,4,4,196,1075,dlorenc|haydentherapper|lumjjb|vaikas,5,356,2016
sigstore/rekor,1178,tahirraza,52,294,1,1,19,115,tahirraza,1,71,409
sigstore/rekor,1173,haydentherapper,58,355,1,1,54,309,asraa,2,112,664
sigstore/rekor,1170,kommendorkapten,242,1479,8,5,414,2340,asraa|bdehamer|bobcallaway|haydentherapper|kommendorkapten,5,656,3819
sigstore/rekor,1169,patflynn,88,541,0,0,0,0,,1,88,541
sigstore/rekor,1164,bdehamer,295,3685,1,1,110,601,bobcallaway,2,405,4286
sigstore/rekor,1162,znewman01,229,1427,16,6,2252,13422,asraa|bdehamer|bobcallaway|codysoyland|kommendorkapten|znewman01,6,2481,14849
sigstore/rekor,1151,toddysm,52,319,6,4,256,1555,bobcallaway|cpanato|haydentherapper|toddysm,4,308,1874
sigstore/rekor,1144,bobcallaway,249,8871,0,0,0,0,,1,249,8871
sigstore/rekor,1139,kommendorkapten,143,1623,6,4,283,6783,bdehamer|bobcallaway|haydentherapper|kommendorkapten,4,426,8406
sigstore/rekor,1137,datosh,248,1857,0,0,0,0,,1,248,1857
sigstore/rekor,1126,woodruffw,172,1084,2,2,161,938,lkatalin|woodruffw,2,333,2022
sigstore/rekor,1125,asraa,78,484,3,2,80,524,asraa|haydentherapper,2,158,1008
sigstore/rekor,1115,ianlewis,103,627,5,2,197,1099,bobcallaway|ianlewis,2,300,1726
sigstore/rekor,1104,asraa,79,539,2,1,120,827,asraa,1,199,1366
sigstore/rekor,1094,datosh,459,3393,1,1,3,23,cpanato,2,462,3416
sigstore/rekor,1091,asraa,109,750,6,4,209,1038,Horiodino|asraa|bobcallaway|priyawadhwa,4,318,1788
sigstore/rekor,1088,anoncam,30,183,6,3,301,1722,anoncam|dlorenc|znewman01,3,331,1905
sigstore/rekor,1087,asraa,278,1775,3,2,50,307,asraa|haydentherapper,2,328,2082
sigstore/rekor,1084,Mohamed-AH,82,520,4,3,234,1469,Mohamed-AH|asraa|bobcallaway,3,316,1989
sigstore/rekor,1075,bobcallaway,76,421,1,1,14,72,naveensrinivasan,2,90,493
sigstore/rekor,1067,haydentherapper,631,3883,6,4,645,4044,asraa|dlorenc|haydentherapper|znewman01,4,1276,7927
sigstore/rekor,1066,lkatalin,533,3390,1,1,30,163,bobcallaway,2,563,3553
sigstore/rekor,1062,asraa,62,406,4,4,74,423,asraa|cpanato|haydentherapper|var-sdk,4,136,829
sigstore/rekor,1056,kommendorkapten,122,768,5,3,211,1185,haydentherapper|kommendorkapten|znewman01,3,333,1953
sigstore/rekor,1055,asraa,90,581,7,5,264,1312,asraa|bobcallaway|haydentherapper|ianlewis|znewman01,5,354,1893
sigstore/rekor,1054,asraa,40,268,0,0,0,0,,1,40,268
sigstore/rekor,1051,asraa,144,1387,5,2,290,1459,asraa|priyawadhwa,2,434,2846
sigstore/rekor,1041,var-sdk,126,747,5,2,324,1920,asraa|bobcallaway,3,450,2667
sigstore/rekor,1040,var-sdk,113,916,1,1,26,188,asraa,2,139,1104
sigstore/rekor,1027,var-sdk,107,745,0,0,0,0,,1,107,745
sigstore/rekor,1026,vaikas,150,880,1,1,32,164,asraa,2,182,1044
sigstore/rekor,1025,haydentherapper,160,991,1,1,49,304,haydentherapper,1,209,1295
sigstore/rekor,1024,asraa,65,389,1,1,27,132,priyawadhwa,2,92,521
sigstore/rekor,1021,bobcallaway,233,1477,5,4,311,1819,bobcallaway|dlorenc|haydentherapper|priyawadhwa,4,544,3296
sigstore/rekor,1014,asraa,107,976,0,0,0,0,,1,107,976
sigstore/rekor,1010,asraa,72,507,1,1,93,561,haydentherapper,2,165,1068
sigstore/rekor,1005,priyawadhwa,124,842,1,1,11,61,cpanato,2,135,903
sigstore/rekor,1001,haydentherapper,181,1084,2,2,63,340,asraa|haydentherapper,2,244,1424
sigstore/rekor,997,var-sdk,143,908,2,2,16,66,bobcallaway|cdris,3,159,974
sigstore/rekor,988,asraa,217,1494,9,3,438,2612,asraa|haydentherapper|priyawadhwa,3,655,4106
sigstore/rekor,983,bobcallaway,60,460,0,0,0,0,,1,60,460
sigstore/rekor,980,asraa,108,794,0,0,0,0,,1,108,794
sigstore/rekor,962,pbrkr,270,1584,2,2,206,1261,asraa|haydentherapper,3,476,2845
sigstore/rekor,954,dlorenc,64,405,7,6,36,211,asraa|bobcallaway|cpanato|lkatalin|lukehinds|priyawadhwa,7,100,616
sigstore/rekor,951,bobcallaway,58,342,0,0,0,0,,1,58,342
sigstore/rekor,949,loosebazooka,95,2118,1,1,29,175,loosebazooka,1,124,2293
sigstore/rekor,932,trishankatdatadog,76,514,12,5,1836,11090,SantiagoTorres|dlorenc|haydentherapper|trishankatdatadog|znewman01,5,1912,11604
sigstore/rekor,929,kwang13,69,379,1,1,27,141,haydentherapper,2,96,520
sigstore/rekor,923,haydentherapper,156,1515,1,1,3,18,bobcallaway,2,159,1533
sigstore/rekor,918,bobcallaway,123,1371,1,1,10,61,bobcallaway,1,133,1432
sigstore/rekor,913,LeSuisse,109,875,7,3,463,3548,06kellyjac|LeSuisse|cpanato,3,572,4423
sigstore/rekor,902,xens,56,347,1,1,4,19,bobcallaway,2,60,366
sigstore/rekor,901,var-sdk,69,377,7,4,531,2999,bobcallaway|dlorenc|priyawadhwa|var-sdk,4,600,3376
sigstore/rekor,900,var-sdk,232,7441,0,0,0,0,,1,232,7441
sigstore/rekor,899,var-sdk,221,2164,0,0,0,0,,1,221,2164
sigstore/rekor,896,mayurwaghmode,75,667,3,3,99,595,bobcallaway|haydentherapper|mayurwaghmode,3,174,1262
sigstore/rekor,892,var-sdk,216,4924,1,1,57,308,priyawadhwa,2,273,5232
sigstore/rekor,891,haydentherapper,69,451,4,4,50,264,asraa|dlorenc|haydentherapper|var-sdk,4,119,715
sigstore/rekor,890,imjasonh,147,1307,1,1,13,72,asraa,2,160,1379
sigstore/rekor,887,imjasonh,270,1712,1,1,270,1709,bobcallaway,2,540,3421
sigstore/rekor,884,afrittoli,134,860,3,3,42,241,afrittoli|bobcallaway|dlorenc,3,176,1101
sigstore/rekor,883,afrittoli,221,2014,2,1,114,1565,afrittoli,1,335,3579
sigstore/rekor,879,Dentrax,146,1021,0,0,0,0,,1,146,1021
sigstore/rekor,877,asraa,97,648,5,3,469,11970,asraa|haydentherapper|priyawadhwa,3,566,12618
sigstore/rekor,876,asraa,252,3803,3,2,147,867,asraa|bobcallaway,2,399,4670
sigstore/rekor,872,bobcallaway,42,324,0,0,0,0,,1,42,324
sigstore/rekor,865,rbehjati,198,1228,6,4,380,2483,SantiagoTorres|asraa|dlorenc|rbehjati,4,578,3711
sigstore/rekor,855,k4leung4,128,885,1,1,45,247,k4leung4,1,173,1132
sigstore/rekor,854,asraa,196,1250,2,2,64,383,asraa|dlorenc,2,260,1633
sigstore/rekor,851,haydentherapper,237,1679,3,2,279,1796,haydentherapper|znewman01,2,516,3475
sigstore/rekor,849,di,198,2232,0,0,0,0,,1,198,2232
sigstore/rekor,845,znewman01,221,1395,5,2,290,1652,haydentherapper|znewman01,2,511,3047
sigstore/rekor,841,k4leung4,82,513,6,3,213,1265,dlorenc|haydentherapper|priyawadhwa,4,295,1778
sigstore/rekor,838,laurentsimon,41,252,2,2,59,419,asraa|dlorenc,3,100,671
sigstore/rekor,831,asraa,133,893,3,2,331,1879,asraa|kommendorkapten,2,464,2772
sigstore/rekor,824,haydentherapper,96,620,18,4,786,4248,asraa|dlorenc|haydentherapper|priyawadhwa,4,882,4868
sigstore/rekor,812,haydentherapper,524,3052,8,3,671,3753,dlorenc|haydentherapper|nsmith5,3,1195,6805
sigstore/rekor,809,eddiezane,82,593,0,0,0,0,,1,82,593
sigstore/rekor,808,eddiezane,194,1976,5,4,277,1844,bobcallaway|eddiezane|lkatalin|lukehinds,4,471,3820
sigstore/rekor,806,priyawadhwa,324,1969,11,4,1166,6734,haydentherapper|lkatalin|priyawadhwa|var-sdk,4,1490,8703
sigstore/rekor,804,eddiezane,52,321,9,5,929,5341,di|dlorenc|jchestershopify|lkatalin|znewman01,6,981,5662
sigstore/rekor,801,SantiagoTorres,90,565,6,3,136,722,SantiagoTorres|bobcallaway|trishankatdatadog,3,226,1287
sigstore/rekor,798,haydentherapper,124,831,2,2,119,660,asraa|haydentherapper,2,243,1491
sigstore/rekor,797,aspear,91,544,2,2,17,94,bobcallaway|eddiezane,3,108,638
sigstore/rekor,792,tiziano88,121,725,2,2,90,501,asraa|lumjjb,3,211,1226
sigstore/rekor,789,tiziano88,91,629,3,2,207,1264,asraa|dlorenc,3,298,1893
sigstore/rekor,787,znewman01,23,151,0,0,0,0,,1,23,151
sigstore/rekor,784,allstar-app[bot],73,499,6,2,84,552,allstar-app[bot]|dlorenc,2,157,1051
sigstore/rekor,783,allstar-app[bot],184,1294,7,4,524,3570,allstar-app[bot]|dlorenc|jeffmendoza|naveensrinivasan,4,708,4864
sigstore/rekor,780,sylvestre,102,729,1,1,69,448,asraa,2,171,1177
sigstore/rekor,770,lkatalin,55,291,2,2,12,66,haydentherapper|priyawadhwa,3,67,357
sigstore/rekor,749,lkatalin,94,545,4,1,115,706,lkatalin,1,209,1251
sigstore/rekor,741,nsmith5,58,395,1,1,3,19,haydentherapper,2,61,414
sigstore/rekor,732,lukehinds,29,169,2,2,24,116,lukehinds|znewman01,2,53,285
sigstore/rekor,726,lkatalin,32,197,0,0,0,0,,1,32,197
sigstore/rekor,721,asraa,172,933,6,4,262,1401,asraa|haydentherapper|lkatalin|priyawadhwa,4,434,2334
sigstore/rekor,713,lkatalin,45,287,1,1,32,194,priyawadhwa,2,77,481
sigstore/rekor,711,lkatalin,537,3280,4,2,83,439,lkatalin|priyawadhwa,2,620,3719
sigstore/rekor,706,znewman01,336,2072,6,3,259,1451,SantiagoTorres|adityasaky|znewman01,3,595,3523
sigstore/rekor,699,mbestavros,90,537,1,1,72,491,asraa,2,162,1028
sigstore/rekor,681,nsmith5,106,655,1,1,17,86,cpanato,2,123,741
sigstore/rekor,677,k4leung4,47,317,0,0,0,0,,1,47,317
sigstore/rekor,675,k4leung4,64,407,0,0,0,0,,1,64,407
sigstore/rekor,673,k4leung4,63,427,0,0,0,0,,1,63,427
sigstore/rekor,672,lkatalin,41,236,1,1,20,126,haydentherapper,2,61,362
sigstore/rekor,670,lkatalin,16,83,0,0,0,0,,1,16,83
sigstore/rekor,665,jspeed-meyers,480,3306,14,7,1371,7872,SantiagoTorres|dlorenc|hanyuwang1993|jspeed-meyers|nsmith5|vaikas|znewman01,7,1851,11178
sigstore/rekor,658,jspeed-meyers,74,442,2,2,25,129,asraa|bobcallaway,3,99,571
sigstore/rekor,648,priyawadhwa,30,176,1,1,4,19,priyawadhwa,1,34,195
sigstore/rekor,647,priyawadhwa,19,114,1,1,3,13,priyawadhwa,1,22,127
sigstore/rekor,646,vaikas,279,2092,3,3,126,1081,asraa|haydentherapper|jspeed-meyers,4,405,3173
sigstore/rekor,638,priyawadhwa,23,127,0,0,0,0,,1,23,127
sigstore/rekor,637,priyawadhwa,30,163,2,2,14,77,haydentherapper|priyawadhwa,2,44,240
sigstore/rekor,633,p-,189,1241,2,1,79,393,asraa,2,268,1634
sigstore/rekor,632,lkatalin,80,468,0,0,0,0,,1,80,468
sigstore/rekor,631,lkatalin,51,264,7,1,214,1335,lkatalin,1,265,1599
sigstore/rekor,630,lkatalin,43,263,3,1,94,494,lkatalin,1,137,757
sigstore/rekor,629,lkatalin,24,142,4,1,628,3808,lkatalin,1,652,3950
sigstore/rekor,625,lkatalin,131,729,1,1,12,57,haydentherapper,2,143,786
sigstore/rekor,620,n3wscott,68,419,2,2,88,486,n3wscott|nsmith5,2,156,905
sigstore/rekor,610,asraa,91,602,6,3,364,2106,asraa|bobcallaway|dlorenc,3,455,2708
sigstore/rekor,604,bobcallaway,81,528,2,2,105,589,asraa|bobcallaway,2,186,1117
sigstore/rekor,601,kpcyrd,256,1746,8,7,341,1926,Foxboron|SantiagoTorres|bobcallaway|dlorenc|haydentherapper|kpcyrd|nsmith5,7,597,3672
sigstore/rekor,593,imjasonh,199,1242,6,4,331,2303,bobcallaway|cpanato|haydentherapper|imjasonh,4,530,3545
sigstore/rekor,592,nsmith5,37,259,0,0,0,0,,1,37,259
sigstore/rekor,590,kpcyrd,47,273,2,2,68,432,kpcyrd|naveensrinivasan,2,115,705
sigstore/rekor,582,mikhailswift,115,718,5,4,488,2926,asraa|bobcallaway|dlorenc|mikhailswift,4,603,3644
sigstore/rekor,578,shibumi,204,1548,6,2,1016,7069,asraa|shibumi,2,1220,8617
sigstore/rekor,576,mrueg,329,1952,2,2,108,632,haydentherapper|naveensrinivasan,3,437,2584
sigstore/rekor,571,dlorenc,26,129,4,4,649,4716,cpanato|dekkagaijin|dlorenc|shibumi,4,675,4845
sigstore/rekor,559,tiziano88,318,2172,1,1,342,2341,bobcallaway,2,660,4513
sigstore/rekor,545,dlorenc,58,328,1,1,18,112,haydentherapper,2,76,440
sigstore/rekor,536,lukehinds,34,205,7,7,32,177,asraa|bobcallaway|cpanato|dlorenc|inferno-chromium|justaugustus|puerco,8,66,382
sigstore/rekor,532,Dentrax,865,6629,15,5,1896,11282,Dentrax|asraa|haydentherapper|lukehinds|shibumi,5,2761,17911
sigstore/rekor,524,dlorenc,358,2996,2,2,19,103,asraa|dlorenc,2,377,3099
sigstore/rekor,519,imjasonh,105,593,3,2,202,1311,dlorenc|jspeed-meyers,3,307,1904
sigstore/rekor,511,mikhailswift,126,727,0,0,0,0,,1,126,727
sigstore/rekor,506,harryfallows,24,152,0,0,0,0,,1,24,152
sigstore/rekor,505,harryfallows,104,602,1,1,7,36,dlorenc,2,111,638
sigstore/rekor,498,mikhailswift,68,352,0,0,0,0,,1,68,352
sigstore/rekor,493,lkatalin,349,2379,2,2,126,713,bobcallaway|lkatalin,2,475,3092
sigstore/rekor,492,colek42,66,398,0,0,0,0,,1,66,398
sigstore/rekor,489,dlorenc,41,224,1,1,9,44,asraa,2,50,268
sigstore/rekor,487,lkatalin,114,726,3,3,236,1503,bobcallaway|dlorenc|lkatalin,3,350,2229
sigstore/rekor,486,Dentrax,116,945,1,1,17,97,haydentherapper,2,133,1042
sigstore/rekor,484,naveensrinivasan,25,163,1,1,9,67,naveensrinivasan,1,34,230
