tool_family,Authentication friction,Build/CI/installation/distribution release issues,Configuration friction,Integration failure/issues,Missing feature / enhancement request,Notification/Logging /Web UI Issues,Performance issue,Security concerns,Tedious Workflows,Unexpected behavior,User confusion / unclear documentation/documentation improvements
Sigstore,-0.04866870087868796,-0.0469489379269149,-0.04614285473289301,-0.04065346973984322,-0.0475016975590972,-0.047447684156673,-0.04220053615667752,-0.04879704313927719,-0.028062266100575075,-0.04158922903903056,-0.04353765472528833
Vault,-0.022898281440547088,-0.024527041216878275,-0.021916329641095165,-0.022568385891840882,-0.023258847890521964,-0.021951916626906882,-0.022166039467437205,-0.019724841896234625,-0.015219945246177584,-0.022994711212821962,-0.025345074379558463
Notary,-0.019096641551435034,-0.025818377145397413,-0.020113727438910302,-0.02494088781470661,-0.024433780744029163,-0.024426294538970345,-0.02491145532469221,-0.01101466790957361,-0.013953722909034969,-0.020131749544527445,-0.02763668726005981
Keyfactor,0.009847719773085576,0.008652832694252727,0.005891341414500124,0.015293038084337924,0.0060241247214169345,0.0007390385415640827,0.005887704811033246,-0.014161487516356572,-0.013429302074417811,0.008514801847301226,0.009186448439749192
OpenPubKey,0.028298111624252515,0.038763428400189266,0.03989912195877806,0.033118701248391315,0.03888088276619618,0.03654275393438786,0.030385077907825707,0.018963152910939078,0.012578967399894845,0.03287876514968739,0.03814248810747205
