tool_family,1. Visibility of system status,2. Match between system and the real world,3. User control and freedom,4. Consistency and standards,5. Error prevention,6. Recognition rather than recall,7. Flexibility and efficiency of use,8. Aesthetic and minimalist design,"9. Help users recognize, diagnose, and recover from errors",10. Help and documentation
Sigstore,-0.03982729687436565,-0.05296023438091976,0.011416336299860996,-0.04263986536702378,-0.04409983526480066,-0.05935680607880497,-0.04618545445780059,-0.03333703033677589,-0.03613822660911375,-0.043350665996380745
Vault,-0.022442827729413903,-0.025532998377914607,-0.030059488807681854,-0.023363456387601587,-0.022009067269672146,-0.020440304857721192,-0.022960945292743715,0.008502769105144237,-0.017672649566186378,-0.024317684178370238
Notary,-0.02695667794386706,-0.01336381170145911,0.03114619562184159,-0.0032513751834614803,-0.015584231883734785,-0.06326667274275052,-0.026620351286388302,-0.06851001478193007,-0.021567717838521138,-0.02421372960261892
Keyfactor,-0.010792706139665487,-0.017017698568815263,0.018585362616170442,0.015911533552467345,0.03514022334499931,0.06065705915746299,0.010393084335660229,,0.0187346606255306,0.005886082717561831
OpenPubKey,0.03383689822564436,0.029212553361204655,0.025651238230216006,0.035346037371754534,0.03063833900492559,0.10174104866284678,0.03426864533851269,0.015137055964454927,0.032395326911105964,0.03660354011831693
