sample_id,repo,issue_number,issue_url,llm_associated_component,llm_codes_primary,llm_usability_type,llm_associated_component_theme,llm_l1_theme,llm_l1_theme_secondary,llm_nielsen_theme,llm_confidence,llm_raw_json
2,Keyfactor/ejbca-ce,55,,"Keyfactor EJBCA (Certificate Authority) - Email/User Notification System, Keyfactor EJBCA (Certificate Authority) - Core","After upgrading EJBCA from 6.5 to 7.8.2.1, user is confused about deprecated/changed notification status events (e.g., STATUSINITIALIZED, STATUSINPROCESS, STATUS_WAITINGFORADDAPPROVAL) and how to configure email notifications for new certificate requests; maintainers clarify intended use of states and approval notifications.",usability,"Notification/Logging, Policy/configuration, Core, Web Client","User confusion / unclear documentation, Configuration friction, Notification/Logging /Web UI Issues","Cognitive Friction, Operational Friction","2. Match between system and the real world, 5. Error prevention, '9. Help users recognize, diagnose, and recover from errors', 10. Help and documentation",0.86,"{""associated_component"": ""Keyfactor EJBCA (Certificate Authority) - Email/User Notification System, Keyfactor EJBCA (Certificate Authority) - Core"", ""codes_primary"": ""After upgrading EJBCA from 6.5 to 7.8.2.1, user is confused about deprecated/changed notification status events (e.g., STATUSINITIALIZED, STATUSINPROCESS, STATUS_WAITINGFORADDAPPROVAL) and how to configure email notifications for new certificate requests; maintainers clarify intended use of states and approval notifications."", ""usability_non_usability_type"": ""usability"", ""associated_component_theme"": [""Notification/Logging"", ""Policy/configuration"", ""Core"", ""Web Client""], ""l1_theme"": [""User confusion / unclear documentation"", ""Configuration friction"", ""Notification/Logging /Web UI Issues""], ""l1_theme_secondary"": [""Cognitive Friction"", ""Operational Friction""], ""nielsen_theme"": [""2. Match between system and the real world"", ""5. Error prevention"", ""9. Help users recognize, diagnose, and recover from errors"", ""10. Help and documentation""], ""confidence"": 0.86}"
3,Keyfactor/ejbca-ce,218,,Keyfactor EJBCA (Certificate Authority) core,"User asks whether the SM3WithSM2 and SM3 algorithms are supported in EJBCA, noting that sm2p256v1 is available. Maintainer confirms SM3WithSM2 is not supported despite Bouncy Castle support, and frames it as a potential community or commercial feature request.",usability,Core,"User confusion / unclear documentation, Missing feature / enhancement request","Cognitive Friction, Functional Gap",10. Help and documentation,0.86,"{""associated_component"": ""Keyfactor EJBCA (Certificate Authority) core"", ""codes_primary"": ""User asks whether the SM3WithSM2 and SM3 algorithms are supported in EJBCA, noting that sm2p256v1 is available. Maintainer confirms SM3WithSM2 is not supported despite Bouncy Castle support, and frames it as a potential community or commercial feature request."", ""usability_non_usability_type"": ""usability"", ""associated_component_theme"": [""Core""], ""l1_theme"": [""User confusion / unclear documentation"", ""Missing feature / enhancement request""], ""l1_theme_secondary"": [""Cognitive Friction"", ""Functional Gap""], ""nielsen_theme"": [""10. Help and documentation""], ""confidence"": 0.86}"
4,Keyfactor/ejbca-ce,261,,"Keyfactor EJBCA (Certificate Authority) - REST API, Keyfactor EJBCA (Certificate Authority) - Web Client",User reports that the REST End Entity Management V2 API in EJBCA-CE can be enabled in the web UI but calling its endpoints returns 404; maintainer confirms this is a bug and that the feature should show as Unavailable and is fixed for the next major release.,non-usability,,,,,0.86,"{""associated_component"": ""Keyfactor EJBCA (Certificate Authority) - REST API, Keyfactor EJBCA (Certificate Authority) - Web Client"", ""codes_primary"": ""User reports that the REST End Entity Management V2 API in EJBCA-CE can be enabled in the web UI but calling its endpoints returns 404; maintainer confirms this is a bug and that the feature should show as Unavailable and is fixed for the next major release."", ""usability_non_usability_type"": ""non-usability"", ""associated_component_theme"": [""API"", ""Web Client""], ""l1_theme"": [""Unexpected behavior""], ""l1_theme_secondary"": [""Functional Reliability""], ""nielsen_theme"": [], ""confidence"": 0.86}"
5,Keyfactor/ejbca-ce,473,,Keyfactor EJBCA (Certificate Authority) - Web Client,"Bug report: In EJBCA 8.2.0.1 Community, the admin web CMP Configuration page in a fresh setup lacks the text field and 'Add' button to create new CMP aliases, a regression from previous versions caused by an incorrect render condition in cmpaliases.xhtml; fixed in next release.",usability,Web Client,"Unexpected behavior, Notification/Logging /Web UI Issues","Functional Reliability, Operational Friction","3. User control and freedom, 4. Consistency and standards",0.9,"{""associated_component"": ""Keyfactor EJBCA (Certificate Authority) - Web Client"", ""codes_primary"": ""Bug report: In EJBCA 8.2.0.1 Community, the admin web CMP Configuration page in a fresh setup lacks the text field and 'Add' button to create new CMP aliases, a regression from previous versions caused by an incorrect render condition in cmpaliases.xhtml; fixed in next release."", ""usability_non_usability_type"": ""usability"", ""associated_component_theme"": [""Web Client""], ""l1_theme"": [""Unexpected behavior"", ""Notification/Logging /Web UI Issues""], ""l1_theme_secondary"": [""Functional Reliability"", ""Operational Friction""], ""nielsen_theme"": [""3. User control and freedom"", ""4. Consistency and standards""], ""confidence"": 0.9}"
6,Keyfactor/ejbca-ce,520,,Keyfactor EJBCA (Certificate Authority) - REST API,"User reports that the /ca REST API resource (ca/status endpoint) is unavailable (404) after installing EJBCA CE 8.0 following the documentation example; later discovers the endpoint exists only in newer versions, indicating a version/documentation mismatch and initial installation/version confusion.",usability,API,User confusion / unclear documentation,Cognitive Friction,"2. Match between system and the real world, 10. Help and documentation",0.9,"{""associated_component"": ""Keyfactor EJBCA (Certificate Authority) - REST API"", ""codes_primary"": ""User reports that the /ca REST API resource (ca/status endpoint) is unavailable (404) after installing EJBCA CE 8.0 following the documentation example; later discovers the endpoint exists only in newer versions, indicating a version/documentation mismatch and initial installation/version confusion."", ""usability_non_usability_type"": ""usability"", ""associated_component_theme"": [""API""], ""l1_theme"": [""User confusion / unclear documentation""], ""l1_theme_secondary"": [""Cognitive Friction""], ""nielsen_theme"": [""2. Match between system and the real world"", ""10. Help and documentation""], ""confidence"": 0.9}"
7,Keyfactor/ejbca-ce,568,,Keyfactor EJBCA (Certificate Authority) core,"User reports that EJBCA 8 is not fully migrated to Jakarta and is incompatible with WildFly 31 due to javax listener and filter classes, and requests an EJBCA version compatible with the latest WildFly versions.",non-usability,,,,,0.86,"{""associated_component"": ""Keyfactor EJBCA (Certificate Authority) core"", ""codes_primary"": ""User reports that EJBCA 8 is not fully migrated to Jakarta and is incompatible with WildFly 31 due to javax listener and filter classes, and requests an EJBCA version compatible with the latest WildFly versions."", ""usability_non_usability_type"": ""non-usability"", ""associated_component_theme"": [""Core""], ""l1_theme"": [""Missing feature / enhancement request"", ""Integration failure/issues""], ""l1_theme_secondary"": [""Functional Gap""], ""nielsen_theme"": [], ""confidence"": 0.86}"
8,Keyfactor/ejbca-ce,577,,"Keyfactor EJBCA (Certificate Authority) core, Keyfactor EJBCA (Certificate Authority) API","User asks whether EJBCA can generate PKCS#12 objects using HSM-generated end-entity keys, and requests the ability to configure an HSM so EJBCA can generate such PKCS#12 objects directly, instead of needing custom RA integration.",usability,"Core, API","Missing feature / enhancement request, User confusion / unclear documentation, Integration failure/issues","Operational Friction, Cognitive Friction, Functional Gap","7. Flexibility and efficiency of use, 10. Help and documentation",0.82,"{""associated_component"": ""Keyfactor EJBCA (Certificate Authority) core, Keyfactor EJBCA (Certificate Authority) API"", ""codes_primary"": ""User asks whether EJBCA can generate PKCS#12 objects using HSM-generated end-entity keys, and requests the ability to configure an HSM so EJBCA can generate such PKCS#12 objects directly, instead of needing custom RA integration."", ""usability_non_usability_type"": ""usability"", ""associated_component_theme"": [""Core"", ""API""], ""l1_theme"": [""Missing feature / enhancement request"", ""User confusion / unclear documentation"", ""Integration failure/issues""], ""l1_theme_secondary"": [""Operational Friction"", ""Cognitive Friction"", ""Functional Gap""], ""nielsen_theme"": [""7. Flexibility and efficiency of use"", ""10. Help and documentation""], ""confidence"": 0.82}"
9,Keyfactor/ejbca-ce,824,,Keyfactor EJBCA (Certificate Authority) - Release/Tagging/Distribution,"User reports that EJBCA CE version 8.3.2 can no longer be downloaded from the GitHub tag URL and is missing from releases, despite documentation still referencing it. Maintainer confirms a tagging issue, provides alternative download locations, and indicates they are working on restoring the missing tags.",usability,"Build/CI/installation/distribution release issues, Core","Build/CI/installation/distribution release issues, User confusion / unclear documentation","Operational Friction, Cognitive Friction","1. Visibility of system status, 10. Help and documentation",0.86,"{""associated_component"": ""Keyfactor EJBCA (Certificate Authority) - Release/Tagging/Distribution"", ""codes_primary"": ""User reports that EJBCA CE version 8.3.2 can no longer be downloaded from the GitHub tag URL and is missing from releases, despite documentation still referencing it. Maintainer confirms a tagging issue, provides alternative download locations, and indicates they are working on restoring the missing tags."", ""usability_non_usability_type"": ""usability"", ""associated_component_theme"": [""Build/CI/installation/distribution release issues"", ""Core""], ""l1_theme"": [""Build/CI/installation/distribution release issues"", ""User confusion / unclear documentation""], ""l1_theme_secondary"": [""Operational Friction"", ""Cognitive Friction""], ""nielsen_theme"": [""1. Visibility of system status"", ""10. Help and documentation""], ""confidence"": 0.86}"
10,Keyfactor/signserver-ce,5,,"Keyfactor SignServer core, CLI tooling",User runs `signserver getstatus brief all` and gets an UnexpectedCommandFailureException/EJBException in one environment but not others. Root cause traced to a specific worker configuration property (`ATTRIBUTE.PRIVATE.RSA.CKA_ALLOWED_MECHANISMS` on a PKCS11CryptoToken); removing it resolves the failure.,non-usability,,,,,0.86,"{""associated_component"": ""Keyfactor SignServer core, CLI tooling"", ""codes_primary"": ""User runs `signserver getstatus brief all` and gets an UnexpectedCommandFailureException/EJBException in one environment but not others. Root cause traced to a specific worker configuration property (`ATTRIBUTE.PRIVATE.RSA.CKA_ALLOWED_MECHANISMS` on a PKCS11CryptoToken); removing it resolves the failure."", ""usability_non_usability_type"": ""non-usability"", ""associated_component_theme"": [""CLI tooling"", ""Policy/configuration"", ""Core""], ""l1_theme"": [""Unexpected behavior"", ""Configuration friction""], ""l1_theme_secondary"": [""Functional Reliability"", ""Operational Friction""], ""nielsen_theme"": [], ""confidence"": 0.86}"
11,hashicorp/vault,13243,,Hashicorp Vault - Transit secrets engine,"User submits a feature request to change or extend the Vault transit encryption algorithm/nonce strategy (e.g., XChaCha20-Poly1305 or AES-GCM with KDF-derived nonces) so that transit keys do not require rotation after 2^32 uses, simplifying operations and reducing key-rotation burden.",usability,"Key Management Core / Secrets Backend, Core","Missing feature / enhancement request, Tedious Workflows","Operational Friction, Functional Gap","5. Error prevention, 7. Flexibility and efficiency of use",0.86,"{""associated_component"": ""Hashicorp Vault - Transit secrets engine"", ""codes_primary"": ""User submits a feature request to change or extend the Vault transit encryption algorithm/nonce strategy (e.g., XChaCha20-Poly1305 or AES-GCM with KDF-derived nonces) so that transit keys do not require rotation after 2^32 uses, simplifying operations and reducing key-rotation burden."", ""usability_non_usability_type"": ""usability"", ""associated_component_theme"": [""Key Management Core / Secrets Backend"", ""Core""], ""l1_theme"": [""Missing feature / enhancement request"", ""Tedious Workflows""], ""l1_theme_secondary"": [""Operational Friction"", ""Functional Gap""], ""nielsen_theme"": [""5. Error prevention"", ""7. Flexibility and efficiency of use""], ""confidence"": 0.86}"
12,hashicorp/vault,13246,,"Hashicorp Vault core, CLI tooling",User deploying Vault on GKE via Helm with GCS storage and GCP KMS seal reports that Vault cannot be initialized; vault operator init and vault status both fail with connection refused on 127.0.0.1:8200 and logs show inability to read migration status due to missing GCE metadata token scope.,non-usability,,,,,0.86,"{""associated_component"": ""Hashicorp Vault core, CLI tooling"", ""codes_primary"": ""User deploying Vault on GKE via Helm with GCS storage and GCP KMS seal reports that Vault cannot be initialized; vault operator init and vault status both fail with connection refused on 127.0.0.1:8200 and logs show inability to read migration status due to missing GCE metadata token scope."", ""usability_non_usability_type"": ""non-usability"", ""associated_component_theme"": [""Core"", ""CLI tooling"", ""Key Management Core / Secrets Backend""], ""l1_theme"": [""Integration failure/issues"", ""Unexpected behavior""], ""l1_theme_secondary"": [""Functional Reliability""], ""nielsen_theme"": [], ""confidence"": 0.86}"
13,hashicorp/vault,13304,,Hashicorp Vault core,"User requests that repeated HA lock acquisition failures in Vault (e.g., during long DB maintenance or when using a read-only database) be logged at info/warn instead of error level, to avoid flooding centralized log/alerting systems when the system is otherwise behaving correctly and recovering.",usability,"Notification/Logging, Core","Missing feature / enhancement request, Notification/Logging /Web UI Issues",Operational Friction,"1. Visibility of system status, 8. Aesthetic and minimalist design",0.86,"{""associated_component"": ""Hashicorp Vault core"", ""codes_primary"": ""User requests that repeated HA lock acquisition failures in Vault (e.g., during long DB maintenance or when using a read-only database) be logged at info/warn instead of error level, to avoid flooding centralized log/alerting systems when the system is otherwise behaving correctly and recovering."", ""usability_non_usability_type"": ""usability"", ""associated_component_theme"": [""Notification/Logging"", ""Core""], ""l1_theme"": [""Missing feature / enhancement request"", ""Notification/Logging /Web UI Issues""], ""l1_theme_secondary"": [""Operational Friction""], ""nielsen_theme"": [""1. Visibility of system status"", ""8. Aesthetic and minimalist design""], ""confidence"": 0.86}"
14,hashicorp/vault,13305,,hashicorp vault core,"User initially misconfigured Vault to use Azure blob storage and saw that the storage container was not syncing with Vault data. After fixing the config mistake, they used the issue to ask clarification questions about the documented 4MB-per-blob storage limit and how larger secrets are handled.",usability,"Core, Key Management Core / Secrets Backend","User confusion / unclear documentation, Configuration friction","Cognitive Friction, Operational Friction","2. Match between system and the real world, 10. Help and documentation",0.86,"{""associated_component"": ""hashicorp vault core"", ""codes_primary"": ""User initially misconfigured Vault to use Azure blob storage and saw that the storage container was not syncing with Vault data. After fixing the config mistake, they used the issue to ask clarification questions about the documented 4MB-per-blob storage limit and how larger secrets are handled."", ""usability_non_usability_type"": ""usability"", ""associated_component_theme"": [""Core"", ""Key Management Core / Secrets Backend""], ""l1_theme"": [""User confusion / unclear documentation"", ""Configuration friction""], ""l1_theme_secondary"": [""Cognitive Friction"", ""Operational Friction""], ""nielsen_theme"": [""2. Match between system and the real world"", ""10. Help and documentation""], ""confidence"": 0.86}"
15,hashicorp/vault,13319,,"Hashicorp Vault core, Authentication/Authorization (ACL policies)","User submits a feature request/critique that Vault ACL policy path pattern and wildcard semantics are counterintuitive and inconsistent with common glob/regex behavior (e.g., Unix glob, Python, Java), including use of '+' and '*' patterns, making policy definition confusing and nonstandard.",usability,"Authentication/Authorization tools, Policy/configuration, Core","Missing feature / enhancement request, User confusion / unclear documentation","Cognitive Friction, Functional Gap","2. Match between system and the real world, 4. Consistency and standards",0.86,"{""associated_component"": ""Hashicorp Vault core, Authentication/Authorization (ACL policies)"", ""codes_primary"": ""User submits a feature request/critique that Vault ACL policy path pattern and wildcard semantics are counterintuitive and inconsistent with common glob/regex behavior (e.g., Unix glob, Python, Java), including use of '+' and '*' patterns, making policy definition confusing and nonstandard."", ""usability_non_usability_type"": ""usability"", ""associated_component_theme"": [""Authentication/Authorization tools"", ""Policy/configuration"", ""Core""], ""l1_theme"": [""Missing feature / enhancement request"", ""User confusion / unclear documentation""], ""l1_theme_secondary"": [""Cognitive Friction"", ""Functional Gap""], ""nielsen_theme"": [""2. Match between system and the real world"", ""4. Consistency and standards""], ""confidence"": 0.86}"
16,hashicorp/vault,13346,,hashicorp vault core,"User asks how to hide Vault’s default port 8200 from the FQDN or VM IP (i.e., conceal or restrict visibility of the listening port). Maintainer responds that this is not a bug, suggests using network ACLs/firewalls to limit access, and clarifies the port cannot be truly hidden.",usability,Core,User confusion / unclear documentation,Cognitive Friction,"10. Help and documentation, 2. Match between system and the real world",0.86,"{""associated_component"": ""hashicorp vault core"", ""codes_primary"": ""User asks how to hide Vault’s default port 8200 from the FQDN or VM IP (i.e., conceal or restrict visibility of the listening port). Maintainer responds that this is not a bug, suggests using network ACLs/firewalls to limit access, and clarifies the port cannot be truly hidden."", ""usability_non_usability_type"": ""usability"", ""associated_component_theme"": [""Core""], ""l1_theme"": [""User confusion / unclear documentation""], ""l1_theme_secondary"": [""Cognitive Friction""], ""nielsen_theme"": [""10. Help and documentation"", ""2. Match between system and the real world""], ""confidence"": 0.86}"
17,hashicorp/vault,13358,,Vault CLI,"User reports that running `vault auth help oidc` shows help text for `vault login -method=oidc` instead of usage information for `vault auth` with OIDC. Maintainer explains correct commands (`vault auth`, `vault auth <subcommand> -h`, `vault path-help auth/oidc`) and closes issue.",usability,"CLI tooling, Authentication/Authorization tools",User confusion / unclear documentation,Cognitive Friction,"10. Help and documentation, 6. Recognition rather than recall",0.86,"{""associated_component"": ""Vault CLI"", ""codes_primary"": ""User reports that running `vault auth help oidc` shows help text for `vault login -method=oidc` instead of usage information for `vault auth` with OIDC. Maintainer explains correct commands (`vault auth`, `vault auth <subcommand> -h`, `vault path-help auth/oidc`) and closes issue."", ""usability_non_usability_type"": ""usability"", ""associated_component_theme"": [""CLI tooling"", ""Authentication/Authorization tools""], ""l1_theme"": [""User confusion / unclear documentation""], ""l1_theme_secondary"": [""Cognitive Friction""], ""nielsen_theme"": [""10. Help and documentation"", ""6. Recognition rather than recall""], ""confidence"": 0.86}"
18,hashicorp/vault,13364,,"Hashicorp Vault - Key Management Core (secret engine), Hashicorp Vault - API","User reports that the PKI /sign-verbatim endpoint ignores the key_usage and ext_key_usage request parameters when those extensions are already present in the CSR, contrary to the API documentation. They expect Vault to enforce/limit usages per the request params or reject the CSR instead of copying usages from the CSR.",non-usability,,,,,0.9,"{""associated_component"": ""Hashicorp Vault - Key Management Core (secret engine), Hashicorp Vault - API"", ""codes_primary"": ""User reports that the PKI /sign-verbatim endpoint ignores the key_usage and ext_key_usage request parameters when those extensions are already present in the CSR, contrary to the API documentation. They expect Vault to enforce/limit usages per the request params or reject the CSR instead of copying usages from the CSR."", ""usability_non_usability_type"": ""non-usability"", ""associated_component_theme"": [""API"", ""Key Management Core / Secrets Backend""], ""l1_theme"": [""Unexpected behavior""], ""l1_theme_secondary"": [""Functional Reliability""], ""nielsen_theme"": [], ""confidence"": 0.9}"
19,hashicorp/vault,13388,,Hashicorp Vault - Key Management Core (secret engine),User reports hitting PostgreSQL row-size limits when Vault’s PostgreSQL database secrets engine creates many roles with GRANT ALL privileges. They propose a workaround using a generic PostgreSQL role that is granted to each dynamically created role and suggest documenting this limitation and workaround.,usability,Key Management Core / Secrets Backend,"User confusion / unclear documentation, Missing feature / enhancement request, Integration failure/issues","Cognitive Friction, Functional Gap, Operational Friction","5. Error prevention, '9. Help users recognize, diagnose, and recover from errors', 10. Help and documentation, 7. Flexibility and efficiency of use",0.86,"{""associated_component"": ""Hashicorp Vault - Key Management Core (secret engine)"", ""codes_primary"": ""User reports hitting PostgreSQL row-size limits when Vault’s PostgreSQL database secrets engine creates many roles with GRANT ALL privileges. They propose a workaround using a generic PostgreSQL role that is granted to each dynamically created role and suggest documenting this limitation and workaround."", ""usability_non_usability_type"": ""usability"", ""associated_component_theme"": [""Key Management Core / Secrets Backend""], ""l1_theme"": [""User confusion / unclear documentation"", ""Missing feature / enhancement request"", ""Integration failure/issues""], ""l1_theme_secondary"": [""Cognitive Friction"", ""Functional Gap"", ""Operational Friction""], ""nielsen_theme"": [""5. Error prevention"", ""9. Help users recognize, diagnose, and recover from errors"", ""10. Help and documentation"", ""7. Flexibility and efficiency of use""], ""confidence"": 0.86}"
20,hashicorp/vault,14225,,"Hashicorp Vault core, Hashicorp Vault - Kubernetes service registration","User reports a bug where Vault’s Kubernetes service registration client only loads the service account token at initialization and does not periodically refresh it, leading to use of stale tokens with short‑lived Kubernetes service account tokens; maintainers later clarify the client reloads on 401/403 and close the issue.",non-usability,,,,,0.86,"{""associated_component"": ""Hashicorp Vault core, Hashicorp Vault - Kubernetes service registration"", ""codes_primary"": ""User reports a bug where Vault’s Kubernetes service registration client only loads the service account token at initialization and does not periodically refresh it, leading to use of stale tokens with short‑lived Kubernetes service account tokens; maintainers later clarify the client reloads on 401/403 and close the issue."", ""usability_non_usability_type"": ""non-usability"", ""associated_component_theme"": [""Core"", ""API""], ""l1_theme"": [""Unexpected behavior"", ""Integration failure/issues""], ""l1_theme_secondary"": [""Functional Reliability""], ""nielsen_theme"": [], ""confidence"": 0.86}"
21,hashicorp/vault,14275,,"Hashicorp Vault - Authentication (userpass, token lookup), CLI/HTTP API","User is trying to script renewal of a userpass token and cannot successfully call the token lookup endpoint with a non-root token, receiving 'permission denied'. Root token works. They are confused about what they are missing and ask for help and example scripts.",usability,"Authentication/Authorization tools, API","Authentication friction, User confusion / unclear documentation","Operational Friction, Cognitive Friction","2. Match between system and the real world, 5. Error prevention, '9. Help users recognize, diagnose, and recover from errors', 10. Help and documentation",0.86,"{""associated_component"": ""Hashicorp Vault - Authentication (userpass, token lookup), CLI/HTTP API"", ""codes_primary"": ""User is trying to script renewal of a userpass token and cannot successfully call the token lookup endpoint with a non-root token, receiving 'permission denied'. Root token works. They are confused about what they are missing and ask for help and example scripts."", ""usability_non_usability_type"": ""usability"", ""associated_component_theme"": [""Authentication/Authorization tools"", ""API""], ""l1_theme"": [""Authentication friction"", ""User confusion / unclear documentation""], ""l1_theme_secondary"": [""Operational Friction"", ""Cognitive Friction""], ""nielsen_theme"": [""2. Match between system and the real world"", ""5. Error prevention"", ""9. Help users recognize, diagnose, and recover from errors"", ""10. Help and documentation""], ""confidence"": 0.86}"
22,hashicorp/vault,14394,,Hashicorp Vault - CLI,User reports that running `vault debug -duration=5s` on Windows causes a Go panic during the bundling phase instead of producing the expected debug tarball. The crash appears to be a CLI debug command bug affecting any Vault CLI version on Windows.,non-usability,,,,,0.93,"{""associated_component"": ""Hashicorp Vault - CLI"", ""codes_primary"": ""User reports that running `vault debug -duration=5s` on Windows causes a Go panic during the bundling phase instead of producing the expected debug tarball. The crash appears to be a CLI debug command bug affecting any Vault CLI version on Windows."", ""usability_non_usability_type"": ""non-usability"", ""associated_component_theme"": [""CLI tooling"", ""Core""], ""l1_theme"": [""Unexpected behavior""], ""l1_theme_secondary"": [""Functional Reliability""], ""nielsen_theme"": [], ""confidence"": 0.93}"
23,hashicorp/vault,15196,,"Hashicorp Vault - Web Client, Hashicorp Vault - Authentication/Authorization","Bug report: when a policy allows updating only group membership fields, editing a group in the Vault web UI and saving (even with no changes) fails with 'permission denied' because the UI sends a PUT including unchanged fields (e.g., policies) that the user lacks write access to; CLI works when only allowed fields are sent.",usability,"Web Client, Authentication/Authorization tools, Policy/configuration, API","Unexpected behavior, Notification/Logging /Web UI Issues, Configuration friction","Functional Reliability, Operational Friction","5. Error prevention, '9. Help users recognize, diagnose, and recover from errors', 8. Aesthetic and minimalist design",0.86,"{""associated_component"": ""Hashicorp Vault - Web Client, Hashicorp Vault - Authentication/Authorization"", ""codes_primary"": ""Bug report: when a policy allows updating only group membership fields, editing a group in the Vault web UI and saving (even with no changes) fails with 'permission denied' because the UI sends a PUT including unchanged fields (e.g., policies) that the user lacks write access to; CLI works when only allowed fields are sent."", ""usability_non_usability_type"": ""usability"", ""associated_component_theme"": [""Web Client"", ""Authentication/Authorization tools"", ""Policy/configuration"", ""API""], ""l1_theme"": [""Unexpected behavior"", ""Notification/Logging /Web UI Issues"", ""Configuration friction""], ""l1_theme_secondary"": [""Functional Reliability"", ""Operational Friction""], ""nielsen_theme"": [""5. Error prevention"", ""9. Help users recognize, diagnose, and recover from errors"", ""8. Aesthetic and minimalist design""], ""confidence"": 0.86}"
24,hashicorp/vault,15210,,HashiCorp Vault core,"User reports that after upgrading a 3-node Vault raft cluster by replacing one follower with v1.9.4, the new node fails to start. Vault exits with an error parsing the configured address due to a bad interaction with address template expansion and OS network interface querying, later fixed in a PR.",non-usability,,,,,0.93,"{""associated_component"": ""HashiCorp Vault core"", ""codes_primary"": ""User reports that after upgrading a 3-node Vault raft cluster by replacing one follower with v1.9.4, the new node fails to start. Vault exits with an error parsing the configured address due to a bad interaction with address template expansion and OS network interface querying, later fixed in a PR."", ""usability_non_usability_type"": ""non-usability"", ""associated_component_theme"": [""Core""], ""l1_theme"": [""Unexpected behavior""], ""l1_theme_secondary"": [""Functional Reliability""], ""nielsen_theme"": [], ""confidence"": 0.93}"
25,hashicorp/vault,15252,,Vault CLI,"User reports that the Vault CLI help text for `vault operator generate-root` is partially incorrect about the `-otp` flag usage and suggests improving the documented workflows, including highlighting the simpler `-init` shorthand as the primary option.",usability,CLI tooling,"User confusion / unclear documentation, Notification/Logging /Web UI Issues, Tedious Workflows","Cognitive Friction, Operational Friction","10. Help and documentation, 7. Flexibility and efficiency of use, 8. Aesthetic and minimalist design",0.86,"{""associated_component"": ""Vault CLI"", ""codes_primary"": ""User reports that the Vault CLI help text for `vault operator generate-root` is partially incorrect about the `-otp` flag usage and suggests improving the documented workflows, including highlighting the simpler `-init` shorthand as the primary option."", ""usability_non_usability_type"": ""usability"", ""associated_component_theme"": [""CLI tooling""], ""l1_theme"": [""User confusion / unclear documentation"", ""Notification/Logging /Web UI Issues"", ""Tedious Workflows""], ""l1_theme_secondary"": [""Cognitive Friction"", ""Operational Friction""], ""nielsen_theme"": [""10. Help and documentation"", ""7. Flexibility and efficiency of use"", ""8. Aesthetic and minimalist design""], ""confidence"": 0.86}"
26,hashicorp/vault,15641,,Hashicorp Vault - Installation/Distribution (APT repository),"User reports that Vault versions 1.10.1–1.10.3 appear to be missing from the APT repository for arm64 and amd64. Maintainer explains they must specify the Debian revision (e.g., vault=1.10.3-1 or 1.10.1-*); user confirms this resolves the issue, indicating initial confusion about package versioning.",usability,Build/CI/installation/distribution release issues,"User confusion / unclear documentation, Build/CI/installation/distribution release issues","Operational Friction, Cognitive Friction","2. Match between system and the real world, 6. Recognition rather than recall, '9. Help users recognize, diagnose, and recover from errors', 10. Help and documentation",0.86,"{""associated_component"": ""Hashicorp Vault - Installation/Distribution (APT repository)"", ""codes_primary"": ""User reports that Vault versions 1.10.1–1.10.3 appear to be missing from the APT repository for arm64 and amd64. Maintainer explains they must specify the Debian revision (e.g., vault=1.10.3-1 or 1.10.1-*); user confirms this resolves the issue, indicating initial confusion about package versioning."", ""usability_non_usability_type"": ""usability"", ""associated_component_theme"": [""Build/CI/installation/distribution release issues""], ""l1_theme"": [""User confusion / unclear documentation"", ""Build/CI/installation/distribution release issues""], ""l1_theme_secondary"": [""Operational Friction"", ""Cognitive Friction""], ""nielsen_theme"": [""2. Match between system and the real world"", ""6. Recognition rather than recall"", ""9. Help users recognize, diagnose, and recover from errors"", ""10. Help and documentation""], ""confidence"": 0.86}"
27,hashicorp/vault,16151,,Hashicorp Vault core,"User reports that a single-pod Vault 1.6.5 instance on Kubernetes occasionally spawns very large numbers of goroutines, leading to out-of-memory kills and restarts. Stack traces point to policy store and request handling paths. HashiCorp staff conclude this is normal behavior under load spikes and recommend allocating more memory and upgrading.",non-usability,,,,,0.86,"{""associated_component"": ""Hashicorp Vault core"", ""codes_primary"": ""User reports that a single-pod Vault 1.6.5 instance on Kubernetes occasionally spawns very large numbers of goroutines, leading to out-of-memory kills and restarts. Stack traces point to policy store and request handling paths. HashiCorp staff conclude this is normal behavior under load spikes and recommend allocating more memory and upgrading."", ""usability_non_usability_type"": ""non-usability"", ""associated_component_theme"": [""Core""], ""l1_theme"": [""Performance issue""], ""l1_theme_secondary"": [""Functional Reliability""], ""nielsen_theme"": [], ""confidence"": 0.86}"
28,hashicorp/vault,16158,,"Hashicorp Vault core, CLI tooling","User reports that in a 3-node HA Vault cluster using Raft integrated storage and Azure Key Vault auto-unseal, only the first node initializes and auto-unseals; the other two nodes report successful `vault operator raft join` but remain uninitialized/sealed and cannot auto-unseal or join the Raft cluster, despite TLS being configured per docs.",non-usability,,,,,0.86,"{""associated_component"": ""Hashicorp Vault core, CLI tooling"", ""codes_primary"": ""User reports that in a 3-node HA Vault cluster using Raft integrated storage and Azure Key Vault auto-unseal, only the first node initializes and auto-unseals; the other two nodes report successful `vault operator raft join` but remain uninitialized/sealed and cannot auto-unseal or join the Raft cluster, despite TLS being configured per docs."", ""usability_non_usability_type"": ""non-usability"", ""associated_component_theme"": [""Core"", ""CLI tooling"", ""Key Management Core / Secrets Backend""], ""l1_theme"": [""Unexpected behavior"", ""Integration failure/issues""], ""l1_theme_secondary"": [""Functional Reliability""], ""nielsen_theme"": [], ""confidence"": 0.86}"
29,hashicorp/vault,16282,,"hashicorp vault core, Go API client","User requests a dedicated Go client method to create and configure AppRole with custom role_id and secret_id, instead of having to use low-level Logical().Write API calls, noting inconsistency with existing dedicated methods like Sys().EnableAuthWithOptions.",usability,"API, Authentication/Authorization tools","Missing feature / enhancement request, Tedious Workflows","Operational Friction, Functional Gap","4. Consistency and standards, 7. Flexibility and efficiency of use",0.86,"{""associated_component"": ""hashicorp vault core, Go API client"", ""codes_primary"": ""User requests a dedicated Go client method to create and configure AppRole with custom role_id and secret_id, instead of having to use low-level Logical().Write API calls, noting inconsistency with existing dedicated methods like Sys().EnableAuthWithOptions."", ""usability_non_usability_type"": ""usability"", ""associated_component_theme"": [""API"", ""Authentication/Authorization tools""], ""l1_theme"": [""Missing feature / enhancement request"", ""Tedious Workflows""], ""l1_theme_secondary"": [""Operational Friction"", ""Functional Gap""], ""nielsen_theme"": [""4. Consistency and standards"", ""7. Flexibility and efficiency of use""], ""confidence"": 0.86}"
30,hashicorp/vault,16367,,"Hashicorp Vault - Transit secrets engine, Hashicorp Vault - API, Hashicorp Vault - Web Client","User submits a feature request for Vault’s transit secrets engine to support RSA pkcs1v15 padding (and padding_scheme parameter) for encrypt, decrypt, datakey, and rewrap operations, motivated by a fintech standard that mandates this scheme; they have a PoC plugin and plan to contribute a PR including UI support.",usability,"Key Management Core / Secrets Backend, API, Web Client",Missing feature / enhancement request,Functional Gap,7. Flexibility and efficiency of use,0.86,"{""associated_component"": ""Hashicorp Vault - Transit secrets engine, Hashicorp Vault - API, Hashicorp Vault - Web Client"", ""codes_primary"": ""User submits a feature request for Vault’s transit secrets engine to support RSA pkcs1v15 padding (and padding_scheme parameter) for encrypt, decrypt, datakey, and rewrap operations, motivated by a fintech standard that mandates this scheme; they have a PoC plugin and plan to contribute a PR including UI support."", ""usability_non_usability_type"": ""usability"", ""associated_component_theme"": [""Key Management Core / Secrets Backend"", ""API"", ""Web Client""], ""l1_theme"": [""Missing feature / enhancement request""], ""l1_theme_secondary"": [""Functional Gap""], ""nielsen_theme"": [""7. Flexibility and efficiency of use""], ""confidence"": 0.86}"
31,hashicorp/vault,16424,,Hashicorp Vault core,"User on SUSE Linux Enterprise Micro VM reports that Vault binaries are not working and there is no documentation for this OS; maintainers request more details and demonstrate a working setup using a container image, after which the user’s question is resolved.",usability,"Core, Build/CI","Build/CI/installation/distribution release issues, User confusion / unclear documentation","Operational Friction, Cognitive Friction","7. Flexibility and efficiency of use, 10. Help and documentation",0.79,"{""associated_component"": ""Hashicorp Vault core"", ""codes_primary"": ""User on SUSE Linux Enterprise Micro VM reports that Vault binaries are not working and there is no documentation for this OS; maintainers request more details and demonstrate a working setup using a container image, after which the user’s question is resolved."", ""usability_non_usability_type"": ""usability"", ""associated_component_theme"": [""Core"", ""Build/CI""], ""l1_theme"": [""Build/CI/installation/distribution release issues"", ""User confusion / unclear documentation""], ""l1_theme_secondary"": [""Operational Friction"", ""Cognitive Friction""], ""nielsen_theme"": [""7. Flexibility and efficiency of use"", ""10. Help and documentation""], ""confidence"": 0.79}"
32,hashicorp/vault,16529,,Hashicorp Vault - Key Management Core (secret engine),"Feature request: user running multitenant mTLS with a PKI engine per tenant wants Vault’s PKI secret engine to support signing arbitrary data/documents (digital signatures) using its private keys, via a new signing endpoint, to avoid exporting/storing private keys as generic secrets.",usability,Key Management Core / Secrets Backend,"Missing feature / enhancement request, Security concerns","Operational Friction, Functional Gap","5. Error prevention, 7. Flexibility and efficiency of use",0.86,"{""associated_component"": ""Hashicorp Vault - Key Management Core (secret engine)"", ""codes_primary"": ""Feature request: user running multitenant mTLS with a PKI engine per tenant wants Vault’s PKI secret engine to support signing arbitrary data/documents (digital signatures) using its private keys, via a new signing endpoint, to avoid exporting/storing private keys as generic secrets."", ""usability_non_usability_type"": ""usability"", ""associated_component_theme"": [""Key Management Core / Secrets Backend""], ""l1_theme"": [""Missing feature / enhancement request"", ""Security concerns""], ""l1_theme_secondary"": [""Operational Friction"", ""Functional Gap""], ""nielsen_theme"": [""5. Error prevention"", ""7. Flexibility and efficiency of use""], ""confidence"": 0.86}"
33,hashicorp/vault,16750,,"Hashicorp Vault core, CLI tooling, API","User reports a reproducible bug where creating an identity MFA login-enforcement with multiple identity_group_ids via `vault write` returns a 400 error claiming one group ID does not exist, even though all IDs are valid and work individually and in other endpoints that accept arrays.",non-usability,,,,,0.9,"{""associated_component"": ""Hashicorp Vault core, CLI tooling, API"", ""codes_primary"": ""User reports a reproducible bug where creating an identity MFA login-enforcement with multiple identity_group_ids via `vault write` returns a 400 error claiming one group ID does not exist, even though all IDs are valid and work individually and in other endpoints that accept arrays."", ""usability_non_usability_type"": ""non-usability"", ""associated_component_theme"": [""Core"", ""CLI tooling"", ""API""], ""l1_theme"": [""Unexpected behavior""], ""l1_theme_secondary"": [""Functional Reliability""], ""nielsen_theme"": [], ""confidence"": 0.9}"
34,hashicorp/vault,16820,,HashiCorp Vault core,"User submits a feature request (not tied to a current problem) for Vault to send customizable email or push notifications when certain conditions are met, such as credentials nearing expiration, being updated/changed, or becoming invalid, instead of building an external webhook-based solution.",non-usability,,,,,0.9,"{""associated_component"": ""HashiCorp Vault core"", ""codes_primary"": ""User submits a feature request (not tied to a current problem) for Vault to send customizable email or push notifications when certain conditions are met, such as credentials nearing expiration, being updated/changed, or becoming invalid, instead of building an external webhook-based solution."", ""usability_non_usability_type"": ""non-usability"", ""associated_component_theme"": [""Notification/Logging"", ""Core""], ""l1_theme"": [""Missing feature / enhancement request""], ""l1_theme_secondary"": [""Functional Gap""], ""nielsen_theme"": [], ""confidence"": 0.9}"
35,hashicorp/vault,17130,,"Hashicorp Vault - Authentication/Authorization (OIDC), Hashicorp Vault - CLI","User reports that during Vault CLI OIDC login, the local callback listener always runs on insecure http://localhost:8250 without TLS, even when callbackmethod=https and a different callbackport are specified. Their IdP forbids http redirect URIs, forcing workarounds (e.g., local proxy), and they question whether Vault should support HTTPS callbacks or clarify/remove the option.",usability,"Authentication/Authorization tools, CLI tooling","Authentication friction, Configuration friction, User confusion / unclear documentation, Missing feature / enhancement request","Operational Friction, Cognitive Friction, Functional Gap","2. Match between system and the real world, 4. Consistency and standards, 5. Error prevention, 7. Flexibility and efficiency of use, '9. Help users recognize, diagnose, and recover from errors', 10. Help and documentation",0.86,"{""associated_component"": ""Hashicorp Vault - Authentication/Authorization (OIDC), Hashicorp Vault - CLI"", ""codes_primary"": ""User reports that during Vault CLI OIDC login, the local callback listener always runs on insecure http://localhost:8250 without TLS, even when callbackmethod=https and a different callbackport are specified. Their IdP forbids http redirect URIs, forcing workarounds (e.g., local proxy), and they question whether Vault should support HTTPS callbacks or clarify/remove the option."", ""usability_non_usability_type"": ""usability"", ""associated_component_theme"": [""Authentication/Authorization tools"", ""CLI tooling""], ""l1_theme"": [""Authentication friction"", ""Configuration friction"", ""User confusion / unclear documentation"", ""Missing feature / enhancement request""], ""l1_theme_secondary"": [""Operational Friction"", ""Cognitive Friction"", ""Functional Gap""], ""nielsen_theme"": [""2. Match between system and the real world"", ""4. Consistency and standards"", ""5. Error prevention"", ""7. Flexibility and efficiency of use"", ""9. Help users recognize, diagnose, and recover from errors"", ""10. Help and documentation""], ""confidence"": 0.86}"
36,hashicorp/vault,17246,,"Hashicorp Vault core, Authentication/Authorization",User integrating Vault (on Kubernetes) sees 403 'permission denied' when reading a secret via HTTP API and asks how to fix it. Maintainers point to invalid/expired token or authentication configuration and API docs; issue closed due to insufficient information.,usability,"Authentication/Authorization tools, API, Core","Authentication friction, User confusion / unclear documentation","Operational Friction, Cognitive Friction","5. Error prevention, '9. Help users recognize, diagnose, and recover from errors', 10. Help and documentation",0.86,"{""associated_component"": ""Hashicorp Vault core, Authentication/Authorization"", ""codes_primary"": ""User integrating Vault (on Kubernetes) sees 403 'permission denied' when reading a secret via HTTP API and asks how to fix it. Maintainers point to invalid/expired token or authentication configuration and API docs; issue closed due to insufficient information."", ""usability_non_usability_type"": ""usability"", ""associated_component_theme"": [""Authentication/Authorization tools"", ""API"", ""Core""], ""l1_theme"": [""Authentication friction"", ""User confusion / unclear documentation""], ""l1_theme_secondary"": [""Operational Friction"", ""Cognitive Friction""], ""nielsen_theme"": [""5. Error prevention"", ""9. Help users recognize, diagnose, and recover from errors"", ""10. Help and documentation""], ""confidence"": 0.86}"
37,hashicorp/vault,17325,,Hashicorp Vault - Web Client,"User requests a dynamic search/filter box on the Vault UI Secrets Engines page to quickly find a specific engine within a list of 100+ entries, noting that scrolling is inefficient and that this would greatly improve UI usability, especially in production use.",usability,"Web Client, Key Management Core / Secrets Backend","Missing feature / enhancement request, Notification/Logging /Web UI Issues, Tedious Workflows","Operational Friction, Functional Gap","6. Recognition rather than recall, 7. Flexibility and efficiency of use, 8. Aesthetic and minimalist design",0.93,"{""associated_component"": ""Hashicorp Vault - Web Client"", ""codes_primary"": ""User requests a dynamic search/filter box on the Vault UI Secrets Engines page to quickly find a specific engine within a list of 100+ entries, noting that scrolling is inefficient and that this would greatly improve UI usability, especially in production use."", ""usability_non_usability_type"": ""usability"", ""associated_component_theme"": [""Web Client"", ""Key Management Core / Secrets Backend""], ""l1_theme"": [""Missing feature / enhancement request"", ""Notification/Logging /Web UI Issues"", ""Tedious Workflows""], ""l1_theme_secondary"": [""Operational Friction"", ""Functional Gap""], ""nielsen_theme"": [""6. Recognition rather than recall"", ""7. Flexibility and efficiency of use"", ""8. Aesthetic and minimalist design""], ""confidence"": 0.93}"
38,hashicorp/vault,17475,,"Vault Web UI, Authentication/Authorization","Feature request: infrastructure operator wants Vault Web UI to accept an existing JWT (e.g., from Keycloak via oauth2-proxy) in an Authorization header and automatically exchange it for a Vault token, enabling seamless SSO without manual UI sign-in, similar to existing wrapped_token support.",usability,"Web Client, Authentication/Authorization tools","Missing feature / enhancement request, Authentication friction, Tedious Workflows","Operational Friction, Functional Gap",7. Flexibility and efficiency of use,0.86,"{""associated_component"": ""Vault Web UI, Authentication/Authorization"", ""codes_primary"": ""Feature request: infrastructure operator wants Vault Web UI to accept an existing JWT (e.g., from Keycloak via oauth2-proxy) in an Authorization header and automatically exchange it for a Vault token, enabling seamless SSO without manual UI sign-in, similar to existing wrapped_token support."", ""usability_non_usability_type"": ""usability"", ""associated_component_theme"": [""Web Client"", ""Authentication/Authorization tools""], ""l1_theme"": [""Missing feature / enhancement request"", ""Authentication friction"", ""Tedious Workflows""], ""l1_theme_secondary"": [""Operational Friction"", ""Functional Gap""], ""nielsen_theme"": [""7. Flexibility and efficiency of use""], ""confidence"": 0.86}"
39,hashicorp/vault,17737,,"Hashicorp Vault core, API","Reporter describes a regression bug where upgrading a previously functional HA Vault cluster (DynamoDB backend, behind AWS NLB) from 1.10.7 to 1.11.0+ causes the cluster to become non-functional: leader and HA status endpoints lose leader info. They bisect versions, identify a specific ha.go change/commit as likely cause, and note it’s reproducible and reversible by downgrading.",non-usability,,,,,0.93,"{""associated_component"": ""Hashicorp Vault core, API"", ""codes_primary"": ""Reporter describes a regression bug where upgrading a previously functional HA Vault cluster (DynamoDB backend, behind AWS NLB) from 1.10.7 to 1.11.0+ causes the cluster to become non-functional: leader and HA status endpoints lose leader info. They bisect versions, identify a specific ha.go change/commit as likely cause, and note it’s reproducible and reversible by downgrading."", ""usability_non_usability_type"": ""non-usability"", ""associated_component_theme"": [""Core"", ""API""], ""l1_theme"": [""Unexpected behavior"", ""Integration failure/issues""], ""l1_theme_secondary"": [""Functional Reliability""], ""nielsen_theme"": [], ""confidence"": 0.93}"
40,hashicorp/vault,18151,,Hashicorp Vault - CLI,"User follows Vault docs to run `vault policy write` with an `--address` flag but consistently gets `Too many arguments (expected 2, got 3)`. They ask what they are doing wrong and how to pass the flag. Maintainers cannot reproduce and suspect environment/alias; behavior stems from CLI flag ordering and global flag handling.",usability,"CLI tooling, Policy/configuration","User confusion / unclear documentation, Configuration friction","Cognitive Friction, Operational Friction","2. Match between system and the real world, 4. Consistency and standards, 5. Error prevention, '9. Help users recognize, diagnose, and recover from errors', 10. Help and documentation",0.86,"{""associated_component"": ""Hashicorp Vault - CLI"", ""codes_primary"": ""User follows Vault docs to run `vault policy write` with an `--address` flag but consistently gets `Too many arguments (expected 2, got 3)`. They ask what they are doing wrong and how to pass the flag. Maintainers cannot reproduce and suspect environment/alias; behavior stems from CLI flag ordering and global flag handling."", ""usability_non_usability_type"": ""usability"", ""associated_component_theme"": [""CLI tooling"", ""Policy/configuration""], ""l1_theme"": [""User confusion / unclear documentation"", ""Configuration friction""], ""l1_theme_secondary"": [""Cognitive Friction"", ""Operational Friction""], ""nielsen_theme"": [""2. Match between system and the real world"", ""4. Consistency and standards"", ""5. Error prevention"", ""9. Help users recognize, diagnose, and recover from errors"", ""10. Help and documentation""], ""confidence"": 0.86}"
41,hashicorp/vault,18237,,Hashicorp Vault - RabbitMQ secrets engine,"Feature request: when generating RabbitMQ credentials via the secrets engine, make the resulting leases/or credentials orphaned from the parent token so that short token TTLs do not immediately revoke created RabbitMQ users; instead, only the engine’s own TTL should control user removal.",usability,Key Management Core / Secrets Backend,"Missing feature / enhancement request, Tedious Workflows","Operational Friction, Functional Gap","7. Flexibility and efficiency of use, 3. User control and freedom",0.86,"{""associated_component"": ""Hashicorp Vault - RabbitMQ secrets engine"", ""codes_primary"": ""Feature request: when generating RabbitMQ credentials via the secrets engine, make the resulting leases/or credentials orphaned from the parent token so that short token TTLs do not immediately revoke created RabbitMQ users; instead, only the engine’s own TTL should control user removal."", ""usability_non_usability_type"": ""usability"", ""associated_component_theme"": [""Key Management Core / Secrets Backend""], ""l1_theme"": [""Missing feature / enhancement request"", ""Tedious Workflows""], ""l1_theme_secondary"": [""Operational Friction"", ""Functional Gap""], ""nielsen_theme"": [""7. Flexibility and efficiency of use"", ""3. User control and freedom""], ""confidence"": 0.86}"
42,hashicorp/vault,18248,,Hashicorp Vault core,User backing up Vault data from a GCS storage backend to another GCS bucket with gsutil hits Google Cloud Storage’s 1024-character object name limit because Vault’s logical object paths are already very long; asks whether these long object names affect Vault operations and notes backup failures.,usability,Core,Integration failure/issues,Operational Friction,7. Flexibility and efficiency of use,0.8,"{""associated_component"": ""Hashicorp Vault core"", ""codes_primary"": ""User backing up Vault data from a GCS storage backend to another GCS bucket with gsutil hits Google Cloud Storage’s 1024-character object name limit because Vault’s logical object paths are already very long; asks whether these long object names affect Vault operations and notes backup failures."", ""usability_non_usability_type"": ""usability"", ""associated_component_theme"": [""Core""], ""l1_theme"": [""Integration failure/issues""], ""l1_theme_secondary"": [""Operational Friction""], ""nielsen_theme"": [""7. Flexibility and efficiency of use""], ""confidence"": 0.8}"
43,hashicorp/vault,18251,,"Hashicorp Vault core, Storage backend (Consul), Transit secrets engine, CLI tooling",User reports a multi-DC Vault setup using Consul storage replicated via consul-replicate where Vault’s storage caching (including nil/error reads) causes keys created later in the primary DC to remain unreadable in the secondary DC until leader step-down. Maintainers explain this is unsupported because external tools must not mutate Vault’s storage while Vault is running.,non-usability,,,,,0.86,"{""associated_component"": ""Hashicorp Vault core, Storage backend (Consul), Transit secrets engine, CLI tooling"", ""codes_primary"": ""User reports a multi-DC Vault setup using Consul storage replicated via consul-replicate where Vault’s storage caching (including nil/error reads) causes keys created later in the primary DC to remain unreadable in the secondary DC until leader step-down. Maintainers explain this is unsupported because external tools must not mutate Vault’s storage while Vault is running."", ""usability_non_usability_type"": ""non-usability"", ""associated_component_theme"": [""Core"", ""Key Management Core / Secrets Backend"", ""CLI tooling""], ""l1_theme"": [""Unexpected behavior"", ""Integration failure/issues""], ""l1_theme_secondary"": [""Functional Reliability""], ""nielsen_theme"": [], ""confidence"": 0.86}"
44,hashicorp/vault,18433,,Vault Agent template rendering,"User injects environment variables into containers via Vault Agent templates; when a key like SOME_VAR is missing in Vault, the rendered value becomes the literal string ""<no_value>"" instead of being skipped. User is confused and asks why this happens and how to avoid it; maintainers point to configuration (error_on_missing_key) and template patterns as the solution.",usability,"Core, Notification/Logging","User confusion / unclear documentation, Configuration friction","Cognitive Friction, Operational Friction","2. Match between system and the real world, 5. Error prevention, '9. Help users recognize, diagnose, and recover from errors', 10. Help and documentation",0.86,"{""associated_component"": ""Vault Agent template rendering"", ""codes_primary"": ""User injects environment variables into containers via Vault Agent templates; when a key like SOME_VAR is missing in Vault, the rendered value becomes the literal string \""<no_value>\"" instead of being skipped. User is confused and asks why this happens and how to avoid it; maintainers point to configuration (error_on_missing_key) and template patterns as the solution."", ""usability_non_usability_type"": ""usability"", ""associated_component_theme"": [""Core"", ""Notification/Logging""], ""l1_theme"": [""User confusion / unclear documentation"", ""Configuration friction""], ""l1_theme_secondary"": [""Cognitive Friction"", ""Operational Friction""], ""nielsen_theme"": [""2. Match between system and the real world"", ""5. Error prevention"", ""9. Help users recognize, diagnose, and recover from errors"", ""10. Help and documentation""], ""confidence"": 0.86}"
45,hashicorp/vault,18491,,"Hashicorp Vault - Web Client, Hashicorp Vault - Kubernetes/Helm deployment","User followed HashiCorp’s Minikube+Helm TLS tutorial to deploy Vault with HA Raft and ingress, but could not access the Vault UI via nginx ingress (404). They asked why, later discovering it required the nginx.ingress.kubernetes.io/backend-protocol=""HTTPS"" annotation on the ingress.",usability,"Web Client, Policy/configuration","Configuration friction, Integration failure/issues, User confusion / unclear documentation","Operational Friction, Cognitive Friction","2. Match between system and the real world, 5. Error prevention, '9. Help users recognize, diagnose, and recover from errors', 10. Help and documentation, 7. Flexibility and efficiency of use",0.86,"{""associated_component"": ""Hashicorp Vault - Web Client, Hashicorp Vault - Kubernetes/Helm deployment"", ""codes_primary"": ""User followed HashiCorp’s Minikube+Helm TLS tutorial to deploy Vault with HA Raft and ingress, but could not access the Vault UI via nginx ingress (404). They asked why, later discovering it required the nginx.ingress.kubernetes.io/backend-protocol=\""HTTPS\"" annotation on the ingress."", ""usability_non_usability_type"": ""usability"", ""associated_component_theme"": [""Web Client"", ""Policy/configuration""], ""l1_theme"": [""Configuration friction"", ""Integration failure/issues"", ""User confusion / unclear documentation""], ""l1_theme_secondary"": [""Operational Friction"", ""Cognitive Friction""], ""nielsen_theme"": [""2. Match between system and the real world"", ""5. Error prevention"", ""9. Help users recognize, diagnose, and recover from errors"", ""10. Help and documentation"", ""7. Flexibility and efficiency of use""], ""confidence"": 0.86}"
46,hashicorp/vault,18573,,"hashicorp_vault core, API","User reports that calling a Vault HTTP API path containing consecutive slashes returns an unexpected 301 redirect, despite docs stating only 2xx and 4xx are returned. This makes the response body incompatible with other error responses; behavior stems from Go’s default HTTP server handling.",usability,"Core, API",Unexpected behavior,Functional Reliability,"4. Consistency and standards, 5. Error prevention, '9. Help users recognize, diagnose, and recover from errors']",0.86,"{""associated_component"": ""hashicorp_vault core, API"", ""codes_primary"": ""User reports that calling a Vault HTTP API path containing consecutive slashes returns an unexpected 301 redirect, despite docs stating only 2xx and 4xx are returned. This makes the response body incompatible with other error responses; behavior stems from Go’s default HTTP server handling."", ""usability_non_usability_type"": ""usability"", ""associated_component_theme"": [""Core"", ""API""], ""l1_theme"": [""Unexpected behavior""], ""l1_theme_secondary"": [""Functional Reliability""], ""nielsen_theme"": [""4. Consistency and standards"", ""5. Error prevention"", ""9. Help users recognize, diagnose, and recover from errors""], ""confidence"": 0.86}"
47,hashicorp/vault,19155,,Hashicorp Vault core,User opened a plugin portal submission issue but left the template blank with no plugin details; maintainer closed the issue and asked them to resubmit with all required information.,non-usability,,,,,0.86,"{""associated_component"": ""Hashicorp Vault core"", ""codes_primary"": ""User opened a plugin portal submission issue but left the template blank with no plugin details; maintainer closed the issue and asked them to resubmit with all required information."", ""usability_non_usability_type"": ""non-usability"", ""associated_component_theme"": [""Core""], ""l1_theme"": [], ""l1_theme_secondary"": [], ""nielsen_theme"": [], ""confidence"": 0.86}"
48,hashicorp/vault,19209,,"Hashicorp Vault - Key Management Core (secret engine), Hashicorp Vault - Authentication/Authorization","User requests a feature for Vault to sign JSON payloads as JWTs (similar to Google IAM) and expose JWKS for verification, to support client/user assertion and other signed-token use cases. Maintainer notes Vault identity tokens already sign JWTs and publish JWKS, but reporter needs more flexible claim customization for access tokens.",usability,"Authentication/Authorization tools, Key Management Core / Secrets Backend",Missing feature / enhancement request,Functional Gap,7. Flexibility and efficiency of use,0.86,"{""associated_component"": ""Hashicorp Vault - Key Management Core (secret engine), Hashicorp Vault - Authentication/Authorization"", ""codes_primary"": ""User requests a feature for Vault to sign JSON payloads as JWTs (similar to Google IAM) and expose JWKS for verification, to support client/user assertion and other signed-token use cases. Maintainer notes Vault identity tokens already sign JWTs and publish JWKS, but reporter needs more flexible claim customization for access tokens."", ""usability_non_usability_type"": ""usability"", ""associated_component_theme"": [""Authentication/Authorization tools"", ""Key Management Core / Secrets Backend""], ""l1_theme"": [""Missing feature / enhancement request""], ""l1_theme_secondary"": [""Functional Gap""], ""nielsen_theme"": [""7. Flexibility and efficiency of use""], ""confidence"": 0.86}"
49,hashicorp/vault,19490,,"Vault CLI, Vault core","User attempts to create a JWT auth role via the Vault CLI using a JSON file; Vault returns a 400 error stating that a user claim must be defined, even though user_claim is present and the same JSON works via direct API. User is asking for help/solution (usage question).",usability,"CLI tooling, Authentication/Authorization tools","User confusion / unclear documentation, Configuration friction","Cognitive Friction, Operational Friction","2. Match between system and the real world, '9. Help users recognize, diagnose, and recover from errors', 10. Help and documentation",0.86,"{""associated_component"": ""Vault CLI, Vault core"", ""codes_primary"": ""User attempts to create a JWT auth role via the Vault CLI using a JSON file; Vault returns a 400 error stating that a user claim must be defined, even though user_claim is present and the same JSON works via direct API. User is asking for help/solution (usage question)."", ""usability_non_usability_type"": ""usability"", ""associated_component_theme"": [""CLI tooling"", ""Authentication/Authorization tools""], ""l1_theme"": [""User confusion / unclear documentation"", ""Configuration friction""], ""l1_theme_secondary"": [""Cognitive Friction"", ""Operational Friction""], ""nielsen_theme"": [""2. Match between system and the real world"", ""9. Help users recognize, diagnose, and recover from errors"", ""10. Help and documentation""], ""confidence"": 0.86}"
50,hashicorp/vault,19568,,Hashicorp Vault - Web Client,"Reporter describes two issues with the Vault Browser CLI embedded in the web UI since Vault 1.10: the multi-line help/list output is incorrectly rendered as a single line, and they initially believed most commands did not work. Maintainers confirm a UI formatting regression (fixed and backported) and clarify only read/write/delete/list are supported.",usability,Web Client,"Notification/Logging /Web UI Issues, User confusion / unclear documentation",Cognitive Friction,"1. Visibility of system status, 2. Match between system and the real world, 8. Aesthetic and minimalist design",0.9,"{""associated_component"": ""Hashicorp Vault - Web Client"", ""codes_primary"": ""Reporter describes two issues with the Vault Browser CLI embedded in the web UI since Vault 1.10: the multi-line help/list output is incorrectly rendered as a single line, and they initially believed most commands did not work. Maintainers confirm a UI formatting regression (fixed and backported) and clarify only read/write/delete/list are supported."", ""usability_non_usability_type"": ""usability"", ""associated_component_theme"": [""Web Client""], ""l1_theme"": [""Notification/Logging /Web UI Issues"", ""User confusion / unclear documentation""], ""l1_theme_secondary"": [""Cognitive Friction""], ""nielsen_theme"": [""1. Visibility of system status"", ""2. Match between system and the real world"", ""8. Aesthetic and minimalist design""], ""confidence"": 0.9}"
51,hashicorp/vault,19697,,Vault core,"User requests a new token feature (ttl_after_first_use / ttl_since_first_use) where a token’s TTL starts counting only from its first use, to better support short‑lived orchestrator tokens without guessing fixed TTLs or uses or adding revocation jobs.",usability,"Core, Authentication/Authorization tools","Missing feature / enhancement request, Security concerns, Tedious Workflows","Operational Friction, Functional Gap","3. User control and freedom, 5. Error prevention, 7. Flexibility and efficiency of use",0.86,"{""associated_component"": ""Vault core"", ""codes_primary"": ""User requests a new token feature (ttl_after_first_use / ttl_since_first_use) where a token’s TTL starts counting only from its first use, to better support short‑lived orchestrator tokens without guessing fixed TTLs or uses or adding revocation jobs."", ""usability_non_usability_type"": ""usability"", ""associated_component_theme"": [""Core"", ""Authentication/Authorization tools""], ""l1_theme"": [""Missing feature / enhancement request"", ""Security concerns"", ""Tedious Workflows""], ""l1_theme_secondary"": [""Operational Friction"", ""Functional Gap""], ""nielsen_theme"": [""3. User control and freedom"", ""5. Error prevention"", ""7. Flexibility and efficiency of use""], ""confidence"": 0.86}"
52,hashicorp/vault,20272,,"Hashicorp Vault - CLI tooling, Hashicorp Vault - Authentication/Authorization tools","User files a feature request to allow configuring the Vault CLI’s token file path via a VAULT_TOKEN_FILE environment variable, to avoid using VAULT_TOKEN directly and improve security/usability. They provide a proposed Go patch and note this would reduce the need for custom token helpers and integrate well with secret providers like Docker secrets.",usability,"CLI tooling, Authentication/Authorization tools","Missing feature / enhancement request, Security concerns, Tedious Workflows","Operational Friction, Functional Gap","5. Error prevention, 7. Flexibility and efficiency of use",0.86,"{""associated_component"": ""Hashicorp Vault - CLI tooling, Hashicorp Vault - Authentication/Authorization tools"", ""codes_primary"": ""User files a feature request to allow configuring the Vault CLI’s token file path via a VAULT_TOKEN_FILE environment variable, to avoid using VAULT_TOKEN directly and improve security/usability. They provide a proposed Go patch and note this would reduce the need for custom token helpers and integrate well with secret providers like Docker secrets."", ""usability_non_usability_type"": ""usability"", ""associated_component_theme"": [""CLI tooling"", ""Authentication/Authorization tools""], ""l1_theme"": [""Missing feature / enhancement request"", ""Security concerns"", ""Tedious Workflows""], ""l1_theme_secondary"": [""Operational Friction"", ""Functional Gap""], ""nielsen_theme"": [""5. Error prevention"", ""7. Flexibility and efficiency of use""], ""confidence"": 0.86}"
53,hashicorp/vault,20589,,Hashicorp Vault core,"User contributor is confused about a pending Vault PR whose Vercel tests are blocked awaiting approval, and asks what they can do to get the Vercel check approved or whether they missed any required process; maintainer explains tests need HashiCorp reviewer approval and approves them.",usability,Build/CI,"Build/CI/installation/distribution release issues, User confusion / unclear documentation","Operational Friction, Cognitive Friction","1. Visibility of system status, 10. Help and documentation",0.86,"{""associated_component"": ""Hashicorp Vault core"", ""codes_primary"": ""User contributor is confused about a pending Vault PR whose Vercel tests are blocked awaiting approval, and asks what they can do to get the Vercel check approved or whether they missed any required process; maintainer explains tests need HashiCorp reviewer approval and approves them."", ""usability_non_usability_type"": ""usability"", ""associated_component_theme"": [""Build/CI""], ""l1_theme"": [""Build/CI/installation/distribution release issues"", ""User confusion / unclear documentation""], ""l1_theme_secondary"": [""Operational Friction"", ""Cognitive Friction""], ""nielsen_theme"": [""1. Visibility of system status"", ""10. Help and documentation""], ""confidence"": 0.86}"
54,hashicorp/vault,21521,,"Hashicorp Vault core, Storage backend","User intermittently cannot unseal Vault; unseal keys decrypt the storage root key but decryption of the keyring fails with 'Unseal failed, invalid key' / 'cipher: message authentication failed'. They suspect backup/restore while Vault is running or memory corruption, use etcd storage, and ask if this keyring corruption scenario is known and how to troubleshoot/prevent it.",non-usability,,,,,0.86,"{""associated_component"": ""Hashicorp Vault core, Storage backend"", ""codes_primary"": ""User intermittently cannot unseal Vault; unseal keys decrypt the storage root key but decryption of the keyring fails with 'Unseal failed, invalid key' / 'cipher: message authentication failed'. They suspect backup/restore while Vault is running or memory corruption, use etcd storage, and ask if this keyring corruption scenario is known and how to troubleshoot/prevent it."", ""usability_non_usability_type"": ""non-usability"", ""associated_component_theme"": [""Core""], ""l1_theme"": [""Unexpected behavior""], ""l1_theme_secondary"": [""Functional Reliability""], ""nielsen_theme"": [], ""confidence"": 0.86}"
55,hashicorp/vault,21976,,Vault CLI,"User reports that `vault plugin register --args` does not correctly handle multiple arguments for an auth plugin: passing a comma-separated list results in the plugin being invoked without arguments, despite CLI help text claiming comma separation is supported. Commenters note the real required format is repeating -args and suggest fixing the help message.",usability,"CLI tooling, API","Unexpected behavior, User confusion / unclear documentation","Functional Reliability, Cognitive Friction","2. Match between system and the real world, 4. Consistency and standards, '9. Help users recognize, diagnose, and recover from errors']",0.86,"{""associated_component"": ""Vault CLI"", ""codes_primary"": ""User reports that `vault plugin register --args` does not correctly handle multiple arguments for an auth plugin: passing a comma-separated list results in the plugin being invoked without arguments, despite CLI help text claiming comma separation is supported. Commenters note the real required format is repeating -args and suggest fixing the help message."", ""usability_non_usability_type"": ""usability"", ""associated_component_theme"": [""CLI tooling"", ""API""], ""l1_theme"": [""Unexpected behavior"", ""User confusion / unclear documentation""], ""l1_theme_secondary"": [""Functional Reliability"", ""Cognitive Friction""], ""nielsen_theme"": [""2. Match between system and the real world"", ""4. Consistency and standards"", ""9. Help users recognize, diagnose, and recover from errors""], ""confidence"": 0.86}"
56,hashicorp/vault,22045,,hashicorp_vault core,"Reporter notes that a new CI job intended to comment on PRs with failing test summaries does not work on community PRs because the workflow lacks write permissions to the repo, and references GitHub guidance on securely reporting CI results from untrusted forks.",non-usability,,,,,0.86,"{""associated_component"": ""hashicorp_vault core"", ""codes_primary"": ""Reporter notes that a new CI job intended to comment on PRs with failing test summaries does not work on community PRs because the workflow lacks write permissions to the repo, and references GitHub guidance on securely reporting CI results from untrusted forks."", ""usability_non_usability_type"": ""non-usability"", ""associated_component_theme"": [""Build/CI""], ""l1_theme"": [""Build/CI/installation/distribution release issues""], ""l1_theme_secondary"": [""Functional Reliability""], ""nielsen_theme"": [], ""confidence"": 0.86}"
57,hashicorp/vault,22214,,"Hashicorp Vault - Web Client, Hashicorp Vault - Key Management Core (secret engine)","User requests a Vault feature to natively handle Java JKS keystores: storing JKS in Vault with password, viewing and editing keystore contents via the Vault web UI (similar to Keystore Explorer) instead of base64-encoding JKS and manually using keytool/openssl scripts.",usability,"Web Client, Key Management Core / Secrets Backend","Missing feature / enhancement request, Tedious Workflows","Operational Friction, Functional Gap","7. Flexibility and efficiency of use, 6. Recognition rather than recall",0.86,"{""associated_component"": ""Hashicorp Vault - Web Client, Hashicorp Vault - Key Management Core (secret engine)"", ""codes_primary"": ""User requests a Vault feature to natively handle Java JKS keystores: storing JKS in Vault with password, viewing and editing keystore contents via the Vault web UI (similar to Keystore Explorer) instead of base64-encoding JKS and manually using keytool/openssl scripts."", ""usability_non_usability_type"": ""usability"", ""associated_component_theme"": [""Web Client"", ""Key Management Core / Secrets Backend""], ""l1_theme"": [""Missing feature / enhancement request"", ""Tedious Workflows""], ""l1_theme_secondary"": [""Operational Friction"", ""Functional Gap""], ""nielsen_theme"": [""7. Flexibility and efficiency of use"", ""6. Recognition rather than recall""], ""confidence"": 0.86}"
58,hashicorp/vault,22461,,"hashicorp vault core, Authentication/Authorization (AWS IAM auth method)","User submits a feature request (with existing PR) to add an option for AWS IAM auth entity alias names to use the AWS role ARN directly, arguing current options (UUID, unique_id, assumed role ARN) are hard to predict and create configuration friction for predictable entity aliasing.",usability,"Authentication/Authorization tools, Policy/configuration","Missing feature / enhancement request, Configuration friction, Tedious Workflows","Operational Friction, Functional Gap","7. Flexibility and efficiency of use, 6. Recognition rather than recall",0.86,"{""associated_component"": ""hashicorp vault core, Authentication/Authorization (AWS IAM auth method)"", ""codes_primary"": ""User submits a feature request (with existing PR) to add an option for AWS IAM auth entity alias names to use the AWS role ARN directly, arguing current options (UUID, unique_id, assumed role ARN) are hard to predict and create configuration friction for predictable entity aliasing."", ""usability_non_usability_type"": ""usability"", ""associated_component_theme"": [""Authentication/Authorization tools"", ""Policy/configuration""], ""l1_theme"": [""Missing feature / enhancement request"", ""Configuration friction"", ""Tedious Workflows""], ""l1_theme_secondary"": [""Operational Friction"", ""Functional Gap""], ""nielsen_theme"": [""7. Flexibility and efficiency of use"", ""6. Recognition rather than recall""], ""confidence"": 0.86}"
59,hashicorp/vault,22578,,"Hashicorp Vault core, Hashicorp Vault - Seal (gcpckms), Hashicorp Vault - Helm chart","User reports that deploying Vault via Terraform using the Helm chart with gcpckms auto-unseal causes pods to CrashLoopBackOff with GCP KMS permission/auth scope errors, while the same configuration works when deploying Helm directly; initial confusion compounded by a typo and unclear Helm/credentials behavior, later resolved as a Terraform Helm provider issue.",usability,"Core, Policy/configuration, Key Management Core / Secrets Backend","Integration failure/issues, Configuration friction, User confusion / unclear documentation","Operational Friction, Cognitive Friction","5. Error prevention, '9. Help users recognize, diagnose, and recover from errors', 10. Help and documentation, 7. Flexibility and efficiency of use",0.83,"{""associated_component"": ""Hashicorp Vault core, Hashicorp Vault - Seal (gcpckms), Hashicorp Vault - Helm chart"", ""codes_primary"": ""User reports that deploying Vault via Terraform using the Helm chart with gcpckms auto-unseal causes pods to CrashLoopBackOff with GCP KMS permission/auth scope errors, while the same configuration works when deploying Helm directly; initial confusion compounded by a typo and unclear Helm/credentials behavior, later resolved as a Terraform Helm provider issue."", ""usability_non_usability_type"": ""usability"", ""associated_component_theme"": [""Core"", ""Policy/configuration"", ""Key Management Core / Secrets Backend""], ""l1_theme"": [""Integration failure/issues"", ""Configuration friction"", ""User confusion / unclear documentation""], ""l1_theme_secondary"": [""Operational Friction"", ""Cognitive Friction""], ""nielsen_theme"": [""5. Error prevention"", ""9. Help users recognize, diagnose, and recover from errors"", ""10. Help and documentation"", ""7. Flexibility and efficiency of use""], ""confidence"": 0.83}"
60,hashicorp/vault,22602,,Hashicorp Vault - AWS secrets engine,"User requests adding an sts_region parameter to the AWS secrets engine (similar to AWS auth method) to support use of proxy-based sts_endpoint. Currently, setting region breaks root IAM credential rotation, while omitting region breaks credential/role generation with SignatureDoesNotMatch region errors; sts_region is proposed as the fix.",usability,"Key Management Core / Secrets Backend, API","Missing feature / enhancement request, Integration failure/issues, Configuration friction","Operational Friction, Functional Gap","5. Error prevention, 7. Flexibility and efficiency of use, '9. Help users recognize, diagnose, and recover from errors']",0.86,"{""associated_component"": ""Hashicorp Vault - AWS secrets engine"", ""codes_primary"": ""User requests adding an sts_region parameter to the AWS secrets engine (similar to AWS auth method) to support use of proxy-based sts_endpoint. Currently, setting region breaks root IAM credential rotation, while omitting region breaks credential/role generation with SignatureDoesNotMatch region errors; sts_region is proposed as the fix."", ""usability_non_usability_type"": ""usability"", ""associated_component_theme"": [""Key Management Core / Secrets Backend"", ""API""], ""l1_theme"": [""Missing feature / enhancement request"", ""Integration failure/issues"", ""Configuration friction""], ""l1_theme_secondary"": [""Operational Friction"", ""Functional Gap""], ""nielsen_theme"": [""5. Error prevention"", ""7. Flexibility and efficiency of use"", ""9. Help users recognize, diagnose, and recover from errors""], ""confidence"": 0.86}"
61,hashicorp/vault,23793,,"Hashicorp Vault core, Authentication/Authorization","User reports a non-deterministic login failure when using the Kubernetes auth method against a Vault cluster backed by DynamoDB, where persisting identity entities intermittently exceeds DynamoDB’s item size limit due to bucket packing, risking denial of service as entity buckets fill up.",non-usability,,,,,0.86,"{""associated_component"": ""Hashicorp Vault core, Authentication/Authorization"", ""codes_primary"": ""User reports a non-deterministic login failure when using the Kubernetes auth method against a Vault cluster backed by DynamoDB, where persisting identity entities intermittently exceeds DynamoDB’s item size limit due to bucket packing, risking denial of service as entity buckets fill up."", ""usability_non_usability_type"": ""non-usability"", ""associated_component_theme"": [""Authentication/Authorization tools"", ""Core""], ""l1_theme"": [""Unexpected behavior"", ""Integration failure/issues"", ""Performance issue""], ""l1_theme_secondary"": [""Functional Reliability"", ""Operational Friction""], ""nielsen_theme"": [], ""confidence"": 0.86}"
62,hashicorp/vault,23800,,"Hashicorp Vault - Web Client, Hashicorp Vault - Authentication/Authorization (Kubernetes auth), Hashicorp Vault - Namespaces","User reports a bug in Vault 1.15.0+ent.hsm where listing Kubernetes auth roles in a non-root namespace via the web UI returns 404, while the same operation works via CLI and API with X-Vault-Namespace. Other users confirm regressions in later enterprise versions; fixed in 1.15.1 but appears reintroduced in 1.15.6+ent and 1.14.10+ent.",non-usability,,,,,0.86,"{""associated_component"": ""Hashicorp Vault - Web Client, Hashicorp Vault - Authentication/Authorization (Kubernetes auth), Hashicorp Vault - Namespaces"", ""codes_primary"": ""User reports a bug in Vault 1.15.0+ent.hsm where listing Kubernetes auth roles in a non-root namespace via the web UI returns 404, while the same operation works via CLI and API with X-Vault-Namespace. Other users confirm regressions in later enterprise versions; fixed in 1.15.1 but appears reintroduced in 1.15.6+ent and 1.14.10+ent."", ""usability_non_usability_type"": ""non-usability"", ""associated_component_theme"": [""Web Client"", ""Authentication/Authorization tools"", ""Core""], ""l1_theme"": [""Unexpected behavior"", ""Notification/Logging /Web UI Issues"", ""Integration failure/issues""], ""l1_theme_secondary"": [""Functional Reliability""], ""nielsen_theme"": [], ""confidence"": 0.86}"
63,hashicorp/vault,23941,,"Hashicorp Vault - Web Client, Hashicorp Vault - Key Management Core (secret engine)","User with a specific ACL policy can create, list, and delete KV secret versions via the UI but cannot find how to permanently delete secrets; later discovers the permanent delete action moved to the Metadata tab in newer Vault versions, resolving the confusion.",usability,"Web Client, Key Management Core / Secrets Backend","User confusion / unclear documentation, Notification/Logging /Web UI Issues",Cognitive Friction,"6. Recognition rather than recall, 3. User control and freedom",0.86,"{""associated_component"": ""Hashicorp Vault - Web Client, Hashicorp Vault - Key Management Core (secret engine)"", ""codes_primary"": ""User with a specific ACL policy can create, list, and delete KV secret versions via the UI but cannot find how to permanently delete secrets; later discovers the permanent delete action moved to the Metadata tab in newer Vault versions, resolving the confusion."", ""usability_non_usability_type"": ""usability"", ""associated_component_theme"": [""Web Client"", ""Key Management Core / Secrets Backend""], ""l1_theme"": [""User confusion / unclear documentation"", ""Notification/Logging /Web UI Issues""], ""l1_theme_secondary"": [""Cognitive Friction""], ""nielsen_theme"": [""6. Recognition rather than recall"", ""3. User control and freedom""], ""confidence"": 0.86}"
64,hashicorp/vault,24039,,"Vault core, API","User reports that the AppRole Secret ID Accessor (and possibly other) endpoints return error information in a different JSON structure than most Vault API endpoints, breaking consistency of error responses. They request that error responses be standardized across the API, but maintainers decline due to backward-compatibility/API versioning concerns.",usability,"Core, API","Missing feature / enhancement request, Notification/Logging /Web UI Issues","Operational Friction, Cognitive Friction","4. Consistency and standards, '9. Help users recognize, diagnose, and recover from errors']",0.86,"{""associated_component"": ""Vault core, API"", ""codes_primary"": ""User reports that the AppRole Secret ID Accessor (and possibly other) endpoints return error information in a different JSON structure than most Vault API endpoints, breaking consistency of error responses. They request that error responses be standardized across the API, but maintainers decline due to backward-compatibility/API versioning concerns."", ""usability_non_usability_type"": ""usability"", ""associated_component_theme"": [""Core"", ""API""], ""l1_theme"": [""Missing feature / enhancement request"", ""Notification/Logging /Web UI Issues""], ""l1_theme_secondary"": [""Operational Friction"", ""Cognitive Friction""], ""nielsen_theme"": [""4. Consistency and standards"", ""9. Help users recognize, diagnose, and recover from errors""], ""confidence"": 0.86}"
65,hashicorp/vault,24255,,"Hashicorp Vault core, API","User requests improved error messages when restoring a large (30GB) snapshot: Vault repeatedly reports only 'failed to read request body' when the real cause is exceeding http_read_timeout. They want the error to indicate the underlying reason (e.g., timeout vs read error).",usability,"Notification/Logging, API, Core","Missing feature / enhancement request, Notification/Logging /Web UI Issues","Operational Friction, Cognitive Friction","1. Visibility of system status, 5. Error prevention, '9. Help users recognize, diagnose, and recover from errors']",0.9,"{""associated_component"": ""Hashicorp Vault core, API"", ""codes_primary"": ""User requests improved error messages when restoring a large (30GB) snapshot: Vault repeatedly reports only 'failed to read request body' when the real cause is exceeding http_read_timeout. They want the error to indicate the underlying reason (e.g., timeout vs read error)."", ""usability_non_usability_type"": ""usability"", ""associated_component_theme"": [""Notification/Logging"", ""API"", ""Core""], ""l1_theme"": [""Missing feature / enhancement request"", ""Notification/Logging /Web UI Issues""], ""l1_theme_secondary"": [""Operational Friction"", ""Cognitive Friction""], ""nielsen_theme"": [""1. Visibility of system status"", ""5. Error prevention"", ""9. Help users recognize, diagnose, and recover from errors""], ""confidence"": 0.9}"
66,hashicorp/vault,24269,,Hashicorp Vault core,"Feature request: Alibaba Cloud’s legacy alicloudkms provider used for Vault auto-unseal is deprecated/retired, blocking new Vault users on Alibaba Cloud. Reporter requests a new Dedicated KMS-based seal wrapper (e.g., aliclouddkms) and asks if a community contribution would be accepted.",usability,"Core, Key Management Core / Secrets Backend","Missing feature / enhancement request, Integration failure/issues","Operational Friction, Functional Gap",7. Flexibility and efficiency of use,0.86,"{""associated_component"": ""Hashicorp Vault core"", ""codes_primary"": ""Feature request: Alibaba Cloud’s legacy alicloudkms provider used for Vault auto-unseal is deprecated/retired, blocking new Vault users on Alibaba Cloud. Reporter requests a new Dedicated KMS-based seal wrapper (e.g., aliclouddkms) and asks if a community contribution would be accepted."", ""usability_non_usability_type"": ""usability"", ""associated_component_theme"": [""Core"", ""Key Management Core / Secrets Backend""], ""l1_theme"": [""Missing feature / enhancement request"", ""Integration failure/issues""], ""l1_theme_secondary"": [""Operational Friction"", ""Functional Gap""], ""nielsen_theme"": [""7. Flexibility and efficiency of use""], ""confidence"": 0.86}"
67,hashicorp/vault,24604,,"Hashicorp Vault core, Hashicorp Vault Helm chart","User reports that when using Vault 1.12.1 with Raft storage on Kubernetes via the Vault Helm chart, disabling publishNotReadyAddresses prevents new pods from joining the cluster: leader cannot resolve the new pod’s DNS, unseal fails with 500 and crypto/aes invalid key size errors. They expect Vault to handle node communication without relying on not-ready service endpoints so they can safely scale and perform disaster recovery.",non-usability,,,,,0.86,"{""associated_component"": ""Hashicorp Vault core, Hashicorp Vault Helm chart"", ""codes_primary"": ""User reports that when using Vault 1.12.1 with Raft storage on Kubernetes via the Vault Helm chart, disabling publishNotReadyAddresses prevents new pods from joining the cluster: leader cannot resolve the new pod’s DNS, unseal fails with 500 and crypto/aes invalid key size errors. They expect Vault to handle node communication without relying on not-ready service endpoints so they can safely scale and perform disaster recovery."", ""usability_non_usability_type"": ""non-usability"", ""associated_component_theme"": [""Core"", ""Policy/configuration""], ""l1_theme"": [""Unexpected behavior"", ""Integration failure/issues"", ""Configuration friction""], ""l1_theme_secondary"": [""Functional Reliability"", ""Operational Friction""], ""nielsen_theme"": [], ""confidence"": 0.86}"
68,hashicorp/vault,24617,,"Hashicorp Vault core, Authentication (Kubernetes auth), Storage backend","User running Vault with MySQL storage and Kubernetes auth sidecar integration reports that every few minutes Vault logs database timeouts while restoring auth/kubernetes/login leases, causing the Vault service to restart and seal. They ask how to reduce the large number of Kubernetes login leases and keep the service usable.",non-usability,,,,,0.86,"{""associated_component"": ""Hashicorp Vault core, Authentication (Kubernetes auth), Storage backend"", ""codes_primary"": ""User running Vault with MySQL storage and Kubernetes auth sidecar integration reports that every few minutes Vault logs database timeouts while restoring auth/kubernetes/login leases, causing the Vault service to restart and seal. They ask how to reduce the large number of Kubernetes login leases and keep the service usable."", ""usability_non_usability_type"": ""non-usability"", ""associated_component_theme"": [""Core"", ""Authentication/Authorization tools"", ""Key Management Core / Secrets Backend""], ""l1_theme"": [""Unexpected behavior"", ""Integration failure/issues"", ""Performance issue""], ""l1_theme_secondary"": [""Functional Reliability"", ""Operational Friction""], ""nielsen_theme"": [], ""confidence"": 0.86}"
69,hashicorp/vault,24725,,"Hashicorp Vault core, CLI tooling","User reports a bug in Vault proxy/agent auto_auth HCL parsing: when sinks are defined inside an outer `sinks` block, the `aad_env_var` field is never processed because `parseSinks` filters only on `sink`, causing encrypted payloads with AAD to fail decryption despite following documented configuration formats.",non-usability,,,,,0.9,"{""associated_component"": ""Hashicorp Vault core, CLI tooling"", ""codes_primary"": ""User reports a bug in Vault proxy/agent auto_auth HCL parsing: when sinks are defined inside an outer `sinks` block, the `aad_env_var` field is never processed because `parseSinks` filters only on `sink`, causing encrypted payloads with AAD to fail decryption despite following documented configuration formats."", ""usability_non_usability_type"": ""non-usability"", ""associated_component_theme"": [""Core"", ""CLI tooling""], ""l1_theme"": [""Unexpected behavior""], ""l1_theme_secondary"": [""Functional Reliability""], ""nielsen_theme"": [], ""confidence"": 0.9}"
70,hashicorp/vault,24853,,"hashicorp vault core, Authentication/Authorization","Feature request to remove the uniqueness constraint on (entity, mount_accessor) for identity aliases so that multiple authentication identities (e.g., Kerberos principals from different realms) can map to the same authorization entity, avoiding duplicate entities, audit complexity, and inflated license usage.",usability,"Authentication/Authorization tools, Core","Missing feature / enhancement request, Authentication friction, Tedious Workflows","Operational Friction, Functional Gap","7. Flexibility and efficiency of use, 5. Error prevention",0.86,"{""associated_component"": ""hashicorp vault core, Authentication/Authorization"", ""codes_primary"": ""Feature request to remove the uniqueness constraint on (entity, mount_accessor) for identity aliases so that multiple authentication identities (e.g., Kerberos principals from different realms) can map to the same authorization entity, avoiding duplicate entities, audit complexity, and inflated license usage."", ""usability_non_usability_type"": ""usability"", ""associated_component_theme"": [""Authentication/Authorization tools"", ""Core""], ""l1_theme"": [""Missing feature / enhancement request"", ""Authentication friction"", ""Tedious Workflows""], ""l1_theme_secondary"": [""Operational Friction"", ""Functional Gap""], ""nielsen_theme"": [""7. Flexibility and efficiency of use"", ""5. Error prevention""], ""confidence"": 0.86}"
71,hashicorp/vault,24956,,Hashicorp Vault - Authentication/Authorization,"User submits a feature request for a new Vault auth method that integrates with Tailscale application capabilities, allowing Vault roles to be mapped to Tailscale ACLs and identities verified via local tailscaled whois, to avoid per-device IP whitelisting and reduce authentication friction.",usability,"Authentication/Authorization tools, Core","Missing feature / enhancement request, Authentication friction, Tedious Workflows","Operational Friction, Functional Gap",7. Flexibility and efficiency of use,0.86,"{""associated_component"": ""Hashicorp Vault - Authentication/Authorization"", ""codes_primary"": ""User submits a feature request for a new Vault auth method that integrates with Tailscale application capabilities, allowing Vault roles to be mapped to Tailscale ACLs and identities verified via local tailscaled whois, to avoid per-device IP whitelisting and reduce authentication friction."", ""usability_non_usability_type"": ""usability"", ""associated_component_theme"": [""Authentication/Authorization tools"", ""Core""], ""l1_theme"": [""Missing feature / enhancement request"", ""Authentication friction"", ""Tedious Workflows""], ""l1_theme_secondary"": [""Operational Friction"", ""Functional Gap""], ""nielsen_theme"": [""7. Flexibility and efficiency of use""], ""confidence"": 0.86}"
72,hashicorp/vault,25506,,Vault CLI,"User reports a bug in the Vault CLI kv undelete command for KV v2 when using the -mount flag with a multi-level mount path: the CLI truncates the mount path, calls the wrong API route, and returns 404, despite a prior fix being merged but not yet released/backported.",non-usability,,,,,0.9,"{""associated_component"": ""Vault CLI"", ""codes_primary"": ""User reports a bug in the Vault CLI kv undelete command for KV v2 when using the -mount flag with a multi-level mount path: the CLI truncates the mount path, calls the wrong API route, and returns 404, despite a prior fix being merged but not yet released/backported."", ""usability_non_usability_type"": ""non-usability"", ""associated_component_theme"": [""CLI tooling"", ""Key Management Core / Secrets Backend""], ""l1_theme"": [""Unexpected behavior""], ""l1_theme_secondary"": [""Functional Reliability""], ""nielsen_theme"": [], ""confidence"": 0.9}"
73,hashicorp/vault,26164,,"Hashicorp Vault core, Authentication (AppRole), CLI","User reports a bug where the user_lockout_duration for AppRole authentication ignores tuned/configured values (2m) and always behaves as the default 10m. They provide clear reproduction steps and config, note that lockout_threshold works, and ask how to inspect/unset lockout settings.",non-usability,,,,,0.9,"{""associated_component"": ""Hashicorp Vault core, Authentication (AppRole), CLI"", ""codes_primary"": ""User reports a bug where the user_lockout_duration for AppRole authentication ignores tuned/configured values (2m) and always behaves as the default 10m. They provide clear reproduction steps and config, note that lockout_threshold works, and ask how to inspect/unset lockout settings."", ""usability_non_usability_type"": ""non-usability"", ""associated_component_theme"": [""Authentication/Authorization tools"", ""CLI tooling"", ""Policy/configuration"", ""Core""], ""l1_theme"": [""Unexpected behavior""], ""l1_theme_secondary"": [""Functional Reliability""], ""nielsen_theme"": [], ""confidence"": 0.9}"
74,hashicorp/vault,26180,,"Hashicorp Vault core, API","User reports that calling GET /v1/sys/mounts/<mount> with a root token on Vault 1.9.2 always returns 405 unsupported operation, despite documentation indicating it should work; GET /v1/sys/mounts/<mount>/tune works. Later comments reveal Terraform provider v4 changed paths, causing the 405 until the provider version was pinned < 4.0.",usability,"Core, API","Integration failure/issues, User confusion / unclear documentation","Operational Friction, Cognitive Friction","2. Match between system and the real world, 5. Error prevention, '9. Help users recognize, diagnose, and recover from errors', 10. Help and documentation",0.86,"{""associated_component"": ""Hashicorp Vault core, API"", ""codes_primary"": ""User reports that calling GET /v1/sys/mounts/<mount> with a root token on Vault 1.9.2 always returns 405 unsupported operation, despite documentation indicating it should work; GET /v1/sys/mounts/<mount>/tune works. Later comments reveal Terraform provider v4 changed paths, causing the 405 until the provider version was pinned < 4.0."", ""usability_non_usability_type"": ""usability"", ""associated_component_theme"": [""Core"", ""API""], ""l1_theme"": [""Integration failure/issues"", ""User confusion / unclear documentation""], ""l1_theme_secondary"": [""Operational Friction"", ""Cognitive Friction""], ""nielsen_theme"": [""2. Match between system and the real world"", ""5. Error prevention"", ""9. Help users recognize, diagnose, and recover from errors"", ""10. Help and documentation""], ""confidence"": 0.86}"
75,hashicorp/vault,27343,,"Hashicorp Vault core - Authentication (JWT auth method), Hashicorp Vault core - Web UI","Reporter using Vault 1.16.3 with JWT auth and GitLab notes that authentication fails when a JWT role has bound_claims but no bound_audiences, even though the JWT satisfies bound_claims. Error did not occur in 1.16.2. Multiple users confirm regression; maintainers clarify new behavior and later revert it in 1.16.5/1.15.11, keeping stricter requirement for 1.17+.",non-usability,,,,,0.9,"{""associated_component"": ""Hashicorp Vault core - Authentication (JWT auth method), Hashicorp Vault core - Web UI"", ""codes_primary"": ""Reporter using Vault 1.16.3 with JWT auth and GitLab notes that authentication fails when a JWT role has bound_claims but no bound_audiences, even though the JWT satisfies bound_claims. Error did not occur in 1.16.2. Multiple users confirm regression; maintainers clarify new behavior and later revert it in 1.16.5/1.15.11, keeping stricter requirement for 1.17+."", ""usability_non_usability_type"": ""non-usability"", ""associated_component_theme"": [""Authentication/Authorization tools"", ""Web Client"", ""Core""], ""l1_theme"": [""Unexpected behavior"", ""Integration failure/issues""], ""l1_theme_secondary"": [""Functional Reliability""], ""nielsen_theme"": [], ""confidence"": 0.9}"
76,hashicorp/vault,27344,,Hashicorp Vault core,"User reports that when adding a second Vault node to a Raft cluster using transit auto-unseal and a restored snapshot from an older cluster, the new node joins the Raft cluster but remains sealed, logging 'stored unseal keys are supported, but none were found', contrary to their expectation that it should unseal automatically.",non-usability,,,,,0.86,"{""associated_component"": ""Hashicorp Vault core"", ""codes_primary"": ""User reports that when adding a second Vault node to a Raft cluster using transit auto-unseal and a restored snapshot from an older cluster, the new node joins the Raft cluster but remains sealed, logging 'stored unseal keys are supported, but none were found', contrary to their expectation that it should unseal automatically."", ""usability_non_usability_type"": ""non-usability"", ""associated_component_theme"": [""Core"", ""Key Management Core / Secrets Backend""], ""l1_theme"": [""Unexpected behavior"", ""Integration failure/issues""], ""l1_theme_secondary"": [""Functional Reliability""], ""nielsen_theme"": [], ""confidence"": 0.86}"
77,hashicorp/vault,27805,,Hashicorp Vault - Key Management Core (secret engine),"User submits a feature request for Vault’s database/snowflake secrets engine to support generating private keys encrypted with a passphrase, to add an extra security control if keys are intercepted, and notes this would require changes in the main Vault SDK.",usability,Key Management Core / Secrets Backend,"Missing feature / enhancement request, Security concerns","Functional Gap, Operational Friction",7. Flexibility and efficiency of use,0.86,"{""associated_component"": ""Hashicorp Vault - Key Management Core (secret engine)"", ""codes_primary"": ""User submits a feature request for Vault’s database/snowflake secrets engine to support generating private keys encrypted with a passphrase, to add an extra security control if keys are intercepted, and notes this would require changes in the main Vault SDK."", ""usability_non_usability_type"": ""usability"", ""associated_component_theme"": [""Key Management Core / Secrets Backend""], ""l1_theme"": [""Missing feature / enhancement request"", ""Security concerns""], ""l1_theme_secondary"": [""Functional Gap"", ""Operational Friction""], ""nielsen_theme"": [""7. Flexibility and efficiency of use""], ""confidence"": 0.86}"
78,hashicorp/vault,27935,,Hashicorp Vault core,"User reports that after Vault’s systemd unit was changed from type=simple to type=notify, failed Vault services leave unreaped dbus-daemon processes and restarting the service just forks more instances, observed with systemd v255.10; suspects incorrect notify/dbus handling and discusses workaround and upstream dependency.",non-usability,,,,,0.86,"{""associated_component"": ""Hashicorp Vault core"", ""codes_primary"": ""User reports that after Vault’s systemd unit was changed from type=simple to type=notify, failed Vault services leave unreaped dbus-daemon processes and restarting the service just forks more instances, observed with systemd v255.10; suspects incorrect notify/dbus handling and discusses workaround and upstream dependency."", ""usability_non_usability_type"": ""non-usability"", ""associated_component_theme"": [""Core""], ""l1_theme"": [""Unexpected behavior"", ""Integration failure/issues"", ""Build/CI/installation/distribution release issues""], ""l1_theme_secondary"": [""Functional Reliability"", ""Operational Friction""], ""nielsen_theme"": [], ""confidence"": 0.86}"
79,hashicorp/vault,28073,,"Hashicorp Vault core, API",User proposes a feature to simplify unsealing a non-HA Vault by storing encrypted unseal key shares on a mobile device and using mobile biometrics/2FA (or FIDO2 passkeys) to decrypt and send them via an API call to Vault’s unseal endpoint.,usability,"Core, API, Authentication/Authorization tools","Missing feature / enhancement request, Tedious Workflows","Operational Friction, Functional Gap","3. User control and freedom, 5. Error prevention, 7. Flexibility and efficiency of use",0.86,"{""associated_component"": ""Hashicorp Vault core, API"", ""codes_primary"": ""User proposes a feature to simplify unsealing a non-HA Vault by storing encrypted unseal key shares on a mobile device and using mobile biometrics/2FA (or FIDO2 passkeys) to decrypt and send them via an API call to Vault’s unseal endpoint."", ""usability_non_usability_type"": ""usability"", ""associated_component_theme"": [""Core"", ""API"", ""Authentication/Authorization tools""], ""l1_theme"": [""Missing feature / enhancement request"", ""Tedious Workflows""], ""l1_theme_secondary"": [""Operational Friction"", ""Functional Gap""], ""nielsen_theme"": [""3. User control and freedom"", ""5. Error prevention"", ""7. Flexibility and efficiency of use""], ""confidence"": 0.86}"
80,hashicorp/vault,28457,,hashicorp vault core,"Third-party provider (Elestio) requests that Vault documentation/README include a link and description of their managed Vault deployment offering, also mentioning potential revenue-share partnership. HashiCorp maintainer declines because they cannot accept links to external sites.",non-usability,,,,,0.86,"{""associated_component"": ""hashicorp vault core"", ""codes_primary"": ""Third-party provider (Elestio) requests that Vault documentation/README include a link and description of their managed Vault deployment offering, also mentioning potential revenue-share partnership. HashiCorp maintainer declines because they cannot accept links to external sites."", ""usability_non_usability_type"": ""non-usability"", ""associated_component_theme"": [""Core""], ""l1_theme"": [""Missing feature / enhancement request""], ""l1_theme_secondary"": [""Functional Gap""], ""nielsen_theme"": [], ""confidence"": 0.86}"
81,hashicorp/vault,28738,,"Hashicorp Vault core, Key Management Core / Secrets Backend","User reports a suspected bug in Vault database secrets engine where dynamic database credentials with very long mount/role TTLs (e.g., 72000h+) are being revoked after ~32 days, triggering revocation statements (NOLOGIN) despite leases and DB user expiry showing far-future dates; cannot reproduce elsewhere and is seeking explanation.",non-usability,,,,,0.86,"{""associated_component"": ""Hashicorp Vault core, Key Management Core / Secrets Backend"", ""codes_primary"": ""User reports a suspected bug in Vault database secrets engine where dynamic database credentials with very long mount/role TTLs (e.g., 72000h+) are being revoked after ~32 days, triggering revocation statements (NOLOGIN) despite leases and DB user expiry showing far-future dates; cannot reproduce elsewhere and is seeking explanation."", ""usability_non_usability_type"": ""non-usability"", ""associated_component_theme"": [""Core"", ""Key Management Core / Secrets Backend""], ""l1_theme"": [""Unexpected behavior""], ""l1_theme_secondary"": [""Functional Reliability""], ""nielsen_theme"": [], ""confidence"": 0.86}"
82,hashicorp/vault,28792,,"hashicorp vault core, API, CLI","Bug report: starting in Vault 1.17.x, multi-error responses for permission/auth failures are returned as a single newline-delimited string inside the JSON errors array instead of separate items, breaking existing automation that parses discrete error messages from the API and CLI.",usability,"Core, API, CLI tooling, Notification/Logging","Unexpected behavior, Notification/Logging /Web UI Issues","Operational Friction, Functional Reliability","2. Match between system and the real world, 4. Consistency and standards, 7. Flexibility and efficiency of use, '9. Help users recognize, diagnose, and recover from errors']",0.86,"{""associated_component"": ""hashicorp vault core, API, CLI"", ""codes_primary"": ""Bug report: starting in Vault 1.17.x, multi-error responses for permission/auth failures are returned as a single newline-delimited string inside the JSON errors array instead of separate items, breaking existing automation that parses discrete error messages from the API and CLI."", ""usability_non_usability_type"": ""usability"", ""associated_component_theme"": [""Core"", ""API"", ""CLI tooling"", ""Notification/Logging""], ""l1_theme"": [""Unexpected behavior"", ""Notification/Logging /Web UI Issues""], ""l1_theme_secondary"": [""Operational Friction"", ""Functional Reliability""], ""nielsen_theme"": [""2. Match between system and the real world"", ""4. Consistency and standards"", ""7. Flexibility and efficiency of use"", ""9. Help users recognize, diagnose, and recover from errors""], ""confidence"": 0.86}"
83,hashicorp/vault,28993,,"Hashicorp Vault - Web Client, Hashicorp Vault - Authentication/Authorization, Hashicorp Vault - Key Management Core (secret engine)","User logging in via OIDC to the Vault UI finds it tedious to manually type secret paths because their policy lacks list capability; they request a way to default to a path or list only the paths they are authorized for, but maintainers explain list APIs cannot be policy-filtered.",usability,"Web Client, Authentication/Authorization tools, Key Management Core / Secrets Backend, Policy/configuration","Missing feature / enhancement request, Tedious Workflows, Notification/Logging /Web UI Issues, Configuration friction","Operational Friction, Cognitive Friction, Functional Gap","6. Recognition rather than recall, 7. Flexibility and efficiency of use, 3. User control and freedom",0.86,"{""associated_component"": ""Hashicorp Vault - Web Client, Hashicorp Vault - Authentication/Authorization, Hashicorp Vault - Key Management Core (secret engine)"", ""codes_primary"": ""User logging in via OIDC to the Vault UI finds it tedious to manually type secret paths because their policy lacks list capability; they request a way to default to a path or list only the paths they are authorized for, but maintainers explain list APIs cannot be policy-filtered."", ""usability_non_usability_type"": ""usability"", ""associated_component_theme"": [""Web Client"", ""Authentication/Authorization tools"", ""Key Management Core / Secrets Backend"", ""Policy/configuration""], ""l1_theme"": [""Missing feature / enhancement request"", ""Tedious Workflows"", ""Notification/Logging /Web UI Issues"", ""Configuration friction""], ""l1_theme_secondary"": [""Operational Friction"", ""Cognitive Friction"", ""Functional Gap""], ""nielsen_theme"": [""6. Recognition rather than recall"", ""7. Flexibility and efficiency of use"", ""3. User control and freedom""], ""confidence"": 0.86}"
84,hashicorp/vault,29033,,"Hashicorp Vault core, Notification/Logging","Operator reports a Vault Raft cluster where the leader’s disk filled (due to audit/logging), making the leader unresponsive. Followers still see it as healthy, logins fail with 500, and operator step-down is forwarded to the dead leader. They killed the EC2 instance to recover and ask how Vault detects/handles such failures, why operator actions must go through the leader, and whether audit-induced bricking can be disabled.",usability,"Core, Notification/Logging","Missing feature / enhancement request, Unexpected behavior, Notification/Logging /Web UI Issues","Operational Friction, Functional Reliability","1. Visibility of system status, 3. User control and freedom, 5. Error prevention, '9. Help users recognize, diagnose, and recover from errors']",0.86,"{""associated_component"": ""Hashicorp Vault core, Notification/Logging"", ""codes_primary"": ""Operator reports a Vault Raft cluster where the leader’s disk filled (due to audit/logging), making the leader unresponsive. Followers still see it as healthy, logins fail with 500, and operator step-down is forwarded to the dead leader. They killed the EC2 instance to recover and ask how Vault detects/handles such failures, why operator actions must go through the leader, and whether audit-induced bricking can be disabled."", ""usability_non_usability_type"": ""usability"", ""associated_component_theme"": [""Core"", ""Notification/Logging""], ""l1_theme"": [""Missing feature / enhancement request"", ""Unexpected behavior"", ""Notification/Logging /Web UI Issues""], ""l1_theme_secondary"": [""Operational Friction"", ""Functional Reliability""], ""nielsen_theme"": [""1. Visibility of system status"", ""3. User control and freedom"", ""5. Error prevention"", ""9. Help users recognize, diagnose, and recover from errors""], ""confidence"": 0.86}"
85,hashicorp/vault,29099,,"Hashicorp Vault core, CLI tooling, Web Client, Notification/Logging","User reports that after following Vault docs and community guidance to migrate from HTTP to HTTPS with AWS KMS auto-unseal on Ubuntu EC2, Vault fails to start and CLI commands get connection refused. Root cause is TLS cert file ownership and VAULT_ADDR mismatch; user requests clearer HTTPS docs and non-silent logging of permission errors.",usability,"Core, CLI tooling, Web Client, Notification/Logging","Configuration friction, User confusion / unclear documentation, Notification/Logging /Web UI Issues","Operational Friction, Cognitive Friction","1. Visibility of system status, 5. Error prevention, '9. Help users recognize, diagnose, and recover from errors', 10. Help and documentation",0.86,"{""associated_component"": ""Hashicorp Vault core, CLI tooling, Web Client, Notification/Logging"", ""codes_primary"": ""User reports that after following Vault docs and community guidance to migrate from HTTP to HTTPS with AWS KMS auto-unseal on Ubuntu EC2, Vault fails to start and CLI commands get connection refused. Root cause is TLS cert file ownership and VAULT_ADDR mismatch; user requests clearer HTTPS docs and non-silent logging of permission errors."", ""usability_non_usability_type"": ""usability"", ""associated_component_theme"": [""Core"", ""CLI tooling"", ""Web Client"", ""Notification/Logging""], ""l1_theme"": [""Configuration friction"", ""User confusion / unclear documentation"", ""Notification/Logging /Web UI Issues""], ""l1_theme_secondary"": [""Operational Friction"", ""Cognitive Friction""], ""nielsen_theme"": [""1. Visibility of system status"", ""5. Error prevention"", ""9. Help users recognize, diagnose, and recover from errors"", ""10. Help and documentation""], ""confidence"": 0.86}"
86,hashicorp/vault,29101,,Hashicorp Vault - Web Client,"User requests a more user-friendly namespace navigation in the Vault Enterprise web UI. Currently they must click multiple tiny back buttons in a small bottom-left window, while the main sidebar is unused; they want a persistent, clickable namespace list in the left sidebar for one-click switching.",usability,Web Client,"Missing feature / enhancement request, Notification/Logging /Web UI Issues, Tedious Workflows","Operational Friction, Functional Gap","3. User control and freedom, 6. Recognition rather than recall, 7. Flexibility and efficiency of use, 8. Aesthetic and minimalist design",0.9,"{""associated_component"": ""Hashicorp Vault - Web Client"", ""codes_primary"": ""User requests a more user-friendly namespace navigation in the Vault Enterprise web UI. Currently they must click multiple tiny back buttons in a small bottom-left window, while the main sidebar is unused; they want a persistent, clickable namespace list in the left sidebar for one-click switching."", ""usability_non_usability_type"": ""usability"", ""associated_component_theme"": [""Web Client""], ""l1_theme"": [""Missing feature / enhancement request"", ""Notification/Logging /Web UI Issues"", ""Tedious Workflows""], ""l1_theme_secondary"": [""Operational Friction"", ""Functional Gap""], ""nielsen_theme"": [""3. User control and freedom"", ""6. Recognition rather than recall"", ""7. Flexibility and efficiency of use"", ""8. Aesthetic and minimalist design""], ""confidence"": 0.9}"
87,hashicorp/vault,29179,,Vault core,"User reports Vault Agent in pods on AWS EKS Spot instances intermittently timing out when authenticating to Vault via Kubernetes auth after introducing network policies, with repeated i/o timeout errors to the Vault service; maintainer concludes this is an environmental/network policy issue and closes the report.",non-usability,,,,,0.86,"{""associated_component"": ""Vault core"", ""codes_primary"": ""User reports Vault Agent in pods on AWS EKS Spot instances intermittently timing out when authenticating to Vault via Kubernetes auth after introducing network policies, with repeated i/o timeout errors to the Vault service; maintainer concludes this is an environmental/network policy issue and closes the report."", ""usability_non_usability_type"": ""non-usability"", ""associated_component_theme"": [""Core""], ""l1_theme"": [""Integration failure/issues""], ""l1_theme_secondary"": [""Functional Reliability""], ""nielsen_theme"": [], ""confidence"": 0.86}"
88,hashicorp/vault,29287,,"Hashicorp Vault - Key Management Core (secret engine), Hashicorp Vault - Authentication/Authorization","User asks whether Vault KV v2 supports conditional, metadata-based access control (e.g., policies that filter secrets by metadata like team) to avoid duplicating secrets across paths. They note required_parameters is not compatible with KV v2 and seek any existing feature or workaround (e.g., tag-based policies).",usability,"Key Management Core / Secrets Backend, Authentication/Authorization tools, Policy/configuration","User confusion / unclear documentation, Missing feature / enhancement request, Tedious Workflows","Cognitive Friction, Functional Gap, Operational Friction","7. Flexibility and efficiency of use, 10. Help and documentation",0.86,"{""associated_component"": ""Hashicorp Vault - Key Management Core (secret engine), Hashicorp Vault - Authentication/Authorization"", ""codes_primary"": ""User asks whether Vault KV v2 supports conditional, metadata-based access control (e.g., policies that filter secrets by metadata like team) to avoid duplicating secrets across paths. They note required_parameters is not compatible with KV v2 and seek any existing feature or workaround (e.g., tag-based policies)."", ""usability_non_usability_type"": ""usability"", ""associated_component_theme"": [""Key Management Core / Secrets Backend"", ""Authentication/Authorization tools"", ""Policy/configuration""], ""l1_theme"": [""User confusion / unclear documentation"", ""Missing feature / enhancement request"", ""Tedious Workflows""], ""l1_theme_secondary"": [""Cognitive Friction"", ""Functional Gap"", ""Operational Friction""], ""nielsen_theme"": [""7. Flexibility and efficiency of use"", ""10. Help and documentation""], ""confidence"": 0.86}"
89,hashicorp/vault,29362,,"Hashicorp Vault - Key Management Core (secret engine), Hashicorp Vault - API","User reports that when generating a root certificate via the PKI secret engine (`/pki/root/generate/exported`) and specifying `key_usage=""DigitalSignature""`, the resulting certificate omits the DigitalSignature key usage. They confirm reproducible behavior, note docs indicate this should work, and compare with OpenSSL behavior.",non-usability,,,,,0.86,"{""associated_component"": ""Hashicorp Vault - Key Management Core (secret engine), Hashicorp Vault - API"", ""codes_primary"": ""User reports that when generating a root certificate via the PKI secret engine (`/pki/root/generate/exported`) and specifying `key_usage=\""DigitalSignature\""`, the resulting certificate omits the DigitalSignature key usage. They confirm reproducible behavior, note docs indicate this should work, and compare with OpenSSL behavior."", ""usability_non_usability_type"": ""non-usability"", ""associated_component_theme"": [""Key Management Core / Secrets Backend"", ""API""], ""l1_theme"": [""Unexpected behavior""], ""l1_theme_secondary"": [""Functional Reliability""], ""nielsen_theme"": [], ""confidence"": 0.86}"
90,hashicorp/vault,29417,,Vault CLI,"User reports that Vault CLI token helper commands are executed via a shell, so bash startup behavior (e.g., sourcing ~/.bashrc over SSH and resetting VAULT_ADDR) can override the intended -address/env value, causing the wrong token to be returned. Requests executing token helpers directly without involving the shell and plans to submit a PR.",usability,"CLI tooling, Authentication/Authorization tools","Unexpected behavior, Authentication friction, Configuration friction","Operational Friction, Functional Reliability","3. User control and freedom, 5. Error prevention, 7. Flexibility and efficiency of use",0.86,"{""associated_component"": ""Vault CLI"", ""codes_primary"": ""User reports that Vault CLI token helper commands are executed via a shell, so bash startup behavior (e.g., sourcing ~/.bashrc over SSH and resetting VAULT_ADDR) can override the intended -address/env value, causing the wrong token to be returned. Requests executing token helpers directly without involving the shell and plans to submit a PR."", ""usability_non_usability_type"": ""usability"", ""associated_component_theme"": [""CLI tooling"", ""Authentication/Authorization tools""], ""l1_theme"": [""Unexpected behavior"", ""Authentication friction"", ""Configuration friction""], ""l1_theme_secondary"": [""Operational Friction"", ""Functional Reliability""], ""nielsen_theme"": [""3. User control and freedom"", ""5. Error prevention"", ""7. Flexibility and efficiency of use""], ""confidence"": 0.86}"
91,hashicorp/vault,29928,,"Hashicorp Vault - Key Management Core (secret engine), Hashicorp Vault - API, Hashicorp Vault - CLI","User reports that the PKI sign/pki/{role} endpoint allows issuing certificates whose not_after exceeds the role’s max_ttl when not_after is specified, unlike when ttl is used. They suspect a missing max_ttl check in the not_after code path and question intended behavior/documentation.",non-usability,,,,,0.86,"{""associated_component"": ""Hashicorp Vault - Key Management Core (secret engine), Hashicorp Vault - API, Hashicorp Vault - CLI"", ""codes_primary"": ""User reports that the PKI sign/pki/{role} endpoint allows issuing certificates whose not_after exceeds the role’s max_ttl when not_after is specified, unlike when ttl is used. They suspect a missing max_ttl check in the not_after code path and question intended behavior/documentation."", ""usability_non_usability_type"": ""non-usability"", ""associated_component_theme"": [""Key Management Core / Secrets Backend"", ""API"", ""CLI tooling""], ""l1_theme"": [""Unexpected behavior""], ""l1_theme_secondary"": [""Functional Reliability""], ""nielsen_theme"": [], ""confidence"": 0.86}"
92,hashicorp/vault,30362,,"Hashicorp Vault - Key Management Core (secret engine), API","User requests an enhancement to Vault PKI roles to enforce that SANs contain only hostnames within allowed domains (e.g., CN=host.foobar.com, SAN=host.foobar.com and host), to support automated certificate generation via Ansible while preventing issuance for arbitrary names.",usability,"Key Management Core / Secrets Backend, API","Missing feature / enhancement request, Security concerns, Configuration friction","Functional Gap, Operational Friction","5. Error prevention, 7. Flexibility and efficiency of use",0.86,"{""associated_component"": ""Hashicorp Vault - Key Management Core (secret engine), API"", ""codes_primary"": ""User requests an enhancement to Vault PKI roles to enforce that SANs contain only hostnames within allowed domains (e.g., CN=host.foobar.com, SAN=host.foobar.com and host), to support automated certificate generation via Ansible while preventing issuance for arbitrary names."", ""usability_non_usability_type"": ""usability"", ""associated_component_theme"": [""Key Management Core / Secrets Backend"", ""API""], ""l1_theme"": [""Missing feature / enhancement request"", ""Security concerns"", ""Configuration friction""], ""l1_theme_secondary"": [""Functional Gap"", ""Operational Friction""], ""nielsen_theme"": [""5. Error prevention"", ""7. Flexibility and efficiency of use""], ""confidence"": 0.86}"
93,hashicorp/vault,30858,,Hashicorp Vault core,"User reports that Vault TCP listener TLS documentation is unclear/outdated about configuring TLS 1.2 cipher suites while keeping TLS 1.3 enabled, and provides a working example configuration that removes SHA ciphers for TLS 1.2 on Vault 1.16.0.",usability,"Policy/configuration, Core","User confusion / unclear documentation, Configuration friction","Cognitive Friction, Operational Friction","10. Help and documentation, 2. Match between system and the real world",0.86,"{""associated_component"": ""Hashicorp Vault core"", ""codes_primary"": ""User reports that Vault TCP listener TLS documentation is unclear/outdated about configuring TLS 1.2 cipher suites while keeping TLS 1.3 enabled, and provides a working example configuration that removes SHA ciphers for TLS 1.2 on Vault 1.16.0."", ""usability_non_usability_type"": ""usability"", ""associated_component_theme"": [""Policy/configuration"", ""Core""], ""l1_theme"": [""User confusion / unclear documentation"", ""Configuration friction""], ""l1_theme_secondary"": [""Cognitive Friction"", ""Operational Friction""], ""nielsen_theme"": [""10. Help and documentation"", ""2. Match between system and the real world""], ""confidence"": 0.86}"
94,hashicorp/vault,31343,,Vault core,"User submits a feature request to support cloud auto-unseal with IBM Cloud (IBM Cloud native solutions) in addition to existing providers (Azure, AWS, GCP). Current workaround uses Transit secrets engine to an AWS Vault, but they prefer native IBM Cloud integration, especially given HashiCorp’s IBM ownership.",non-usability,,,,,0.9,"{""associated_component"": ""Vault core"", ""codes_primary"": ""User submits a feature request to support cloud auto-unseal with IBM Cloud (IBM Cloud native solutions) in addition to existing providers (Azure, AWS, GCP). Current workaround uses Transit secrets engine to an AWS Vault, but they prefer native IBM Cloud integration, especially given HashiCorp’s IBM ownership."", ""usability_non_usability_type"": ""non-usability"", ""associated_component_theme"": [""Core""], ""l1_theme"": [""Missing feature / enhancement request""], ""l1_theme_secondary"": [""Functional Gap""], ""nielsen_theme"": [], ""confidence"": 0.9}"
95,hashicorp/vault,31372,,Hashicorp Vault core,"Bug report: Vault clusters using AWS auto-join fail to start in region me-central-1 because go-discover now uses the AWS dualstack EC2 API, but that endpoint does not exist in this region, causing DNS resolution failure and preventing raft retry_join from working.",non-usability,,,,,0.86,"{""associated_component"": ""Hashicorp Vault core"", ""codes_primary"": ""Bug report: Vault clusters using AWS auto-join fail to start in region me-central-1 because go-discover now uses the AWS dualstack EC2 API, but that endpoint does not exist in this region, causing DNS resolution failure and preventing raft retry_join from working."", ""usability_non_usability_type"": ""non-usability"", ""associated_component_theme"": [""Core"", ""API""], ""l1_theme"": [""Unexpected behavior"", ""Integration failure/issues""], ""l1_theme_secondary"": [""Functional Reliability""], ""nielsen_theme"": [], ""confidence"": 0.86}"
96,hashicorp/vault,31615,,CLI tooling,User reports that `vault operator diagnose` incorrectly flags an incomplete Stackdriver telemetry configuration when only dogstatsd telemetry is configured (no Stackdriver keys present). This is a reproducible bug in the diagnose command’s validation logic; reporter has a code fix ready to submit.,non-usability,,,,,0.93,"{""associated_component"": ""CLI tooling"", ""codes_primary"": ""User reports that `vault operator diagnose` incorrectly flags an incomplete Stackdriver telemetry configuration when only dogstatsd telemetry is configured (no Stackdriver keys present). This is a reproducible bug in the diagnose command’s validation logic; reporter has a code fix ready to submit."", ""usability_non_usability_type"": ""non-usability"", ""associated_component_theme"": [""CLI tooling""], ""l1_theme"": [""Unexpected behavior""], ""l1_theme_secondary"": [""Functional Reliability""], ""nielsen_theme"": [], ""confidence"": 0.93}"
97,hashicorp/vault,31621,,"hashicorp vault core, API","User reports that the framework.TypeKVPairs helper, despite documentation stating it creates a map from one or more key/value pairs, only splits on the first '=' and thus cannot parse multiple pairs in a string like ""A=a,B=b,C=c""; behavior is treated as a bug.",non-usability,,,,,0.86,"{""associated_component"": ""hashicorp vault core, API"", ""codes_primary"": ""User reports that the framework.TypeKVPairs helper, despite documentation stating it creates a map from one or more key/value pairs, only splits on the first '=' and thus cannot parse multiple pairs in a string like \""A=a,B=b,C=c\""; behavior is treated as a bug."", ""usability_non_usability_type"": ""non-usability"", ""associated_component_theme"": [""Core"", ""API""], ""l1_theme"": [""Unexpected behavior""], ""l1_theme_secondary"": [""Functional Reliability""], ""nielsen_theme"": [], ""confidence"": 0.86}"
98,notaryproject/notation,211,,notation CLI,"User reports that `notation sign` 0.7.1-alpha.1 cannot authenticate to a CNCF ORAS registry using basic auth `-u/-p` flags that work with the `oras` CLI, resulting in 401 Unauthorized; maintainers trace this to dependency/UX issues and plan to update notation’s handling.",usability,"CLI tooling, Authentication/Authorization tools, Signing workflow","Authentication friction, Unexpected behavior, Integration failure/issues","Operational Friction, Functional Reliability","4. Consistency and standards, 5. Error prevention, '9. Help users recognize, diagnose, and recover from errors']",0.86,"{""associated_component"": ""notation CLI"", ""codes_primary"": ""User reports that `notation sign` 0.7.1-alpha.1 cannot authenticate to a CNCF ORAS registry using basic auth `-u/-p` flags that work with the `oras` CLI, resulting in 401 Unauthorized; maintainers trace this to dependency/UX issues and plan to update notation’s handling."", ""usability_non_usability_type"": ""usability"", ""associated_component_theme"": [""CLI tooling"", ""Authentication/Authorization tools"", ""Signing workflow""], ""l1_theme"": [""Authentication friction"", ""Unexpected behavior"", ""Integration failure/issues""], ""l1_theme_secondary"": [""Operational Friction"", ""Functional Reliability""], ""nielsen_theme"": [""4. Consistency and standards"", ""5. Error prevention"", ""9. Help users recognize, diagnose, and recover from errors""], ""confidence"": 0.86}"
99,notaryproject/notation,233,,"notation core, CLI","Feature request / task to design and implement a new `notation pull` CLI command, including specifying the CLI interface and then adding the implementation.",non-usability,,,,,0.86,"{""associated_component"": ""notation core, CLI"", ""codes_primary"": ""Feature request / task to design and implement a new `notation pull` CLI command, including specifying the CLI interface and then adding the implementation."", ""usability_non_usability_type"": ""non-usability"", ""associated_component_theme"": [""CLI tooling"", ""Core""], ""l1_theme"": [""Missing feature / enhancement request""], ""l1_theme_secondary"": [""Functional Gap""], ""nielsen_theme"": [], ""confidence"": 0.86}"
100,notaryproject/notation,320,,"CLI tooling, Key Management Core / Secrets Backend","User reports that with notation v0.10.0-alpha.3, signing an image using a self-signed certificate stored in Azure Key Vault fails (`notation sign --key $KEY_NAME $IMAGE`) with `azure-kv: x509: malformed certificate`, due to a strict certificate-chain requirement; project later relaxes this and verifies success in a dev build.",usability,"CLI tooling, Key Management Core / Secrets Backend, Signing workflow","Integration failure/issues, Configuration friction, Tedious Workflows","Operational Friction, Cognitive Friction","7. Flexibility and efficiency of use, 5. Error prevention",0.86,"{""associated_component"": ""CLI tooling, Key Management Core / Secrets Backend"", ""codes_primary"": ""User reports that with notation v0.10.0-alpha.3, signing an image using a self-signed certificate stored in Azure Key Vault fails (`notation sign --key $KEY_NAME $IMAGE`) with `azure-kv: x509: malformed certificate`, due to a strict certificate-chain requirement; project later relaxes this and verifies success in a dev build."", ""usability_non_usability_type"": ""usability"", ""associated_component_theme"": [""CLI tooling"", ""Key Management Core / Secrets Backend"", ""Signing workflow""], ""l1_theme"": [""Integration failure/issues"", ""Configuration friction"", ""Tedious Workflows""], ""l1_theme_secondary"": [""Operational Friction"", ""Cognitive Friction""], ""nielsen_theme"": [""7. Flexibility and efficiency of use"", ""5. Error prevention""], ""confidence"": 0.86}"
101,notaryproject/notation,379,,notation CLI core,Internal tracking issue linked to PR #365 to handle speculating signature format for push (from local filesystem) and verify workflows in the notation CLI; resolved by merging the implementation PR into main.,non-usability,,,,,0.78,"{""associated_component"": ""notation CLI core"", ""codes_primary"": ""Internal tracking issue linked to PR #365 to handle speculating signature format for push (from local filesystem) and verify workflows in the notation CLI; resolved by merging the implementation PR into main."", ""usability_non_usability_type"": ""non-usability"", ""associated_component_theme"": [""CLI tooling"", ""Signing workflow"", ""Verification workflow"", ""Core""], ""l1_theme"": [""Missing feature / enhancement request""], ""l1_theme_secondary"": [""Functional Gap""], ""nielsen_theme"": [], ""confidence"": 0.78}"
102,notaryproject/notation,383,,notation CLI,"Feature request to add more straightforward, typical-usage examples to the --help output for all notation CLI commands (sign, verify, key, certificate, plugin) so users can easily understand and reference command-line usage and flags.",usability,CLI tooling,"Missing feature / enhancement request, User confusion / unclear documentation","Cognitive Friction, Functional Gap","6. Recognition rather than recall, 10. Help and documentation",0.93,"{""associated_component"": ""notation CLI"", ""codes_primary"": ""Feature request to add more straightforward, typical-usage examples to the --help output for all notation CLI commands (sign, verify, key, certificate, plugin) so users can easily understand and reference command-line usage and flags."", ""usability_non_usability_type"": ""usability"", ""associated_component_theme"": [""CLI tooling""], ""l1_theme"": [""Missing feature / enhancement request"", ""User confusion / unclear documentation""], ""l1_theme_secondary"": [""Cognitive Friction"", ""Functional Gap""], ""nielsen_theme"": [""6. Recognition rather than recall"", ""10. Help and documentation""], ""confidence"": 0.93}"
103,notaryproject/notation,547,,notation CLI,"User reports that the JSON output of `notation verify` includes a `SkippedByTrustPolicy` result status that is not documented, so developers are unaware of this value beyond `Success`. They request documentation of all result status enums and related output improvements.",usability,"CLI tooling, Verification workflow, Policy/configuration, Notification/Logging","User confusion / unclear documentation, Notification/Logging /Web UI Issues, Missing feature / enhancement request","Cognitive Friction, Functional Gap","1. Visibility of system status, 4. Consistency and standards, 6. Recognition rather than recall, 10. Help and documentation",0.86,"{""associated_component"": ""notation CLI"", ""codes_primary"": ""User reports that the JSON output of `notation verify` includes a `SkippedByTrustPolicy` result status that is not documented, so developers are unaware of this value beyond `Success`. They request documentation of all result status enums and related output improvements."", ""usability_non_usability_type"": ""usability"", ""associated_component_theme"": [""CLI tooling"", ""Verification workflow"", ""Policy/configuration"", ""Notification/Logging""], ""l1_theme"": [""User confusion / unclear documentation"", ""Notification/Logging /Web UI Issues"", ""Missing feature / enhancement request""], ""l1_theme_secondary"": [""Cognitive Friction"", ""Functional Gap""], ""nielsen_theme"": [""1. Visibility of system status"", ""4. Consistency and standards"", ""6. Recognition rather than recall"", ""10. Help and documentation""], ""confidence"": 0.86}"
104,notaryproject/notation,574,,notation CLI,"Feature request: change Notation CLI’s default signature storage from artifact manifests to image manifests to improve portability and UX, since many registries don’t support artifact manifests and users currently must know each registry’s supported manifest type and configure --signature-manifest accordingly.",usability,"CLI tooling, Signing workflow","Missing feature / enhancement request, Configuration friction, Integration failure/issues, Tedious Workflows","Operational Friction, Functional Gap","2. Match between system and the real world, 5. Error prevention, 6. Recognition rather than recall, 7. Flexibility and efficiency of use",0.86,"{""associated_component"": ""notation CLI"", ""codes_primary"": ""Feature request: change Notation CLI’s default signature storage from artifact manifests to image manifests to improve portability and UX, since many registries don’t support artifact manifests and users currently must know each registry’s supported manifest type and configure --signature-manifest accordingly."", ""usability_non_usability_type"": ""usability"", ""associated_component_theme"": [""CLI tooling"", ""Signing workflow""], ""l1_theme"": [""Missing feature / enhancement request"", ""Configuration friction"", ""Integration failure/issues"", ""Tedious Workflows""], ""l1_theme_secondary"": [""Operational Friction"", ""Functional Gap""], ""nielsen_theme"": [""2. Match between system and the real world"", ""5. Error prevention"", ""6. Recognition rather than recall"", ""7. Flexibility and efficiency of use""], ""confidence"": 0.86}"
105,notaryproject/notation,655,,"notation CLI, notation core","Feature request to integrate notation natively into containerd as a plugin, enabling closer-to-runtime image integrity checks. Reporter notes nerdctl already provides integration and links to a related containerd issue as context.",non-usability,,,,,0.86,"{""associated_component"": ""notation CLI, notation core"", ""codes_primary"": ""Feature request to integrate notation natively into containerd as a plugin, enabling closer-to-runtime image integrity checks. Reporter notes nerdctl already provides integration and links to a related containerd issue as context."", ""usability_non_usability_type"": ""non-usability"", ""associated_component_theme"": [""CLI tooling"", ""Core"", ""Signing workflow""], ""l1_theme"": [""Missing feature / enhancement request"", ""Integration failure/issues""], ""l1_theme_secondary"": [""Functional Gap""], ""nielsen_theme"": [""7. Flexibility and efficiency of use""], ""confidence"": 0.86}"
106,notaryproject/notation,659,,"notation core, Notation CLI","Feature request/change proposal to treat support for the OCI Referrers API as an experimental capability in the Notation CLI. Reporter notes current default verification/signing behavior can change with registry support and OCI 1.1 evolution, causing portability, consistency, and user confusion; proposes gating via NOTATION_EXPERIMENTAL and documenting behavior.",usability,"CLI tooling, Core, Signing workflow, Verification workflow","Missing feature / enhancement request, User confusion / unclear documentation, Configuration friction","Operational Friction, Cognitive Friction, Functional Gap","4. Consistency and standards, 5. Error prevention, 7. Flexibility and efficiency of use, 10. Help and documentation",0.86,"{""associated_component"": ""notation core, Notation CLI"", ""codes_primary"": ""Feature request/change proposal to treat support for the OCI Referrers API as an experimental capability in the Notation CLI. Reporter notes current default verification/signing behavior can change with registry support and OCI 1.1 evolution, causing portability, consistency, and user confusion; proposes gating via NOTATION_EXPERIMENTAL and documenting behavior."", ""usability_non_usability_type"": ""usability"", ""associated_component_theme"": [""CLI tooling"", ""Core"", ""Signing workflow"", ""Verification workflow""], ""l1_theme"": [""Missing feature / enhancement request"", ""User confusion / unclear documentation"", ""Configuration friction""], ""l1_theme_secondary"": [""Operational Friction"", ""Cognitive Friction"", ""Functional Gap""], ""nielsen_theme"": [""4. Consistency and standards"", ""5. Error prevention"", ""7. Flexibility and efficiency of use"", ""10. Help and documentation""], ""confidence"": 0.86}"
107,notaryproject/notation,671,,notation core,"Release management issue to gather maintainer approvals and tag commit d850c3f as version v1.0.0-rc.5, with linked changelog and confirmation comment that RC5 has been released.",non-usability,,,,,0.9,"{""associated_component"": ""notation core"", ""codes_primary"": ""Release management issue to gather maintainer approvals and tag commit d850c3f as version v1.0.0-rc.5, with linked changelog and confirmation comment that RC5 has been released."", ""usability_non_usability_type"": ""non-usability"", ""associated_component_theme"": [""Release pipeline""], ""l1_theme"": [""Build/CI/installation/distribution release issues""], ""l1_theme_secondary"": [""Operational Friction""], ""nielsen_theme"": [], ""confidence"": 0.9}"
108,notaryproject/notation,829,,"notation core, CLI","User requests enhancement to notation sign error messages when signing with an expired certificate: include the certificate validity period and more certificate info so users can immediately understand why signing failed, especially when using a default certificate and when it is hard to know which cert/store is being used or which cert is default.",usability,"CLI tooling, Notification/Logging","Missing feature / enhancement request, Notification/Logging /Web UI Issues, Tedious Workflows","Operational Friction, Cognitive Friction, Functional Gap","1. Visibility of system status, 6. Recognition rather than recall, 7. Flexibility and efficiency of use, '9. Help users recognize, diagnose, and recover from errors']",0.9,"{""associated_component"": ""notation core, CLI"", ""codes_primary"": ""User requests enhancement to notation sign error messages when signing with an expired certificate: include the certificate validity period and more certificate info so users can immediately understand why signing failed, especially when using a default certificate and when it is hard to know which cert/store is being used or which cert is default."", ""usability_non_usability_type"": ""usability"", ""associated_component_theme"": [""CLI tooling"", ""Notification/Logging""], ""l1_theme"": [""Missing feature / enhancement request"", ""Notification/Logging /Web UI Issues"", ""Tedious Workflows""], ""l1_theme_secondary"": [""Operational Friction"", ""Cognitive Friction"", ""Functional Gap""], ""nielsen_theme"": [""1. Visibility of system status"", ""6. Recognition rather than recall"", ""7. Flexibility and efficiency of use"", ""9. Help users recognize, diagnose, and recover from errors""], ""confidence"": 0.9}"
109,notaryproject/notation,851,,Core,"Internal tracking issue for a code review comment noting that when authClient.Client is nil, the code mutates http.DefaultClient.Transport globally, which is undesirable and should be avoided; refers to a bug/implementation concern on current main branch.",non-usability,,,,,0.86,"{""associated_component"": ""Core"", ""codes_primary"": ""Internal tracking issue for a code review comment noting that when authClient.Client is nil, the code mutates http.DefaultClient.Transport globally, which is undesirable and should be avoided; refers to a bug/implementation concern on current main branch."", ""usability_non_usability_type"": ""non-usability"", ""associated_component_theme"": [""Core""], ""l1_theme"": [""Unexpected behavior""], ""l1_theme_secondary"": [""Functional Reliability""], ""nielsen_theme"": [], ""confidence"": 0.86}"
110,notaryproject/notation,880,,notation core,"Project maintainers use this tracking issue to plan and coordinate the Notation v1.2.0 release, including target dates, main feature issues (e.g., signing blob, time-stamping, OCI 1.1 support), possible spec updates, and a security audit. No user-facing problem is reported.",non-usability,,,,,0.86,"{""associated_component"": ""notation core"", ""codes_primary"": ""Project maintainers use this tracking issue to plan and coordinate the Notation v1.2.0 release, including target dates, main feature issues (e.g., signing blob, time-stamping, OCI 1.1 support), possible spec updates, and a security audit. No user-facing problem is reported."", ""usability_non_usability_type"": ""non-usability"", ""associated_component_theme"": [""Release pipeline"", ""Core""], ""l1_theme"": [""Build/CI/installation/distribution release issues""], ""l1_theme_secondary"": [""Functional Gap""], ""nielsen_theme"": [], ""confidence"": 0.86}"
111,notaryproject/notation,1012,,Core,Maintainer notes that blob sign/verify related content was not removed from the v1.1.1 specification files and requests a PR against the release-1.1 branch to correct the spec; issue later closed as completed.,non-usability,,,,,0.79,"{""associated_component"": ""Core"", ""codes_primary"": ""Maintainer notes that blob sign/verify related content was not removed from the v1.1.1 specification files and requests a PR against the release-1.1 branch to correct the spec; issue later closed as completed."", ""usability_non_usability_type"": ""non-usability"", ""associated_component_theme"": [""Core""], ""l1_theme"": [""Missing feature / enhancement request""], ""l1_theme_secondary"": [""Functional Gap""], ""nielsen_theme"": [], ""confidence"": 0.79}"
112,notaryproject/notation,1239,,notation core,"User asks whether empty trust store directories created for certificates should be automatically removed after the certificate is deleted, expressing concern about accumulation of many empty folders.",usability,Core,"Missing feature / enhancement request, Tedious Workflows",Operational Friction,"7. Flexibility and efficiency of use, 8. Aesthetic and minimalist design",0.78,"{""associated_component"": ""notation core"", ""codes_primary"": ""User asks whether empty trust store directories created for certificates should be automatically removed after the certificate is deleted, expressing concern about accumulation of many empty folders."", ""usability_non_usability_type"": ""usability"", ""associated_component_theme"": [""Core""], ""l1_theme"": [""Missing feature / enhancement request"", ""Tedious Workflows""], ""l1_theme_secondary"": [""Operational Friction""], ""nielsen_theme"": [""7. Flexibility and efficiency of use"", ""8. Aesthetic and minimalist design""], ""confidence"": 0.78}"
113,openpubkey/openpubkey,4,,"openpubkey core, API",Feature request: OpkClient currently only supports Google as the OIDC provider; reporter requests making the OIDC provider pluggable so other OIDC providers can be supported via alternative implementations.,non-usability,,,,,0.86,"{""associated_component"": ""openpubkey core, API"", ""codes_primary"": ""Feature request: OpkClient currently only supports Google as the OIDC provider; reporter requests making the OIDC provider pluggable so other OIDC providers can be supported via alternative implementations."", ""usability_non_usability_type"": ""non-usability"", ""associated_component_theme"": [""Authentication/Authorization tools"", ""API"", ""Core""], ""l1_theme"": [""Missing feature / enhancement request""], ""l1_theme_secondary"": [""Functional Gap""], ""nielsen_theme"": [""7. Flexibility and efficiency of use""], ""confidence"": 0.86}"
114,openpubkey/openpubkey,61,,openpubkey core,"Reporter, while implementing a ledger for OIDC public keys, notes that OIDC/JWKS only requires unique kid per JWKS response, which is insufficient for reliably looking up OP public keys from OPKs, and asks for design ideas such as adding a hash/JWK thumbprint of the OP public key in OPK headers.",usability,"Core, Authentication/Authorization tools",Missing feature / enhancement request,Functional Gap,"4. Consistency and standards, 5. Error prevention",0.78,"{""associated_component"": ""openpubkey core"", ""codes_primary"": ""Reporter, while implementing a ledger for OIDC public keys, notes that OIDC/JWKS only requires unique kid per JWKS response, which is insufficient for reliably looking up OP public keys from OPKs, and asks for design ideas such as adding a hash/JWK thumbprint of the OP public key in OPK headers."", ""usability_non_usability_type"": ""usability"", ""associated_component_theme"": [""Core"", ""Authentication/Authorization tools""], ""l1_theme"": [""Missing feature / enhancement request""], ""l1_theme_secondary"": [""Functional Gap""], ""nielsen_theme"": [""4. Consistency and standards"", ""5. Error prevention""], ""confidence"": 0.78}"
115,openpubkey/openpubkey,100,,Core,"Feature/design proposal to support generating and verifying OpenPubkey PK Tokens with GitLab CI, where the aud claim is fixed in configuration. Describes a GQ-signature-based scheme, security considerations, and an optional cosigner to avoid GitLab as a single point of compromise. Implemented later per maintainer comment.",non-usability,,,,,0.86,"{""associated_component"": ""Core"", ""codes_primary"": ""Feature/design proposal to support generating and verifying OpenPubkey PK Tokens with GitLab CI, where the aud claim is fixed in configuration. Describes a GQ-signature-based scheme, security considerations, and an optional cosigner to avoid GitLab as a single point of compromise. Implemented later per maintainer comment."", ""usability_non_usability_type"": ""non-usability"", ""associated_component_theme"": [""Core"", ""Build/CI"", ""Signing workflow"", ""Verification workflow"", ""Authentication/Authorization tools""], ""l1_theme"": [""Missing feature / enhancement request"", ""Security concerns""], ""l1_theme_secondary"": [""Functional Gap""], ""nielsen_theme"": [], ""confidence"": 0.86}"
116,openpubkey/openpubkey,137,,openpubkey core,"Bug report: VerifierProvider currently only looks up the OP public key using the protected header of the ID token, but some OPs do not provide a kid, requiring lookup via the JKT in the unprotected header instead; fixed by PR #132.",non-usability,,,,,0.86,"{""associated_component"": ""openpubkey core"", ""codes_primary"": ""Bug report: VerifierProvider currently only looks up the OP public key using the protected header of the ID token, but some OPs do not provide a kid, requiring lookup via the JKT in the unprotected header instead; fixed by PR #132."", ""usability_non_usability_type"": ""non-usability"", ""associated_component_theme"": [""Core"", ""Verification workflow""], ""l1_theme"": [""Unexpected behavior"", ""Integration failure/issues""], ""l1_theme_secondary"": [""Functional Reliability""], ""nielsen_theme"": [], ""confidence"": 0.86}"
117,openpubkey/openpubkey,157,,openpubkey core,"Maintainer experiments with integrating openpubkey’s Go client example with an RSA SecurID OpenID Provider; authentication succeeds at the OP but the client fails at token exchange with an oauth2 ""invalid_grant"" / ""Used token context for authorization code"" error when using the experimental branch.",non-usability,,,,,0.79,"{""associated_component"": ""openpubkey core"", ""codes_primary"": ""Maintainer experiments with integrating openpubkey’s Go client example with an RSA SecurID OpenID Provider; authentication succeeds at the OP but the client fails at token exchange with an oauth2 \""invalid_grant\"" / \""Used token context for authorization code\"" error when using the experimental branch."", ""usability_non_usability_type"": ""non-usability"", ""associated_component_theme"": [""Authentication/Authorization tools"", ""Core""], ""l1_theme"": [""Integration failure/issues"", ""Unexpected behavior""], ""l1_theme_secondary"": [""Functional Reliability""], ""nielsen_theme"": [], ""confidence"": 0.79}"
118,openpubkey/openpubkey,226,,openpubkey core,"Developer proposes refactoring browser window handling: instead of passing channels between OP chooser, provider, and cosigner to redirect a shared browser window (and manage localhost webserver lifecycles), introduce a singleton interface to simplify redirect management, enable mocking, and reduce unit test complexity.",non-usability,,,,,0.86,"{""associated_component"": ""openpubkey core"", ""codes_primary"": ""Developer proposes refactoring browser window handling: instead of passing channels between OP chooser, provider, and cosigner to redirect a shared browser window (and manage localhost webserver lifecycles), introduce a singleton interface to simplify redirect management, enable mocking, and reduce unit test complexity."", ""usability_non_usability_type"": ""non-usability"", ""associated_component_theme"": [""Core""], ""l1_theme"": [""Missing feature / enhancement request""], ""l1_theme_secondary"": [""Functional Gap""], ""nielsen_theme"": [], ""confidence"": 0.86}"
119,openpubkey/openpubkey,254,,"CLI tooling, Core","User notes that the `opkssh install` CLI command assumes a systemd-based Linux (e.g., Ubuntu) by running `sudo systemctl restart ssh`, which fails on non-systemd or non-Linux systems. They request clearer documentation of supported/tested OSes and applications via explicit compatibility matrices.",usability,"CLI tooling, Core, Policy/configuration","Missing feature / enhancement request, User confusion / unclear documentation","Operational Friction, Cognitive Friction, Functional Gap","2. Match between system and the real world, 4. Consistency and standards, 5. Error prevention, 10. Help and documentation",0.86,"{""associated_component"": ""CLI tooling, Core"", ""codes_primary"": ""User notes that the `opkssh install` CLI command assumes a systemd-based Linux (e.g., Ubuntu) by running `sudo systemctl restart ssh`, which fails on non-systemd or non-Linux systems. They request clearer documentation of supported/tested OSes and applications via explicit compatibility matrices."", ""usability_non_usability_type"": ""usability"", ""associated_component_theme"": [""CLI tooling"", ""Core"", ""Policy/configuration""], ""l1_theme"": [""Missing feature / enhancement request"", ""User confusion / unclear documentation""], ""l1_theme_secondary"": [""Operational Friction"", ""Cognitive Friction"", ""Functional Gap""], ""nielsen_theme"": [""2. Match between system and the real world"", ""4. Consistency and standards"", ""5. Error prevention"", ""10. Help and documentation""], ""confidence"": 0.86}"
120,sigstore/cosign,1048,,"cosign core, CLI","Feature request to add machine-readable (JSON) output to cosign verify-blob and similar subcommands, exposing certificate fields like Issuer, URI, Fulcio root CA ID, and Rekor instance URI so downstream tooling (e.g., package build pipelines) can automatically validate trust information.",usability,"CLI tooling, Verification workflow","Missing feature / enhancement request, Notification/Logging /Web UI Issues","Operational Friction, Functional Gap","1. Visibility of system status, 7. Flexibility and efficiency of use",0.86,"{""associated_component"": ""cosign core, CLI"", ""codes_primary"": ""Feature request to add machine-readable (JSON) output to cosign verify-blob and similar subcommands, exposing certificate fields like Issuer, URI, Fulcio root CA ID, and Rekor instance URI so downstream tooling (e.g., package build pipelines) can automatically validate trust information."", ""usability_non_usability_type"": ""usability"", ""associated_component_theme"": [""CLI tooling"", ""Verification workflow""], ""l1_theme"": [""Missing feature / enhancement request"", ""Notification/Logging /Web UI Issues""], ""l1_theme_secondary"": [""Operational Friction"", ""Functional Gap""], ""nielsen_theme"": [""1. Visibility of system status"", ""7. Flexibility and efficiency of use""], ""confidence"": 0.86}"
121,sigstore/cosign,1215,,cosign core,"Feature request: user wants cosign to integrate with Hashicorp Vault so their CI pipeline can store and manage an unencrypted signing key in Vault, with the signing agent pulling it as needed instead of managing an encrypted key and password in cosign.",usability,"Key Management Core / Secrets Backend, Build/CI","Missing feature / enhancement request, Tedious Workflows","Operational Friction, Functional Gap",7. Flexibility and efficiency of use,0.79,"{""associated_component"": ""cosign core"", ""codes_primary"": ""Feature request: user wants cosign to integrate with Hashicorp Vault so their CI pipeline can store and manage an unencrypted signing key in Vault, with the signing agent pulling it as needed instead of managing an encrypted key and password in cosign."", ""usability_non_usability_type"": ""usability"", ""associated_component_theme"": [""Key Management Core / Secrets Backend"", ""Build/CI""], ""l1_theme"": [""Missing feature / enhancement request"", ""Tedious Workflows""], ""l1_theme_secondary"": [""Operational Friction"", ""Functional Gap""], ""nielsen_theme"": [""7. Flexibility and efficiency of use""], ""confidence"": 0.79}"
122,sigstore/cosign,1288,,"cosign core, CLI","Feature request: add an on-disk configuration file (e.g., ~/.sigstore/config.yaml, configurable via flag) so cosign can persist flag values across invocations and store state needed for BYO TUF roots instead of falling back to embedded/hosted TUF roots.",usability,"CLI tooling, Policy/configuration, Core","Missing feature / enhancement request, Tedious Workflows, Configuration friction","Operational Friction, Functional Gap","6. Recognition rather than recall, 7. Flexibility and efficiency of use",0.86,"{""associated_component"": ""cosign core, CLI"", ""codes_primary"": ""Feature request: add an on-disk configuration file (e.g., ~/.sigstore/config.yaml, configurable via flag) so cosign can persist flag values across invocations and store state needed for BYO TUF roots instead of falling back to embedded/hosted TUF roots."", ""usability_non_usability_type"": ""usability"", ""associated_component_theme"": [""CLI tooling"", ""Policy/configuration"", ""Core""], ""l1_theme"": [""Missing feature / enhancement request"", ""Tedious Workflows"", ""Configuration friction""], ""l1_theme_secondary"": [""Operational Friction"", ""Functional Gap""], ""nielsen_theme"": [""6. Recognition rather than recall"", ""7. Flexibility and efficiency of use""], ""confidence"": 0.86}"
123,sigstore/cosign,1321,,"cosign core, CLI tooling","Feature request: user wants cosign CLI to verify DSSE envelope payloads/signatures (e.g., Tekton Chains taskrun annotations) directly via a command like `cosign verify-attestation --key ... ./dsse-signature`. They note cosign already has internal DSSE verification functions and have prototyped a small verifier CLI.",non-usability,,,,,0.9,"{""associated_component"": ""cosign core, CLI tooling"", ""codes_primary"": ""Feature request: user wants cosign CLI to verify DSSE envelope payloads/signatures (e.g., Tekton Chains taskrun annotations) directly via a command like `cosign verify-attestation --key ... ./dsse-signature`. They note cosign already has internal DSSE verification functions and have prototyped a small verifier CLI."", ""usability_non_usability_type"": ""non-usability"", ""associated_component_theme"": [""CLI tooling"", ""Verification workflow""], ""l1_theme"": [""Missing feature / enhancement request""], ""l1_theme_secondary"": [""Functional Gap""], ""nielsen_theme"": [], ""confidence"": 0.9}"
124,sigstore/cosign,1323,,cosign core,"Security code-scanning tracking issue referencing an internal GitHub security/code-scanning alert; no user-facing problem description, reproduction steps, or feature request details are provided.",non-usability,,,,,0.7,"{""associated_component"": ""cosign core"", ""codes_primary"": ""Security code-scanning tracking issue referencing an internal GitHub security/code-scanning alert; no user-facing problem description, reproduction steps, or feature request details are provided."", ""usability_non_usability_type"": ""non-usability"", ""associated_component_theme"": [""Core""], ""l1_theme"": [], ""l1_theme_secondary"": [], ""nielsen_theme"": [], ""confidence"": 0.7}"
125,sigstore/cosign,1385,,cosign core,"Internal maintenance task to improve cosign’s test coverage: strengthen unit tests, reorganize and expand integration tests (including experimental features and OIDC flow), and add a regression test for the second case in security advisory GHSA-ccxc-vr6p-4858 once OIDC flow is available.",non-usability,,,,,0.9,"{""associated_component"": ""cosign core"", ""codes_primary"": ""Internal maintenance task to improve cosign’s test coverage: strengthen unit tests, reorganize and expand integration tests (including experimental features and OIDC flow), and add a regression test for the second case in security advisory GHSA-ccxc-vr6p-4858 once OIDC flow is available."", ""usability_non_usability_type"": ""non-usability"", ""associated_component_theme"": [""Core""], ""l1_theme"": [], ""l1_theme_secondary"": [], ""nielsen_theme"": [], ""confidence"": 0.9}"
126,sigstore/cosign,1443,,cosign core,"User asks whether cosign can replace Windows SignTool.exe for signing Windows .exe binaries using an existing password-protected .pfx certificate (self-managed keys), and requests guidance/examples for achieving equivalent signing via cosign’s key management integrations.",usability,"Core, CLI tooling, Signing workflow, Key Management Core / Secrets Backend","User confusion / unclear documentation, Missing feature / enhancement request, Integration failure/issues","Cognitive Friction, Functional Gap, Operational Friction","7. Flexibility and efficiency of use, 10. Help and documentation, 2. Match between system and the real world",0.86,"{""associated_component"": ""cosign core"", ""codes_primary"": ""User asks whether cosign can replace Windows SignTool.exe for signing Windows .exe binaries using an existing password-protected .pfx certificate (self-managed keys), and requests guidance/examples for achieving equivalent signing via cosign’s key management integrations."", ""usability_non_usability_type"": ""usability"", ""associated_component_theme"": [""Core"", ""CLI tooling"", ""Signing workflow"", ""Key Management Core / Secrets Backend""], ""l1_theme"": [""User confusion / unclear documentation"", ""Missing feature / enhancement request"", ""Integration failure/issues""], ""l1_theme_secondary"": [""Cognitive Friction"", ""Functional Gap"", ""Operational Friction""], ""nielsen_theme"": [""7. Flexibility and efficiency of use"", ""10. Help and documentation"", ""2. Match between system and the real world""], ""confidence"": 0.86}"
127,sigstore/cosign,1554,,"cosign core, CLI","Feature request (with some related bugs) to allow cosign to include and verify full X.509 certificate chains when signing and verifying with local PEM, PKCS#11, or KMS keys. Proposes a new --chain flag (or concatenated certs in --cert), notes --cert is silently ignored for PKCS#11, and discusses corresponding verify/roots behavior and TUF/Fulcio interactions.",usability,"CLI tooling, Signing workflow, Verification workflow, Core","Missing feature / enhancement request, Unexpected behavior, Integration failure/issues","Functional Gap, Functional Reliability, Operational Friction","7. Flexibility and efficiency of use, 5. Error prevention, '9. Help users recognize, diagnose, and recover from errors']",0.86,"{""associated_component"": ""cosign core, CLI"", ""codes_primary"": ""Feature request (with some related bugs) to allow cosign to include and verify full X.509 certificate chains when signing and verifying with local PEM, PKCS#11, or KMS keys. Proposes a new --chain flag (or concatenated certs in --cert), notes --cert is silently ignored for PKCS#11, and discusses corresponding verify/roots behavior and TUF/Fulcio interactions."", ""usability_non_usability_type"": ""usability"", ""associated_component_theme"": [""CLI tooling"", ""Signing workflow"", ""Verification workflow"", ""Core""], ""l1_theme"": [""Missing feature / enhancement request"", ""Unexpected behavior"", ""Integration failure/issues""], ""l1_theme_secondary"": [""Functional Gap"", ""Functional Reliability"", ""Operational Friction""], ""nielsen_theme"": [""7. Flexibility and efficiency of use"", ""5. Error prevention"", ""9. Help users recognize, diagnose, and recover from errors""], ""confidence"": 0.86}"
128,sigstore/cosign,1642,,cosign core,"Internal tracking issue noting that after introducing clusterimagepolicy authority keys, cosign currently only logs warnings instead of failing when authority key retrieval/usage errors occur; proposes changing this to propagate errors and fail validation once migration to clusterimagepolicy is complete.",non-usability,,,,,0.86,"{""associated_component"": ""cosign core"", ""codes_primary"": ""Internal tracking issue noting that after introducing clusterimagepolicy authority keys, cosign currently only logs warnings instead of failing when authority key retrieval/usage errors occur; proposes changing this to propagate errors and fail validation once migration to clusterimagepolicy is complete."", ""usability_non_usability_type"": ""non-usability"", ""associated_component_theme"": [""Core"", ""Policy/configuration""], ""l1_theme"": [""Missing feature / enhancement request""], ""l1_theme_secondary"": [""Functional Gap""], ""nielsen_theme"": [], ""confidence"": 0.86}"
129,sigstore/cosign,1653,,"cosign Kubernetes webhook, cosign policy/ClusterImagePolicy","User asks how cosign’s Kubernetes admission webhook handles pods with multiple container images from different registries, including unsigned third-party/sidecar images they cannot control, and what configuration or ClusterImagePolicy settings are needed to allow or selectively skip validation for such images.",usability,"Policy/configuration, Verification workflow","User confusion / unclear documentation, Configuration friction","Cognitive Friction, Operational Friction","7. Flexibility and efficiency of use, 10. Help and documentation",0.86,"{""associated_component"": ""cosign Kubernetes webhook, cosign policy/ClusterImagePolicy"", ""codes_primary"": ""User asks how cosign’s Kubernetes admission webhook handles pods with multiple container images from different registries, including unsigned third-party/sidecar images they cannot control, and what configuration or ClusterImagePolicy settings are needed to allow or selectively skip validation for such images."", ""usability_non_usability_type"": ""usability"", ""associated_component_theme"": [""Policy/configuration"", ""Verification workflow""], ""l1_theme"": [""User confusion / unclear documentation"", ""Configuration friction""], ""l1_theme_secondary"": [""Cognitive Friction"", ""Operational Friction""], ""nielsen_theme"": [""7. Flexibility and efficiency of use"", ""10. Help and documentation""], ""confidence"": 0.86}"
130,sigstore/cosign,1655,,"cosign core, cosigned admission controller, ClusterImagePolicy","Feature request to allow specifying ImagePullSecrets (registry credentials) directly in ClusterImagePolicies so that cosigned can pull and verify signatures from registries that may differ from the image repository (e.g., when COSIGN_REPOSITORY is set), avoiding verification failures against private registries.",usability,"Verification workflow, Policy/configuration, Authentication/Authorization tools","Missing feature / enhancement request, Authentication friction, Configuration friction, Integration failure/issues","Operational Friction, Cognitive Friction, Functional Gap","5. Error prevention, 7. Flexibility and efficiency of use, '9. Help users recognize, diagnose, and recover from errors']",0.86,"{""associated_component"": ""cosign core, cosigned admission controller, ClusterImagePolicy"", ""codes_primary"": ""Feature request to allow specifying ImagePullSecrets (registry credentials) directly in ClusterImagePolicies so that cosigned can pull and verify signatures from registries that may differ from the image repository (e.g., when COSIGN_REPOSITORY is set), avoiding verification failures against private registries."", ""usability_non_usability_type"": ""usability"", ""associated_component_theme"": [""Verification workflow"", ""Policy/configuration"", ""Authentication/Authorization tools""], ""l1_theme"": [""Missing feature / enhancement request"", ""Authentication friction"", ""Configuration friction"", ""Integration failure/issues""], ""l1_theme_secondary"": [""Operational Friction"", ""Cognitive Friction"", ""Functional Gap""], ""nielsen_theme"": [""5. Error prevention"", ""7. Flexibility and efficiency of use"", ""9. Help users recognize, diagnose, and recover from errors""], ""confidence"": 0.86}"
131,sigstore/cosign,1847,,cosign CLI,"User reports inconsistent and confusing CLI flag names between `cosign sign-blob` and `cosign verify-blob` for certificate-related options (`--output-certificate` vs `--cert` / `--certificate`), and requests making `--*-certificate` canonical plus adding aliases/unambiguous prefixes to improve usability.",usability,"CLI tooling, Signing workflow, Verification workflow","Missing feature / enhancement request, Tedious Workflows","Cognitive Friction, Functional Gap","2. Match between system and the real world, 4. Consistency and standards, 5. Error prevention, 6. Recognition rather than recall",0.9,"{""associated_component"": ""cosign CLI"", ""codes_primary"": ""User reports inconsistent and confusing CLI flag names between `cosign sign-blob` and `cosign verify-blob` for certificate-related options (`--output-certificate` vs `--cert` / `--certificate`), and requests making `--*-certificate` canonical plus adding aliases/unambiguous prefixes to improve usability."", ""usability_non_usability_type"": ""usability"", ""associated_component_theme"": [""CLI tooling"", ""Signing workflow"", ""Verification workflow""], ""l1_theme"": [""Missing feature / enhancement request"", ""Tedious Workflows""], ""l1_theme_secondary"": [""Cognitive Friction"", ""Functional Gap""], ""nielsen_theme"": [""2. Match between system and the real world"", ""4. Consistency and standards"", ""5. Error prevention"", ""6. Recognition rather than recall""], ""confidence"": 0.9}"
132,sigstore/cosign,1853,,"cosign core, Build/CI","User reports that building cosign via the Makefile (including piv-tool support) fails with Go 1.17/1.18, showing syntax errors in gitlab/github files and a malformed module path for embed. Following TOKENS.md, a manual go build in cmd/cosign works as a workaround; Makefile behavior is inconsistent across users.",non-usability,,,,,0.86,"{""associated_component"": ""cosign core, Build/CI"", ""codes_primary"": ""User reports that building cosign via the Makefile (including piv-tool support) fails with Go 1.17/1.18, showing syntax errors in gitlab/github files and a malformed module path for embed. Following TOKENS.md, a manual go build in cmd/cosign works as a workaround; Makefile behavior is inconsistent across users."", ""usability_non_usability_type"": ""non-usability"", ""associated_component_theme"": [""Build/CI""], ""l1_theme"": [""Build/CI/installation/distribution release issues"", ""Unexpected behavior""], ""l1_theme_secondary"": [""Functional Reliability""], ""nielsen_theme"": [], ""confidence"": 0.86}"
133,sigstore/cosign,1994,,"cosign core, CLI tooling","User reports that cosign signing and attaching signatures fail against an in-house JFrog Artifactory 6.16.0 registry with MANIFEST_INVALID/MANIFEST_UNKNOWN errors, while docker manifest works. Issue is resolved by setting COSIGN_DOCKER_MEDIA_TYPES=1 to support legacy registries.",usability,"Core, CLI tooling, Signing workflow, Policy/configuration","Integration failure/issues, Configuration friction",Operational Friction,"7. Flexibility and efficiency of use, '9. Help users recognize, diagnose, and recover from errors']",0.86,"{""associated_component"": ""cosign core, CLI tooling"", ""codes_primary"": ""User reports that cosign signing and attaching signatures fail against an in-house JFrog Artifactory 6.16.0 registry with MANIFEST_INVALID/MANIFEST_UNKNOWN errors, while docker manifest works. Issue is resolved by setting COSIGN_DOCKER_MEDIA_TYPES=1 to support legacy registries."", ""usability_non_usability_type"": ""usability"", ""associated_component_theme"": [""Core"", ""CLI tooling"", ""Signing workflow"", ""Policy/configuration""], ""l1_theme"": [""Integration failure/issues"", ""Configuration friction""], ""l1_theme_secondary"": [""Operational Friction""], ""nielsen_theme"": [""7. Flexibility and efficiency of use"", ""9. Help users recognize, diagnose, and recover from errors""], ""confidence"": 0.86}"
134,sigstore/cosign,2053,,cosign CLI,"User requests renaming or better documenting the --k8s-keychain flag in cosign sign, arguing that the term 'kubernetes keychain' is misleading because the flag actually enables a broader set of cloud/workload identity auth helpers (GCP, AWS, Azure, GHCR, Alibaba).",usability,"CLI tooling, Authentication/Authorization tools","Missing feature / enhancement request, User confusion / unclear documentation","Cognitive Friction, Functional Gap","2. Match between system and the real world, 4. Consistency and standards, 10. Help and documentation",0.86,"{""associated_component"": ""cosign CLI"", ""codes_primary"": ""User requests renaming or better documenting the --k8s-keychain flag in cosign sign, arguing that the term 'kubernetes keychain' is misleading because the flag actually enables a broader set of cloud/workload identity auth helpers (GCP, AWS, Azure, GHCR, Alibaba)."", ""usability_non_usability_type"": ""usability"", ""associated_component_theme"": [""CLI tooling"", ""Authentication/Authorization tools""], ""l1_theme"": [""Missing feature / enhancement request"", ""User confusion / unclear documentation""], ""l1_theme_secondary"": [""Cognitive Friction"", ""Functional Gap""], ""nielsen_theme"": [""2. Match between system and the real world"", ""4. Consistency and standards"", ""10. Help and documentation""], ""confidence"": 0.86}"
135,sigstore/cosign,2068,,cosign core,"Reporter finds that the Go module for cosign v1.9.0 yields different checksums depending on GOPROXY/environment, causing go.sum checksum mismatch and security warnings. Diff shows the v1.9.0 tag/content changed (proxy vs direct), breaking reproducible builds; workaround is using a consistent GOPROXY.",non-usability,,,,,0.86,"{""associated_component"": ""cosign core"", ""codes_primary"": ""Reporter finds that the Go module for cosign v1.9.0 yields different checksums depending on GOPROXY/environment, causing go.sum checksum mismatch and security warnings. Diff shows the v1.9.0 tag/content changed (proxy vs direct), breaking reproducible builds; workaround is using a consistent GOPROXY."", ""usability_non_usability_type"": ""non-usability"", ""associated_component_theme"": [""Core"", ""Build/CI""], ""l1_theme"": [""Unexpected behavior"", ""Build/CI/installation/distribution release issues""], ""l1_theme_secondary"": [""Functional Reliability"", ""Operational Friction""], ""nielsen_theme"": [], ""confidence"": 0.86}"
136,sigstore/cosign,2097,,"cosign core, CLI","Feature request to change cosign sign-blob implementation so it does not load the entire blob into memory, instead streaming/ hashing then signing a digest, to reduce memory usage and support signing large blobs; discussion covers constraints of current signer abstraction and possible io.Reader-based designs.",usability,"Core, CLI tooling, Signing workflow","Missing feature / enhancement request, Performance issue","Operational Friction, Functional Gap",7. Flexibility and efficiency of use,0.86,"{""associated_component"": ""cosign core, CLI"", ""codes_primary"": ""Feature request to change cosign sign-blob implementation so it does not load the entire blob into memory, instead streaming/ hashing then signing a digest, to reduce memory usage and support signing large blobs; discussion covers constraints of current signer abstraction and possible io.Reader-based designs."", ""usability_non_usability_type"": ""usability"", ""associated_component_theme"": [""Core"", ""CLI tooling"", ""Signing workflow""], ""l1_theme"": [""Missing feature / enhancement request"", ""Performance issue""], ""l1_theme_secondary"": [""Operational Friction"", ""Functional Gap""], ""nielsen_theme"": [""7. Flexibility and efficiency of use""], ""confidence"": 0.86}"
137,sigstore/cosign,2382,,"cosign core, CLI tooling, Verification workflow, Policy/configuration","Feature request / design change proposal to always require SCT verification on cosign verification (either embedded or explicitly provided for detached/private cases), remove the separate `enforce-sct` flag, and instead use a single `insecure` flag to skip SCT checks, as a breaking change for Cosign 2.0.",non-usability,,,,,0.86,"{""associated_component"": ""cosign core, CLI tooling, Verification workflow, Policy/configuration"", ""codes_primary"": ""Feature request / design change proposal to always require SCT verification on cosign verification (either embedded or explicitly provided for detached/private cases), remove the separate `enforce-sct` flag, and instead use a single `insecure` flag to skip SCT checks, as a breaking change for Cosign 2.0."", ""usability_non_usability_type"": ""non-usability"", ""associated_component_theme"": [""CLI tooling"", ""Verification workflow"", ""Policy/configuration"", ""Core""], ""l1_theme"": [""Missing feature / enhancement request"", ""Security concerns""], ""l1_theme_secondary"": [""Functional Gap""], ""nielsen_theme"": [], ""confidence"": 0.86}"
138,sigstore/cosign,2419,,"cosign core, Rekor API","Maintainers plan to remove use of Rekor’s deprecated /api/v1/index/retrieve endpoint from the cosign verify-blob flow before stabilizing the command, unless Rekor commits to supporting the API, noting some existing users still rely on this flow and will need migration/release-note guidance.",non-usability,,,,,0.78,"{""associated_component"": ""cosign core, Rekor API"", ""codes_primary"": ""Maintainers plan to remove use of Rekor’s deprecated /api/v1/index/retrieve endpoint from the cosign verify-blob flow before stabilizing the command, unless Rekor commits to supporting the API, noting some existing users still rely on this flow and will need migration/release-note guidance."", ""usability_non_usability_type"": ""non-usability"", ""associated_component_theme"": [""Core"", ""API"", ""Verification workflow""], ""l1_theme"": [""Missing feature / enhancement request""], ""l1_theme_secondary"": [""Functional Gap""], ""nielsen_theme"": [], ""confidence"": 0.78}"
139,sigstore/cosign,2462,,cosign core,"Contributor notes significant duplicated and near-duplicated implementation across cosign verify-related subcommands (verify, verify-blob, verify-attestation, verify-blob-attestation), proposes a refactoring approach in an external design doc, and requests maintainer feedback; discussion touches on future alignment with sigstore-go.",non-usability,,,,,0.86,"{""associated_component"": ""cosign core"", ""codes_primary"": ""Contributor notes significant duplicated and near-duplicated implementation across cosign verify-related subcommands (verify, verify-blob, verify-attestation, verify-blob-attestation), proposes a refactoring approach in an external design doc, and requests maintainer feedback; discussion touches on future alignment with sigstore-go."", ""usability_non_usability_type"": ""non-usability"", ""associated_component_theme"": [""Core""], ""l1_theme"": [""Missing feature / enhancement request""], ""l1_theme_secondary"": [""Functional Gap""], ""nielsen_theme"": [], ""confidence"": 0.86}"
140,sigstore/cosign,2516,,"cosign core, CLI","Feature request and design discussion about enabling cosign to sign images directly from local builds/OCI layouts rather than after a registry roundtrip, clarifying risks of signing tags vs digests, adjusting docker-reference behavior, improving docs/education, and integrating better with tools like ko and Docker image storage.",usability,"CLI tooling, Signing workflow, Build/CI","Missing feature / enhancement request, Tedious Workflows, User confusion / unclear documentation, Integration failure/issues","Operational Friction, Cognitive Friction, Functional Gap","5. Error prevention, 7. Flexibility and efficiency of use, '9. Help users recognize, diagnose, and recover from errors', 10. Help and documentation",0.8,"{""associated_component"": ""cosign core, CLI"", ""codes_primary"": ""Feature request and design discussion about enabling cosign to sign images directly from local builds/OCI layouts rather than after a registry roundtrip, clarifying risks of signing tags vs digests, adjusting docker-reference behavior, improving docs/education, and integrating better with tools like ko and Docker image storage."", ""usability_non_usability_type"": ""usability"", ""associated_component_theme"": [""CLI tooling"", ""Signing workflow"", ""Build/CI""], ""l1_theme"": [""Missing feature / enhancement request"", ""Tedious Workflows"", ""User confusion / unclear documentation"", ""Integration failure/issues""], ""l1_theme_secondary"": [""Operational Friction"", ""Cognitive Friction"", ""Functional Gap""], ""nielsen_theme"": [""5. Error prevention"", ""7. Flexibility and efficiency of use"", ""9. Help users recognize, diagnose, and recover from errors"", ""10. Help and documentation""], ""confidence"": 0.8}"
141,sigstore/cosign,2518,,"cosign core, API, CLI tooling, Build/CI, Notification/Logging","Meta feature/enhancement issue to define and enforce a Cosign versioning policy, including separating CLI and API releases, adding tooling (gorelease, linter, CI workflows) to detect breaking API changes, adding library support for deprecations with user-facing warnings, and E2E testing of older versions.",non-usability,,,,,0.86,"{""associated_component"": ""cosign core, API, CLI tooling, Build/CI, Notification/Logging"", ""codes_primary"": ""Meta feature/enhancement issue to define and enforce a Cosign versioning policy, including separating CLI and API releases, adding tooling (gorelease, linter, CI workflows) to detect breaking API changes, adding library support for deprecations with user-facing warnings, and E2E testing of older versions."", ""usability_non_usability_type"": ""non-usability"", ""associated_component_theme"": [""Core"", ""API"", ""CLI tooling"", ""Build/CI"", ""Notification/Logging"", ""Release pipeline""], ""l1_theme"": [""Missing feature / enhancement request""], ""l1_theme_secondary"": [""Functional Gap""], ""nielsen_theme"": [], ""confidence"": 0.86}"
142,sigstore/cosign,2568,,"cosign core, Verification workflow, CLI","Feature request for cosign BYO PKI verification to support certificate revocation checking via a user-supplied CRL file (e.g., --crl flag or env var) so that revoked signing certificates embedded in existing signature artifacts can be distrusted during verification, leaving CRL distribution/maintenance to the PKI operator.",non-usability,,,,,0.9,"{""associated_component"": ""cosign core, Verification workflow, CLI"", ""codes_primary"": ""Feature request for cosign BYO PKI verification to support certificate revocation checking via a user-supplied CRL file (e.g., --crl flag or env var) so that revoked signing certificates embedded in existing signature artifacts can be distrusted during verification, leaving CRL distribution/maintenance to the PKI operator."", ""usability_non_usability_type"": ""non-usability"", ""associated_component_theme"": [""Verification workflow"", ""CLI tooling"", ""Core""], ""l1_theme"": [""Missing feature / enhancement request""], ""l1_theme_secondary"": [""Functional Gap""], ""nielsen_theme"": [], ""confidence"": 0.9}"
143,sigstore/cosign,2593,,cosign core,"Contributor notes that various timestamping and bundle-related flags (e.g., TSA server URL, RFC3161 timestamp path, TSA cert chain path, bundle path, skip confirmation) are incorrectly grouped under KeyOpts instead of SignOptions, and suggests refactoring option placement to better match their purpose.",non-usability,,,,,0.86,"{""associated_component"": ""cosign core"", ""codes_primary"": ""Contributor notes that various timestamping and bundle-related flags (e.g., TSA server URL, RFC3161 timestamp path, TSA cert chain path, bundle path, skip confirmation) are incorrectly grouped under KeyOpts instead of SignOptions, and suggests refactoring option placement to better match their purpose."", ""usability_non_usability_type"": ""non-usability"", ""associated_component_theme"": [""Core""], ""l1_theme"": [""Missing feature / enhancement request""], ""l1_theme_secondary"": [""Functional Gap""], ""nielsen_theme"": [], ""confidence"": 0.86}"
144,sigstore/cosign,2832,,cosign CLI,"User requests a quiet flag for cosign CLI commands (e.g., verify-blob) so that extraneous output like 'Verified OK' can be suppressed when running in scripts, relying only on the exit code.",usability,"CLI tooling, Verification workflow","Missing feature / enhancement request, Tedious Workflows","Operational Friction, Functional Gap","7. Flexibility and efficiency of use, 8. Aesthetic and minimalist design",0.86,"{""associated_component"": ""cosign CLI"", ""codes_primary"": ""User requests a quiet flag for cosign CLI commands (e.g., verify-blob) so that extraneous output like 'Verified OK' can be suppressed when running in scripts, relying only on the exit code."", ""usability_non_usability_type"": ""usability"", ""associated_component_theme"": [""CLI tooling"", ""Verification workflow""], ""l1_theme"": [""Missing feature / enhancement request"", ""Tedious Workflows""], ""l1_theme_secondary"": [""Operational Friction"", ""Functional Gap""], ""nielsen_theme"": [""7. Flexibility and efficiency of use"", ""8. Aesthetic and minimalist design""], ""confidence"": 0.86}"
145,sigstore/cosign,2858,,"cosign core, CLI","User upgrading from cosign v1.13 to v2.0 in a bring-your-own PKI setup (no Fulcio, no Rekor) finds that previous certificate-based verify command no longer works and asks how to regain equivalent behavior; discussion reveals current BYO PKI verification flow is broken/limited and identity checks now expect Fulcio-like certs.",usability,"CLI tooling, Verification workflow, Core","User confusion / unclear documentation, Configuration friction, Integration failure/issues","Cognitive Friction, Operational Friction","2. Match between system and the real world, 4. Consistency and standards, 7. Flexibility and efficiency of use, 10. Help and documentation",0.86,"{""associated_component"": ""cosign core, CLI"", ""codes_primary"": ""User upgrading from cosign v1.13 to v2.0 in a bring-your-own PKI setup (no Fulcio, no Rekor) finds that previous certificate-based verify command no longer works and asks how to regain equivalent behavior; discussion reveals current BYO PKI verification flow is broken/limited and identity checks now expect Fulcio-like certs."", ""usability_non_usability_type"": ""usability"", ""associated_component_theme"": [""CLI tooling"", ""Verification workflow"", ""Core""], ""l1_theme"": [""User confusion / unclear documentation"", ""Configuration friction"", ""Integration failure/issues""], ""l1_theme_secondary"": [""Cognitive Friction"", ""Operational Friction""], ""nielsen_theme"": [""2. Match between system and the real world"", ""4. Consistency and standards"", ""7. Flexibility and efficiency of use"", ""10. Help and documentation""], ""confidence"": 0.86}"
146,sigstore/cosign,3025,,cosign core,User running cosign in Azure DevOps on self-hosted AWS agents cannot generate a key pair using Azure Key Vault KMS; cosign azurekms key creation fails with a 404 token refresh error from the Azure metadata/identity endpoint and they seek help (linked to related issue #3023).,usability,"Core, Signing workflow, Build/CI","Integration failure/issues, User confusion / unclear documentation","Operational Friction, Cognitive Friction","7. Flexibility and efficiency of use, '9. Help users recognize, diagnose, and recover from errors', 10. Help and documentation",0.79,"{""associated_component"": ""cosign core"", ""codes_primary"": ""User running cosign in Azure DevOps on self-hosted AWS agents cannot generate a key pair using Azure Key Vault KMS; cosign azurekms key creation fails with a 404 token refresh error from the Azure metadata/identity endpoint and they seek help (linked to related issue #3023)."", ""usability_non_usability_type"": ""usability"", ""associated_component_theme"": [""Core"", ""Signing workflow"", ""Build/CI""], ""l1_theme"": [""Integration failure/issues"", ""User confusion / unclear documentation""], ""l1_theme_secondary"": [""Operational Friction"", ""Cognitive Friction""], ""nielsen_theme"": [""7. Flexibility and efficiency of use"", ""9. Help users recognize, diagnose, and recover from errors"", ""10. Help and documentation""], ""confidence"": 0.79}"
147,sigstore/cosign,3235,,cosign CLI,"User signs a custom SLSA verification_summary attestation and can see it via crane, but cosign verify-attestation with the same predicate type fails, reporting only provenance attestations found. Reporter is unsure if they are misusing the command and asks for guidance.",usability,"CLI tooling, Verification workflow","User confusion / unclear documentation, Configuration friction",Cognitive Friction,"2. Match between system and the real world, '9. Help users recognize, diagnose, and recover from errors', 10. Help and documentation",0.86,"{""associated_component"": ""cosign CLI"", ""codes_primary"": ""User signs a custom SLSA verification_summary attestation and can see it via crane, but cosign verify-attestation with the same predicate type fails, reporting only provenance attestations found. Reporter is unsure if they are misusing the command and asks for guidance."", ""usability_non_usability_type"": ""usability"", ""associated_component_theme"": [""CLI tooling"", ""Verification workflow""], ""l1_theme"": [""User confusion / unclear documentation"", ""Configuration friction""], ""l1_theme_secondary"": [""Cognitive Friction""], ""nielsen_theme"": [""2. Match between system and the real world"", ""9. Help users recognize, diagnose, and recover from errors"", ""10. Help and documentation""], ""confidence"": 0.86}"
148,sigstore/cosign,3260,,"cosign core, CLI","User requests enhancement to `cosign dockerfile verify` so it can resolve image references defined via ARG/ENV variables and images used in COPY --from stages, instead of only handling literal image names in Dockerfiles.",usability,"CLI tooling, Verification workflow",Missing feature / enhancement request,Functional Gap,7. Flexibility and efficiency of use,0.86,"{""associated_component"": ""cosign core, CLI"", ""codes_primary"": ""User requests enhancement to `cosign dockerfile verify` so it can resolve image references defined via ARG/ENV variables and images used in COPY --from stages, instead of only handling literal image names in Dockerfiles."", ""usability_non_usability_type"": ""usability"", ""associated_component_theme"": [""CLI tooling"", ""Verification workflow""], ""l1_theme"": [""Missing feature / enhancement request""], ""l1_theme_secondary"": [""Functional Gap""], ""nielsen_theme"": [""7. Flexibility and efficiency of use""], ""confidence"": 0.86}"
149,sigstore/cosign,3330,,"cosign core, installation/distribution, documentation","User following official TUF-based installation docs cannot verify the cosign .deb package for an initial install because only keyless signatures are provided, which require cosign to already be installed. They question missing artifact-key .sig files and note the bootstrap workflow is convoluted.",usability,"Core, Verification workflow, Build/CI/installation/distribution release issues","User confusion / unclear documentation, Build/CI/installation/distribution release issues, Tedious Workflows","Cognitive Friction, Operational Friction","2. Match between system and the real world, 5. Error prevention, 6. Recognition rather than recall, 7. Flexibility and efficiency of use, '9. Help users recognize, diagnose, and recover from errors', 10. Help and documentation",0.86,"{""associated_component"": ""cosign core, installation/distribution, documentation"", ""codes_primary"": ""User following official TUF-based installation docs cannot verify the cosign .deb package for an initial install because only keyless signatures are provided, which require cosign to already be installed. They question missing artifact-key .sig files and note the bootstrap workflow is convoluted."", ""usability_non_usability_type"": ""usability"", ""associated_component_theme"": [""Core"", ""Verification workflow"", ""Build/CI/installation/distribution release issues""], ""l1_theme"": [""User confusion / unclear documentation"", ""Build/CI/installation/distribution release issues"", ""Tedious Workflows""], ""l1_theme_secondary"": [""Cognitive Friction"", ""Operational Friction""], ""nielsen_theme"": [""2. Match between system and the real world"", ""5. Error prevention"", ""6. Recognition rather than recall"", ""7. Flexibility and efficiency of use"", ""9. Help users recognize, diagnose, and recover from errors"", ""10. Help and documentation""], ""confidence"": 0.86}"
150,sigstore/cosign,3340,,cosign core,"User asks for guidance and best practices on implementing cosign keyless image signing with Azure DevOps pipelines, Azure ACR, Azure Key Vault, Azure AD as OIDC issuer, and enforcing verification on Kubernetes so only validly signed images are deployable.",usability,"Signing workflow, Verification workflow, Build/CI","User confusion / unclear documentation, Integration failure/issues","Cognitive Friction, Operational Friction","7. Flexibility and efficiency of use, 10. Help and documentation",0.86,"{""associated_component"": ""cosign core"", ""codes_primary"": ""User asks for guidance and best practices on implementing cosign keyless image signing with Azure DevOps pipelines, Azure ACR, Azure Key Vault, Azure AD as OIDC issuer, and enforcing verification on Kubernetes so only validly signed images are deployable."", ""usability_non_usability_type"": ""usability"", ""associated_component_theme"": [""Signing workflow"", ""Verification workflow"", ""Build/CI""], ""l1_theme"": [""User confusion / unclear documentation"", ""Integration failure/issues""], ""l1_theme_secondary"": [""Cognitive Friction"", ""Operational Friction""], ""nielsen_theme"": [""7. Flexibility and efficiency of use"", ""10. Help and documentation""], ""confidence"": 0.86}"
151,sigstore/cosign,3343,,"cosign core, Build/CI","Feature request to add automated PKCS11 (softhsm) signing tests to the GitHub Actions CI pipeline, since these e2e tests currently only run manually and are not covered by existing CI workflows.",non-usability,,,,,0.86,"{""associated_component"": ""cosign core, Build/CI"", ""codes_primary"": ""Feature request to add automated PKCS11 (softhsm) signing tests to the GitHub Actions CI pipeline, since these e2e tests currently only run manually and are not covered by existing CI workflows."", ""usability_non_usability_type"": ""non-usability"", ""associated_component_theme"": [""Build/CI""], ""l1_theme"": [""Missing feature / enhancement request"", ""Build/CI/installation/distribution release issues""], ""l1_theme_secondary"": [""Functional Gap""], ""nielsen_theme"": [], ""confidence"": 0.86}"
152,sigstore/cosign,3368,,"cosign core, CLI","User on cosign 2.2.1 in an offline corporate network reports that verification now fails with a TUF error when trying to skip tlog/SCT, and asks how to bypass TUF and verify signatures with a public key (and why Kyverno verification works while local cosign does not).",usability,"CLI tooling, Verification workflow, Policy/configuration","User confusion / unclear documentation, Configuration friction, Integration failure/issues","Cognitive Friction, Operational Friction","2. Match between system and the real world, 6. Recognition rather than recall, 7. Flexibility and efficiency of use, '9. Help users recognize, diagnose, and recover from errors', 10. Help and documentation",0.82,"{""associated_component"": ""cosign core, CLI"", ""codes_primary"": ""User on cosign 2.2.1 in an offline corporate network reports that verification now fails with a TUF error when trying to skip tlog/SCT, and asks how to bypass TUF and verify signatures with a public key (and why Kyverno verification works while local cosign does not)."", ""usability_non_usability_type"": ""usability"", ""associated_component_theme"": [""CLI tooling"", ""Verification workflow"", ""Policy/configuration""], ""l1_theme"": [""User confusion / unclear documentation"", ""Configuration friction"", ""Integration failure/issues""], ""l1_theme_secondary"": [""Cognitive Friction"", ""Operational Friction""], ""nielsen_theme"": [""2. Match between system and the real world"", ""6. Recognition rather than recall"", ""7. Flexibility and efficiency of use"", ""9. Help users recognize, diagnose, and recover from errors"", ""10. Help and documentation""], ""confidence"": 0.82}"
153,sigstore/cosign,3465,,"cosign core, Fulcio","User asks how to use the Fulcio OtherName SAN attribute from `cosign sign`, and whether it is possible with the public Fulcio instance. Maintainer explains it only works when Fulcio is configured with a username type and SubjectDomain, which the public instance currently is not.",usability,"Core, Authentication/Authorization tools, Signing workflow","User confusion / unclear documentation, Configuration friction","Cognitive Friction, Operational Friction","2. Match between system and the real world, 6. Recognition rather than recall, 10. Help and documentation",0.86,"{""associated_component"": ""cosign core, Fulcio"", ""codes_primary"": ""User asks how to use the Fulcio OtherName SAN attribute from `cosign sign`, and whether it is possible with the public Fulcio instance. Maintainer explains it only works when Fulcio is configured with a username type and SubjectDomain, which the public instance currently is not."", ""usability_non_usability_type"": ""usability"", ""associated_component_theme"": [""Core"", ""Authentication/Authorization tools"", ""Signing workflow""], ""l1_theme"": [""User confusion / unclear documentation"", ""Configuration friction""], ""l1_theme_secondary"": [""Cognitive Friction"", ""Operational Friction""], ""nielsen_theme"": [""2. Match between system and the real world"", ""6. Recognition rather than recall"", ""10. Help and documentation""], ""confidence"": 0.86}"
154,sigstore/cosign,3671,,"sigstore cosign core, Documentation",User follows cosign docs for verifying signatures locally with certificates; the documented command fails with an error requiring --certificate-identity/regexp. Reporter suspects this is a documentation problem and asks for clarification before filing in the docs repo; maintainer confirms it is a docs issue.,usability,"Core, Verification workflow",User confusion / unclear documentation,Cognitive Friction,"10. Help and documentation, 5. Error prevention",0.93,"{""associated_component"": ""sigstore cosign core, Documentation"", ""codes_primary"": ""User follows cosign docs for verifying signatures locally with certificates; the documented command fails with an error requiring --certificate-identity/regexp. Reporter suspects this is a documentation problem and asks for clarification before filing in the docs repo; maintainer confirms it is a docs issue."", ""usability_non_usability_type"": ""usability"", ""associated_component_theme"": [""Core"", ""Verification workflow""], ""l1_theme"": [""User confusion / unclear documentation""], ""l1_theme_secondary"": [""Cognitive Friction""], ""nielsen_theme"": [""10. Help and documentation"", ""5. Error prevention""], ""confidence"": 0.93}"
155,sigstore/cosign,3976,,"cosign core, CLI","User reports that cosign verify fails with 'certificate signed by unknown authority' unless both intermediate and root CA are provided from the same source (attached cert-chain), instead of allowing intermediate+leaf in the registry and only root CA via --ca-roots, causing duplicated certificates and stricter-than-expected chain handling.",non-usability,,,,,0.86,"{""associated_component"": ""cosign core, CLI"", ""codes_primary"": ""User reports that cosign verify fails with 'certificate signed by unknown authority' unless both intermediate and root CA are provided from the same source (attached cert-chain), instead of allowing intermediate+leaf in the registry and only root CA via --ca-roots, causing duplicated certificates and stricter-than-expected chain handling."", ""usability_non_usability_type"": ""non-usability"", ""associated_component_theme"": [""CLI tooling"", ""Verification workflow"", ""Core""], ""l1_theme"": [""Unexpected behavior""], ""l1_theme_secondary"": [""Functional Reliability""], ""nielsen_theme"": [], ""confidence"": 0.86}"
156,sigstore/cosign,4012,,cosign core,User asks whether cosign can use Kanidm as an SSO provider; maintainer replies that any self-hosted Kanidm instance should work as long as it implements OpenID Connect.,usability,"Authentication/Authorization tools, Core",User confusion / unclear documentation,Cognitive Friction,"10. Help and documentation, 4. Consistency and standards",0.86,"{""associated_component"": ""cosign core"", ""codes_primary"": ""User asks whether cosign can use Kanidm as an SSO provider; maintainer replies that any self-hosted Kanidm instance should work as long as it implements OpenID Connect."", ""usability_non_usability_type"": ""usability"", ""associated_component_theme"": [""Authentication/Authorization tools"", ""Core""], ""l1_theme"": [""User confusion / unclear documentation""], ""l1_theme_secondary"": [""Cognitive Friction""], ""nielsen_theme"": [""10. Help and documentation"", ""4. Consistency and standards""], ""confidence"": 0.86}"
157,sigstore/cosign,4076,,"CLI tooling, Core","User reports that using the --replace option on `cosign attest` creates an attestation with the wrong manifest mediaType (Docker v2s2 instead of OCI), causing downstream tools like skopeo to fail with an unsupported media type error.",non-usability,,,,,0.86,"{""associated_component"": ""CLI tooling, Core"", ""codes_primary"": ""User reports that using the --replace option on `cosign attest` creates an attestation with the wrong manifest mediaType (Docker v2s2 instead of OCI), causing downstream tools like skopeo to fail with an unsupported media type error."", ""usability_non_usability_type"": ""non-usability"", ""associated_component_theme"": [""CLI tooling"", ""Core"", ""Signing workflow"", ""Integration failure/issues""], ""l1_theme"": [""Unexpected behavior"", ""Integration failure/issues""], ""l1_theme_secondary"": [""Functional Reliability""], ""nielsen_theme"": [], ""confidence"": 0.86}"
158,sigstore/cosign,4098,,"cosign core, CLI tooling, Verification workflow",Reporter using a private Sigstore instance cannot verify blobs/images after rotating the TSA certificate chain: cosign’s GetTSACerts only supports a single TSA chain and fails when multiple chains (old expired + new) are present as TUF targets. Reporter proposes API/behavior change and offers a PR.,non-usability,,,,,0.86,"{""associated_component"": ""cosign core, CLI tooling, Verification workflow"", ""codes_primary"": ""Reporter using a private Sigstore instance cannot verify blobs/images after rotating the TSA certificate chain: cosign’s GetTSACerts only supports a single TSA chain and fails when multiple chains (old expired + new) are present as TUF targets. Reporter proposes API/behavior change and offers a PR."", ""usability_non_usability_type"": ""non-usability"", ""associated_component_theme"": [""CLI tooling"", ""Verification workflow"", ""Core""], ""l1_theme"": [""Unexpected behavior"", ""Integration failure/issues""], ""l1_theme_secondary"": [""Functional Reliability""], ""nielsen_theme"": [], ""confidence"": 0.86}"
159,sigstore/cosign,4204,,cosign CLI - tree subcommand,"Reporter requests adding OCI 1.1 Referrers API support to `cosign tree` (behind an experimental flag) so it shows all related artifacts (signatures, attestations, bundles) discovered via both cosign’s triangulate convention and OCI referrers. A patch is already prepared in a linked PR.",usability,"CLI tooling, Signing workflow, Verification workflow, Core",Missing feature / enhancement request,Functional Gap,7. Flexibility and efficiency of use,0.86,"{""associated_component"": ""cosign CLI - tree subcommand"", ""codes_primary"": ""Reporter requests adding OCI 1.1 Referrers API support to `cosign tree` (behind an experimental flag) so it shows all related artifacts (signatures, attestations, bundles) discovered via both cosign’s triangulate convention and OCI referrers. A patch is already prepared in a linked PR."", ""usability_non_usability_type"": ""usability"", ""associated_component_theme"": [""CLI tooling"", ""Signing workflow"", ""Verification workflow"", ""Core""], ""l1_theme"": [""Missing feature / enhancement request""], ""l1_theme_secondary"": [""Functional Gap""], ""nielsen_theme"": [""7. Flexibility and efficiency of use""], ""confidence"": 0.86}"
160,sigstore/fulcio,238,,sigstore fulcio core,"User question: running Fulcio via docker-compose with Google Cloud Private CA returns 'Malformed collection name' for the configured gcp_private_ca_parent path, despite following DEVELOPMENT.md and mapping gcloud config; maintainer explains it was due to lack of V1 API support and need to set (now-removed) --gcp_private_ca_version.",usability,"Core, Policy/configuration","User confusion / unclear documentation, Configuration friction, Integration failure/issues","Cognitive Friction, Operational Friction","2. Match between system and the real world, 5. Error prevention, '9. Help users recognize, diagnose, and recover from errors', 10. Help and documentation, 7. Flexibility and efficiency of use",0.86,"{""associated_component"": ""sigstore fulcio core"", ""codes_primary"": ""User question: running Fulcio via docker-compose with Google Cloud Private CA returns 'Malformed collection name' for the configured gcp_private_ca_parent path, despite following DEVELOPMENT.md and mapping gcloud config; maintainer explains it was due to lack of V1 API support and need to set (now-removed) --gcp_private_ca_version."", ""usability_non_usability_type"": ""usability"", ""associated_component_theme"": [""Core"", ""Policy/configuration""], ""l1_theme"": [""User confusion / unclear documentation"", ""Configuration friction"", ""Integration failure/issues""], ""l1_theme_secondary"": [""Cognitive Friction"", ""Operational Friction""], ""nielsen_theme"": [""2. Match between system and the real world"", ""5. Error prevention"", ""9. Help users recognize, diagnose, and recover from errors"", ""10. Help and documentation"", ""7. Flexibility and efficiency of use""], ""confidence"": 0.86}"
161,sigstore/fulcio,243,,fulcio core,"Feature request / discussion to add support in Fulcio for using GitLab CI-provided JWT/OIDC tokens (CI_JOB_JWT / CI_JOB_JWT_V2) as an issuer, including handling GitLab’s audience claim behavior and mapping GitLab-specific claims into certificate extensions for policy and provenance.",non-usability,,,,,0.86,"{""associated_component"": ""fulcio core"", ""codes_primary"": ""Feature request / discussion to add support in Fulcio for using GitLab CI-provided JWT/OIDC tokens (CI_JOB_JWT / CI_JOB_JWT_V2) as an issuer, including handling GitLab’s audience claim behavior and mapping GitLab-specific claims into certificate extensions for policy and provenance."", ""usability_non_usability_type"": ""non-usability"", ""associated_component_theme"": [""Authentication/Authorization tools"", ""Build/CI"", ""Core""], ""l1_theme"": [""Missing feature / enhancement request""], ""l1_theme_secondary"": [""Functional Gap""], ""nielsen_theme"": [], ""confidence"": 0.86}"
