sample_id,repo,issue_number,issue_url,llm_associated_component,llm_codes_primary,llm_usability_type,llm_associated_component_theme,llm_l1_theme,llm_l1_theme_secondary,llm_nielsen_theme,llm_confidence,llm_raw_json
2,Keyfactor/ejbca-ce,55,,"Keyfactor EJBCA (Certificate Authority) - Email/User Notification System, Policy/configuration",User upgraded from EJBCA 6.5 to 7.8.2.1 and is confused about deprecated/changed notification status events and how to trigger email notifications when a user requests a new certificate. Discussion clarifies internal vs usable states and that approval notifications should be configured instead.,usability,"Notification/Logging, Policy/configuration","User confusion / unclear documentation, Configuration friction","Cognitive Friction, Operational Friction","2. Match between system and the real world, '9. Help users recognize, diagnose, and recover from errors', 10. Help and documentation",0.86,"{""associated_component"": ""Keyfactor EJBCA (Certificate Authority) - Email/User Notification System, Policy/configuration"", ""codes_primary"": ""User upgraded from EJBCA 6.5 to 7.8.2.1 and is confused about deprecated/changed notification status events and how to trigger email notifications when a user requests a new certificate. Discussion clarifies internal vs usable states and that approval notifications should be configured instead."", ""usability_non_usability_type"": ""usability"", ""associated_component_theme"": [""Notification/Logging"", ""Policy/configuration""], ""l1_theme"": [""User confusion / unclear documentation"", ""Configuration friction""], ""l1_theme_secondary"": [""Cognitive Friction"", ""Operational Friction""], ""nielsen_theme"": [""2. Match between system and the real world"", ""9. Help users recognize, diagnose, and recover from errors"", ""10. Help and documentation""], ""confidence"": 0.86}"
3,Keyfactor/ejbca-ce,218,,Keyfactor EJBCA (Certificate Authority) core,"User asks whether the SM3WithSM2 and SM3 algorithms are supported, noting that sm2p256v1 is available. Maintainer confirms these algorithms are not currently supported due to low demand and invites community pull requests or commercial feature requests.",usability,Core,Missing feature / enhancement request,Functional Gap,7. Flexibility and efficiency of use,0.86,"{""associated_component"": ""Keyfactor EJBCA (Certificate Authority) core"", ""codes_primary"": ""User asks whether the SM3WithSM2 and SM3 algorithms are supported, noting that sm2p256v1 is available. Maintainer confirms these algorithms are not currently supported due to low demand and invites community pull requests or commercial feature requests."", ""usability_non_usability_type"": ""usability"", ""associated_component_theme"": [""Core""], ""l1_theme"": [""Missing feature / enhancement request""], ""l1_theme_secondary"": [""Functional Gap""], ""nielsen_theme"": [""7. Flexibility and efficiency of use""], ""confidence"": 0.86}"
4,Keyfactor/ejbca-ce,261,,"Keyfactor EJBCA (Certificate Authority) - API, Web Client",User enables REST End Entity Management V2 in EJBCA-CE (via Web UI) but the corresponding REST API endpoint returns 404. They ask if this is still an Enterprise-only feature and note it should not be enable-able if unavailable. Maintainer confirms it’s a bug and will be fixed.,usability,"API, Web Client","Unexpected behavior, Notification/Logging /Web UI Issues","Functional Reliability, Cognitive Friction","1. Visibility of system status, 4. Consistency and standards, 5. Error prevention",0.86,"{""associated_component"": ""Keyfactor EJBCA (Certificate Authority) - API, Web Client"", ""codes_primary"": ""User enables REST End Entity Management V2 in EJBCA-CE (via Web UI) but the corresponding REST API endpoint returns 404. They ask if this is still an Enterprise-only feature and note it should not be enable-able if unavailable. Maintainer confirms it’s a bug and will be fixed."", ""usability_non_usability_type"": ""usability"", ""associated_component_theme"": [""API"", ""Web Client""], ""l1_theme"": [""Unexpected behavior"", ""Notification/Logging /Web UI Issues""], ""l1_theme_secondary"": [""Functional Reliability"", ""Cognitive Friction""], ""nielsen_theme"": [""1. Visibility of system status"", ""4. Consistency and standards"", ""5. Error prevention""], ""confidence"": 0.86}"
5,Keyfactor/ejbca-ce,473,,Keyfactor EJBCA (Certificate Authority) - Web Client,"User reports that after a fresh EJBCA 8.2.0.1 Community setup, the CMP Configuration admin web page no longer shows the text field and 'Add' button to create a new CMP alias, a regression from previous versions. Devs confirm it as a web UI regression fixed in the next release.",non-usability,,,,,0.86,"{""associated_component"": ""Keyfactor EJBCA (Certificate Authority) - Web Client"", ""codes_primary"": ""User reports that after a fresh EJBCA 8.2.0.1 Community setup, the CMP Configuration admin web page no longer shows the text field and 'Add' button to create a new CMP alias, a regression from previous versions. Devs confirm it as a web UI regression fixed in the next release."", ""usability_non_usability_type"": ""non-usability"", ""associated_component_theme"": [""Web Client"", ""Core""], ""l1_theme"": [""Unexpected behavior""], ""l1_theme_secondary"": [""Functional Reliability""], ""nielsen_theme"": [], ""confidence"": 0.86}"
6,Keyfactor/ejbca-ce,520,,Keyfactor EJBCA (Certificate Authority) - API,User reports the CA REST API /ca/status endpoint is unavailable (404) after installing EJBCA CE 8.0 following documentation. They suspect a mismatch between docs and actual capabilities. Maintainer clarifies the endpoint was added in later versions; user confirms they were on an older version.,usability,API,User confusion / unclear documentation,Cognitive Friction,"10. Help and documentation, 4. Consistency and standards",0.9,"{""associated_component"": ""Keyfactor EJBCA (Certificate Authority) - API"", ""codes_primary"": ""User reports the CA REST API /ca/status endpoint is unavailable (404) after installing EJBCA CE 8.0 following documentation. They suspect a mismatch between docs and actual capabilities. Maintainer clarifies the endpoint was added in later versions; user confirms they were on an older version."", ""usability_non_usability_type"": ""usability"", ""associated_component_theme"": [""API""], ""l1_theme"": [""User confusion / unclear documentation""], ""l1_theme_secondary"": [""Cognitive Friction""], ""nielsen_theme"": [""10. Help and documentation"", ""4. Consistency and standards""], ""confidence"": 0.9}"
7,Keyfactor/ejbca-ce,568,,Keyfactor EJBCA (Certificate Authority) core,User reports compatibility issues running EJBCA 8 on Wildfly 31 due to incomplete migration from javax to jakarta listener and filter classes. They request guidance or a compatible EJBCA version that works with the latest Wildfly releases.,usability,Core,"Integration failure/issues, Missing feature / enhancement request","Functional Gap, Operational Friction","7. Flexibility and efficiency of use, 10. Help and documentation",0.86,"{""associated_component"": ""Keyfactor EJBCA (Certificate Authority) core"", ""codes_primary"": ""User reports compatibility issues running EJBCA 8 on Wildfly 31 due to incomplete migration from javax to jakarta listener and filter classes. They request guidance or a compatible EJBCA version that works with the latest Wildfly releases."", ""usability_non_usability_type"": ""usability"", ""associated_component_theme"": [""Core""], ""l1_theme"": [""Integration failure/issues"", ""Missing feature / enhancement request""], ""l1_theme_secondary"": [""Functional Gap"", ""Operational Friction""], ""nielsen_theme"": [""7. Flexibility and efficiency of use"", ""10. Help and documentation""], ""confidence"": 0.86}"
8,Keyfactor/ejbca-ce,577,,"Keyfactor EJBCA (Certificate Authority) - Key Management Core / Secrets Backend, API",User asks if EJBCA can generate PKCS#12 objects using HSM-backed end-entity keys. Maintainer clarifies this is not supported; users must implement their own RA integration component and can use existing APIs for key recovery storage.,usability,"Key Management Core / Secrets Backend, API","Missing feature / enhancement request, User confusion / unclear documentation","Functional Gap, Cognitive Friction","7. Flexibility and efficiency of use, 10. Help and documentation",0.86,"{""associated_component"": ""Keyfactor EJBCA (Certificate Authority) - Key Management Core / Secrets Backend, API"", ""codes_primary"": ""User asks if EJBCA can generate PKCS#12 objects using HSM-backed end-entity keys. Maintainer clarifies this is not supported; users must implement their own RA integration component and can use existing APIs for key recovery storage."", ""usability_non_usability_type"": ""usability"", ""associated_component_theme"": [""Key Management Core / Secrets Backend"", ""API""], ""l1_theme"": [""Missing feature / enhancement request"", ""User confusion / unclear documentation""], ""l1_theme_secondary"": [""Functional Gap"", ""Cognitive Friction""], ""nielsen_theme"": [""7. Flexibility and efficiency of use"", ""10. Help and documentation""], ""confidence"": 0.86}"
9,Keyfactor/ejbca-ce,824,,"Keyfactor EJBCA (Certificate Authority) - Release pipeline, Core","User reports that GitHub tag/download for version 8.3.2 is missing, while official documentation still references this version for upgrades. They request help accessing it; maintainers confirm a tagging issue and provide alternative download locations and plan to restore tags.",usability,"Release pipeline, Core","Build/CI/installation/distribution release issues, User confusion / unclear documentation","Operational Friction, Cognitive Friction","7. Flexibility and efficiency of use, 10. Help and documentation",0.86,"{""associated_component"": ""Keyfactor EJBCA (Certificate Authority) - Release pipeline, Core"", ""codes_primary"": ""User reports that GitHub tag/download for version 8.3.2 is missing, while official documentation still references this version for upgrades. They request help accessing it; maintainers confirm a tagging issue and provide alternative download locations and plan to restore tags."", ""usability_non_usability_type"": ""usability"", ""associated_component_theme"": [""Release pipeline"", ""Core""], ""l1_theme"": [""Build/CI/installation/distribution release issues"", ""User confusion / unclear documentation""], ""l1_theme_secondary"": [""Operational Friction"", ""Cognitive Friction""], ""nielsen_theme"": [""7. Flexibility and efficiency of use"", ""10. Help and documentation""], ""confidence"": 0.86}"
10,Keyfactor/signserver-ce,5,,"Keyfactor SignServer - CLI, Policy/configuration",User runs the SignServer CLI command `signserver getstatus brief all` and gets an EJB unexpected error in one environment only. Maintainer traces it to a specific PKCS11CryptoToken worker property; removing `ATTRIBUTE.PRIVATE.RSA.CKA_ALLOWED_MECHANISMS` fixes the failure.,usability,"CLI tooling, Policy/configuration","Configuration friction, Unexpected behavior","Cognitive Friction, Functional Reliability","5. Error prevention, '9. Help users recognize, diagnose, and recover from errors']",0.86,"{""associated_component"": ""Keyfactor SignServer - CLI, Policy/configuration"", ""codes_primary"": ""User runs the SignServer CLI command `signserver getstatus brief all` and gets an EJB unexpected error in one environment only. Maintainer traces it to a specific PKCS11CryptoToken worker property; removing `ATTRIBUTE.PRIVATE.RSA.CKA_ALLOWED_MECHANISMS` fixes the failure."", ""usability_non_usability_type"": ""usability"", ""associated_component_theme"": [""CLI tooling"", ""Policy/configuration""], ""l1_theme"": [""Configuration friction"", ""Unexpected behavior""], ""l1_theme_secondary"": [""Cognitive Friction"", ""Functional Reliability""], ""nielsen_theme"": [""5. Error prevention"", ""9. Help users recognize, diagnose, and recover from errors""], ""confidence"": 0.86}"
11,hashicorp/vault,13243,,"HashiCorp Vault - Key Management Core / Secrets Backend, Core","User submits a feature request to change the transit backend’s encryption scheme so keys do not require rotation after 2^32 uses, proposing XChaCha20-Poly1305 or similar constructions. Motivation is to simplify operations by removing nonce-exhaustion-driven key rotation concerns.",usability,"Key Management Core / Secrets Backend, Core","Missing feature / enhancement request, Security concerns, Tedious Workflows","Functional Gap, Operational Friction","7. Flexibility and efficiency of use, 5. Error prevention",0.86,"{""associated_component"": ""HashiCorp Vault - Key Management Core / Secrets Backend, Core"", ""codes_primary"": ""User submits a feature request to change the transit backend’s encryption scheme so keys do not require rotation after 2^32 uses, proposing XChaCha20-Poly1305 or similar constructions. Motivation is to simplify operations by removing nonce-exhaustion-driven key rotation concerns."", ""usability_non_usability_type"": ""usability"", ""associated_component_theme"": [""Key Management Core / Secrets Backend"", ""Core""], ""l1_theme"": [""Missing feature / enhancement request"", ""Security concerns"", ""Tedious Workflows""], ""l1_theme_secondary"": [""Functional Gap"", ""Operational Friction""], ""nielsen_theme"": [""7. Flexibility and efficiency of use"", ""5. Error prevention""], ""confidence"": 0.86}"
12,hashicorp/vault,13246,,"HashiCorp Vault core, CLI tooling, Policy/configuration","User deployed Vault on GKE via Helm with GCS storage and GCP KMS seal, but Vault will not initialize. CLI init and status commands fail with connection refused on 127.0.0.1:8200 and logs show GCS storage migration check errors related to missing GCE metadata/service account scopes.",non-usability,,,,,0.86,"{""associated_component"": ""HashiCorp Vault core, CLI tooling, Policy/configuration"", ""codes_primary"": ""User deployed Vault on GKE via Helm with GCS storage and GCP KMS seal, but Vault will not initialize. CLI init and status commands fail with connection refused on 127.0.0.1:8200 and logs show GCS storage migration check errors related to missing GCE metadata/service account scopes."", ""usability_non_usability_type"": ""non-usability"", ""associated_component_theme"": [""Core"", ""CLI tooling"", ""Policy/configuration"", ""Key Management Core / Secrets Backend""], ""l1_theme"": [""Unexpected behavior"", ""Integration failure/issues""], ""l1_theme_secondary"": [""Functional Reliability"", ""Functional Gap""], ""nielsen_theme"": [], ""confidence"": 0.86}"
13,hashicorp/vault,13304,,HashiCorp Vault core,"Reporter requests downgrading HA lock acquisition retry log messages from error to warning/info. In long DB maintenance or read-only storage scenarios, repeated error-level logs flood logging/alerting systems even though Vault is behaving as designed and recovering, causing operational noise.",usability,"Notification/Logging, Core","Missing feature / enhancement request, Notification/Logging /Web UI Issues",Operational Friction,"1. Visibility of system status, 8. Aesthetic and minimalist design, '9. Help users recognize, diagnose, and recover from errors']",0.86,"{""associated_component"": ""HashiCorp Vault core"", ""codes_primary"": ""Reporter requests downgrading HA lock acquisition retry log messages from error to warning/info. In long DB maintenance or read-only storage scenarios, repeated error-level logs flood logging/alerting systems even though Vault is behaving as designed and recovering, causing operational noise."", ""usability_non_usability_type"": ""usability"", ""associated_component_theme"": [""Notification/Logging"", ""Core""], ""l1_theme"": [""Missing feature / enhancement request"", ""Notification/Logging /Web UI Issues""], ""l1_theme_secondary"": [""Operational Friction""], ""nielsen_theme"": [""1. Visibility of system status"", ""8. Aesthetic and minimalist design"", ""9. Help users recognize, diagnose, and recover from errors""], ""confidence"": 0.86}"
14,hashicorp/vault,13305,,"HashiCorp Vault - Key Management Core / Secrets Backend, Policy/configuration","User initially misconfigured Vault to use Azure blob storage, then resolved it and asked a follow-up question about Azure storage limits and how Vault behaves when secrets exceed the documented 4MB per-blob limit, indicating confusion about backend storage behavior and documentation.",usability,"Key Management Core / Secrets Backend, Policy/configuration",User confusion / unclear documentation,Cognitive Friction,"10. Help and documentation, 2. Match between system and the real world",0.86,"{""associated_component"": ""HashiCorp Vault - Key Management Core / Secrets Backend, Policy/configuration"", ""codes_primary"": ""User initially misconfigured Vault to use Azure blob storage, then resolved it and asked a follow-up question about Azure storage limits and how Vault behaves when secrets exceed the documented 4MB per-blob limit, indicating confusion about backend storage behavior and documentation."", ""usability_non_usability_type"": ""usability"", ""associated_component_theme"": [""Key Management Core / Secrets Backend"", ""Policy/configuration""], ""l1_theme"": [""User confusion / unclear documentation""], ""l1_theme_secondary"": [""Cognitive Friction""], ""nielsen_theme"": [""10. Help and documentation"", ""2. Match between system and the real world""], ""confidence"": 0.86}"
15,hashicorp/vault,13319,,HashiCorp Vault - Policy/configuration,"User submits a feature request/critique about Vault ACL policy path pattern and wildcard design, arguing it is counterintuitive and inconsistent with common Unix/Python/Java glob semantics. They find the use of * and + in paths confusing and misaligned with expectations, causing cognitive friction.",usability,Policy/configuration,"Missing feature / enhancement request, User confusion / unclear documentation","Cognitive Friction, Functional Gap","2. Match between system and the real world, 4. Consistency and standards, 10. Help and documentation",0.86,"{""associated_component"": ""HashiCorp Vault - Policy/configuration"", ""codes_primary"": ""User submits a feature request/critique about Vault ACL policy path pattern and wildcard design, arguing it is counterintuitive and inconsistent with common Unix/Python/Java glob semantics. They find the use of * and + in paths confusing and misaligned with expectations, causing cognitive friction."", ""usability_non_usability_type"": ""usability"", ""associated_component_theme"": [""Policy/configuration""], ""l1_theme"": [""Missing feature / enhancement request"", ""User confusion / unclear documentation""], ""l1_theme_secondary"": [""Cognitive Friction"", ""Functional Gap""], ""nielsen_theme"": [""2. Match between system and the real world"", ""4. Consistency and standards"", ""10. Help and documentation""], ""confidence"": 0.86}"
16,hashicorp/vault,13346,,HashiCorp Vault core,"User asks if there is a way to hide Vault’s default port 8200 from the FQDN or VM IP. Maintainer clarifies this is not a bug, suggests using network ACLs, security groups, or firewalls to restrict access, and notes the port itself cannot be hidden.",usability,"Core, Policy/configuration",User confusion / unclear documentation,Cognitive Friction,10. Help and documentation,0.86,"{""associated_component"": ""HashiCorp Vault core"", ""codes_primary"": ""User asks if there is a way to hide Vault’s default port 8200 from the FQDN or VM IP. Maintainer clarifies this is not a bug, suggests using network ACLs, security groups, or firewalls to restrict access, and notes the port itself cannot be hidden."", ""usability_non_usability_type"": ""usability"", ""associated_component_theme"": [""Core"", ""Policy/configuration""], ""l1_theme"": [""User confusion / unclear documentation""], ""l1_theme_secondary"": [""Cognitive Friction""], ""nielsen_theme"": [""10. Help and documentation""], ""confidence"": 0.86}"
17,hashicorp/vault,13358,,"HashiCorp Vault - Authentication, CLI tooling","User reports that running `vault auth help oidc` shows help text for `vault login -method=oidc` instead of explaining how to use `vault auth` with OIDC. Maintainer clarifies correct commands (`vault auth`, `vault auth <subcommand> -h`, `vault path-help auth/oidc`) and closes issue.",usability,"Authentication/Authorization tools, CLI tooling",User confusion / unclear documentation,Cognitive Friction,"10. Help and documentation, 4. Consistency and standards",0.86,"{""associated_component"": ""HashiCorp Vault - Authentication, CLI tooling"", ""codes_primary"": ""User reports that running `vault auth help oidc` shows help text for `vault login -method=oidc` instead of explaining how to use `vault auth` with OIDC. Maintainer clarifies correct commands (`vault auth`, `vault auth <subcommand> -h`, `vault path-help auth/oidc`) and closes issue."", ""usability_non_usability_type"": ""usability"", ""associated_component_theme"": [""Authentication/Authorization tools"", ""CLI tooling""], ""l1_theme"": [""User confusion / unclear documentation""], ""l1_theme_secondary"": [""Cognitive Friction""], ""nielsen_theme"": [""10. Help and documentation"", ""4. Consistency and standards""], ""confidence"": 0.86}"
18,hashicorp/vault,13364,,"HashiCorp Vault core, API, Policy/configuration","Bug report: /sign-verbatim PKI API ignores key_usage and ext_key_usage request parameters when the CSR already contains those extensions, issuing certificates with usages from the CSR instead of enforcing the requested restrictions. Reporter provides clear reproduction steps and expected behavior for enforcing or rejecting mismatched usages.",non-usability,,,,,0.9,"{""associated_component"": ""HashiCorp Vault core, API, Policy/configuration"", ""codes_primary"": ""Bug report: /sign-verbatim PKI API ignores key_usage and ext_key_usage request parameters when the CSR already contains those extensions, issuing certificates with usages from the CSR instead of enforcing the requested restrictions. Reporter provides clear reproduction steps and expected behavior for enforcing or rejecting mismatched usages."", ""usability_non_usability_type"": ""non-usability"", ""associated_component_theme"": [""API"", ""Policy/configuration"", ""Core""], ""l1_theme"": [""Unexpected behavior""], ""l1_theme_secondary"": [""Functional Reliability""], ""nielsen_theme"": [], ""confidence"": 0.9}"
19,hashicorp/vault,13388,,HashiCorp Vault - Key Management Core / Secrets Backend,"User reports hitting PostgreSQL row-size limits when Vault’s PostgreSQL database secrets engine grants many privileges directly to each dynamic role. They propose a workaround using a generic role that holds privileges and is granted to dynamic roles, and request better documentation and cleanup options.",usability,Key Management Core / Secrets Backend,"Missing feature / enhancement request, Integration failure/issues, User confusion / unclear documentation, Tedious Workflows","Functional Gap, Operational Friction","5. Error prevention, 7. Flexibility and efficiency of use, '9. Help users recognize, diagnose, and recover from errors', 10. Help and documentation",0.86,"{""associated_component"": ""HashiCorp Vault - Key Management Core / Secrets Backend"", ""codes_primary"": ""User reports hitting PostgreSQL row-size limits when Vault’s PostgreSQL database secrets engine grants many privileges directly to each dynamic role. They propose a workaround using a generic role that holds privileges and is granted to dynamic roles, and request better documentation and cleanup options."", ""usability_non_usability_type"": ""usability"", ""associated_component_theme"": [""Key Management Core / Secrets Backend""], ""l1_theme"": [""Missing feature / enhancement request"", ""Integration failure/issues"", ""User confusion / unclear documentation"", ""Tedious Workflows""], ""l1_theme_secondary"": [""Functional Gap"", ""Operational Friction""], ""nielsen_theme"": [""5. Error prevention"", ""7. Flexibility and efficiency of use"", ""9. Help users recognize, diagnose, and recover from errors"", ""10. Help and documentation""], ""confidence"": 0.86}"
20,hashicorp/vault,14225,,HashiCorp Vault core,"Bug report: Vault’s Kubernetes service registration client reads the service account token only at initialization, so with short-lived Kubernetes tokens it continues using a stale token. Reporter demonstrates via audit logs and expects periodic token refresh to keep service registration working in future Kubernetes versions.",non-usability,,,,,0.86,"{""associated_component"": ""HashiCorp Vault core"", ""codes_primary"": ""Bug report: Vault’s Kubernetes service registration client reads the service account token only at initialization, so with short-lived Kubernetes tokens it continues using a stale token. Reporter demonstrates via audit logs and expects periodic token refresh to keep service registration working in future Kubernetes versions."", ""usability_non_usability_type"": ""non-usability"", ""associated_component_theme"": [""Core"", ""Notification/Logging""], ""l1_theme"": [""Unexpected behavior""], ""l1_theme_secondary"": [""Functional Reliability""], ""nielsen_theme"": [], ""confidence"": 0.86}"
21,hashicorp/vault,14275,,"HashiCorp Vault core, API, Authentication/Authorization tools","User cannot successfully call the token lookup API for a userpass token using curl, receiving a permission denied error while the same call with the root token works. They are unsure what is missing in their setup and ask for guidance and example scripts.",usability,"API, Authentication/Authorization tools, Core","User confusion / unclear documentation, Authentication friction","Cognitive Friction, Operational Friction","['9. Help users recognize, diagnose, and recover from errors', 10. Help and documentation",0.86,"{""associated_component"": ""HashiCorp Vault core, API, Authentication/Authorization tools"", ""codes_primary"": ""User cannot successfully call the token lookup API for a userpass token using curl, receiving a permission denied error while the same call with the root token works. They are unsure what is missing in their setup and ask for guidance and example scripts."", ""usability_non_usability_type"": ""usability"", ""associated_component_theme"": [""API"", ""Authentication/Authorization tools"", ""Core""], ""l1_theme"": [""User confusion / unclear documentation"", ""Authentication friction""], ""l1_theme_secondary"": [""Cognitive Friction"", ""Operational Friction""], ""nielsen_theme"": [""9. Help users recognize, diagnose, and recover from errors"", ""10. Help and documentation""], ""confidence"": 0.86}"
22,hashicorp/vault,14394,,"HashiCorp Vault - CLI, Core",Bug report: running `vault debug -duration=5s` on Windows causes a panic during the bundling/indexing phase instead of producing the expected debug tarball. A stack trace is provided; issue appears to affect any Vault CLI version when run on Windows.,non-usability,,,,,0.93,"{""associated_component"": ""HashiCorp Vault - CLI, Core"", ""codes_primary"": ""Bug report: running `vault debug -duration=5s` on Windows causes a panic during the bundling/indexing phase instead of producing the expected debug tarball. A stack trace is provided; issue appears to affect any Vault CLI version when run on Windows."", ""usability_non_usability_type"": ""non-usability"", ""associated_component_theme"": [""CLI tooling"", ""Core""], ""l1_theme"": [""Unexpected behavior""], ""l1_theme_secondary"": [""Functional Reliability""], ""nielsen_theme"": [], ""confidence"": 0.93}"
23,hashicorp/vault,15196,,"HashiCorp Vault - Web Client, API, Policy/configuration","Bug report: when a policy allows updating only group membership fields, editing a group via the web UI fails with 'Permission Denied' because the UI sends a full PUT including unchanged fields the user cannot write. CLI works when only permitted fields are sent. Reporter suggests UI or backend change.",usability,"Web Client, API, Policy/configuration","Unexpected behavior, Notification/Logging /Web UI Issues","Functional Reliability, Operational Friction","3. User control and freedom, 5. Error prevention, '9. Help users recognize, diagnose, and recover from errors']",0.9,"{""associated_component"": ""HashiCorp Vault - Web Client, API, Policy/configuration"", ""codes_primary"": ""Bug report: when a policy allows updating only group membership fields, editing a group via the web UI fails with 'Permission Denied' because the UI sends a full PUT including unchanged fields the user cannot write. CLI works when only permitted fields are sent. Reporter suggests UI or backend change."", ""usability_non_usability_type"": ""usability"", ""associated_component_theme"": [""Web Client"", ""API"", ""Policy/configuration""], ""l1_theme"": [""Unexpected behavior"", ""Notification/Logging /Web UI Issues""], ""l1_theme_secondary"": [""Functional Reliability"", ""Operational Friction""], ""nielsen_theme"": [""3. User control and freedom"", ""5. Error prevention"", ""9. Help users recognize, diagnose, and recover from errors""], ""confidence"": 0.9}"
24,hashicorp/vault,15210,,HashiCorp Vault core,"User reports that upgrading a 3-node Vault Raft cluster from v1.8.9 to v1.9.4 fails when adding a new node. The new node exits on startup with an address template parsing error due to a bad interaction with recent address templating code, fixed in a later PR.",non-usability,,,,,0.86,"{""associated_component"": ""HashiCorp Vault core"", ""codes_primary"": ""User reports that upgrading a 3-node Vault Raft cluster from v1.8.9 to v1.9.4 fails when adding a new node. The new node exits on startup with an address template parsing error due to a bad interaction with recent address templating code, fixed in a later PR."", ""usability_non_usability_type"": ""non-usability"", ""associated_component_theme"": [""Core""], ""l1_theme"": [""Unexpected behavior""], ""l1_theme_secondary"": [""Functional Reliability""], ""nielsen_theme"": [], ""confidence"": 0.86}"
25,hashicorp/vault,15252,,HashiCorp Vault - CLI,"Reporter notes inaccuracies and suboptimal ordering in the `vault operator generate-root` CLI help text: the `-otp` flag description is misleading for unseal key shards, and a simpler one-step OTP-based workflow is not highlighted, suggesting improvements to make help more accurate and useful.",usability,CLI tooling,"User confusion / unclear documentation, Tedious Workflows","Cognitive Friction, Operational Friction","7. Flexibility and efficiency of use, 10. Help and documentation",0.9,"{""associated_component"": ""HashiCorp Vault - CLI"", ""codes_primary"": ""Reporter notes inaccuracies and suboptimal ordering in the `vault operator generate-root` CLI help text: the `-otp` flag description is misleading for unseal key shards, and a simpler one-step OTP-based workflow is not highlighted, suggesting improvements to make help more accurate and useful."", ""usability_non_usability_type"": ""usability"", ""associated_component_theme"": [""CLI tooling""], ""l1_theme"": [""User confusion / unclear documentation"", ""Tedious Workflows""], ""l1_theme_secondary"": [""Cognitive Friction"", ""Operational Friction""], ""nielsen_theme"": [""7. Flexibility and efficiency of use"", ""10. Help and documentation""], ""confidence"": 0.9}"
26,hashicorp/vault,15641,,HashiCorp Vault core,"User believes specific Vault versions are missing from the APT repository when installing via apt. Maintainer explains the change to Debian revision naming and how to specify the version correctly (e.g., 1.10.3-1 or 1.10.1-*), resolving the confusion.",usability,"Build/CI, Release pipeline","User confusion / unclear documentation, Build/CI/installation/distribution release issues","Cognitive Friction, Operational Friction","2. Match between system and the real world, '9. Help users recognize, diagnose, and recover from errors', 10. Help and documentation",0.86,"{""associated_component"": ""HashiCorp Vault core"", ""codes_primary"": ""User believes specific Vault versions are missing from the APT repository when installing via apt. Maintainer explains the change to Debian revision naming and how to specify the version correctly (e.g., 1.10.3-1 or 1.10.1-*), resolving the confusion."", ""usability_non_usability_type"": ""usability"", ""associated_component_theme"": [""Build/CI"", ""Release pipeline""], ""l1_theme"": [""User confusion / unclear documentation"", ""Build/CI/installation/distribution release issues""], ""l1_theme_secondary"": [""Cognitive Friction"", ""Operational Friction""], ""nielsen_theme"": [""2. Match between system and the real world"", ""9. Help users recognize, diagnose, and recover from errors"", ""10. Help and documentation""], ""confidence"": 0.86}"
27,hashicorp/vault,16151,,HashiCorp Vault core,"User running Vault 1.6.5 in Kubernetes reports that Vault continually spawns goroutines under load, leading to out-of-memory kills and pod restarts. Maintainers conclude this is normal behavior under load and recommend allocating more memory and upgrading Vault rather than treating it as a bug.",non-usability,,,,,0.86,"{""associated_component"": ""HashiCorp Vault core"", ""codes_primary"": ""User running Vault 1.6.5 in Kubernetes reports that Vault continually spawns goroutines under load, leading to out-of-memory kills and pod restarts. Maintainers conclude this is normal behavior under load and recommend allocating more memory and upgrading Vault rather than treating it as a bug."", ""usability_non_usability_type"": ""non-usability"", ""associated_component_theme"": [""Core""], ""l1_theme"": [""Performance issue""], ""l1_theme_secondary"": [""Functional Reliability""], ""nielsen_theme"": [], ""confidence"": 0.86}"
28,hashicorp/vault,16158,,"HashiCorp Vault core, CLI tooling, Policy/configuration","User reports that in a three-node HA Vault cluster using Raft storage and Azure Key Vault auto-unseal, only the initialized leader auto-unseals. The other nodes report successful raft join but remain sealed/uninitialized, suggesting a join/auto-unseal configuration or workflow problem, with TLS/raft setup confusion.",usability,"Core, CLI tooling, Policy/configuration","Unexpected behavior, Configuration friction, Integration failure/issues, User confusion / unclear documentation","Functional Reliability, Operational Friction, Cognitive Friction","1. Visibility of system status, 5. Error prevention, '9. Help users recognize, diagnose, and recover from errors', 10. Help and documentation",0.86,"{""associated_component"": ""HashiCorp Vault core, CLI tooling, Policy/configuration"", ""codes_primary"": ""User reports that in a three-node HA Vault cluster using Raft storage and Azure Key Vault auto-unseal, only the initialized leader auto-unseals. The other nodes report successful raft join but remain sealed/uninitialized, suggesting a join/auto-unseal configuration or workflow problem, with TLS/raft setup confusion."", ""usability_non_usability_type"": ""usability"", ""associated_component_theme"": [""Core"", ""CLI tooling"", ""Policy/configuration""], ""l1_theme"": [""Unexpected behavior"", ""Configuration friction"", ""Integration failure/issues"", ""User confusion / unclear documentation""], ""l1_theme_secondary"": [""Functional Reliability"", ""Operational Friction"", ""Cognitive Friction""], ""nielsen_theme"": [""1. Visibility of system status"", ""5. Error prevention"", ""9. Help users recognize, diagnose, and recover from errors"", ""10. Help and documentation""], ""confidence"": 0.86}"
29,hashicorp/vault,16282,,HashiCorp Vault - API,"User requests a dedicated Go client method to create and configure AppRole role_id and secret_id, similar to existing EnableAuthWithOptions, instead of having to use lower-level Logical API calls. They find the current mix of dedicated methods and raw logical writes inconsistent.",usability,API,"Missing feature / enhancement request, Tedious Workflows","Functional Gap, Operational Friction","4. Consistency and standards, 7. Flexibility and efficiency of use",0.86,"{""associated_component"": ""HashiCorp Vault - API"", ""codes_primary"": ""User requests a dedicated Go client method to create and configure AppRole role_id and secret_id, similar to existing EnableAuthWithOptions, instead of having to use lower-level Logical API calls. They find the current mix of dedicated methods and raw logical writes inconsistent."", ""usability_non_usability_type"": ""usability"", ""associated_component_theme"": [""API""], ""l1_theme"": [""Missing feature / enhancement request"", ""Tedious Workflows""], ""l1_theme_secondary"": [""Functional Gap"", ""Operational Friction""], ""nielsen_theme"": [""4. Consistency and standards"", ""7. Flexibility and efficiency of use""], ""confidence"": 0.86}"
30,hashicorp/vault,16367,,"HashiCorp Vault - Key Management Core / Secrets Backend, API, Web Client","Feature request: user needs Vault transit engine to support RSA pkcs1v15 padding for encrypt, decrypt, datakey, and rewrap operations to comply with a fintech standard. Current lack of padding choice forces a plugin workaround; they propose core support and will provide a PR including UI support.",usability,"Key Management Core / Secrets Backend, API, Web Client",Missing feature / enhancement request,Functional Gap,7. Flexibility and efficiency of use,0.9,"{""associated_component"": ""HashiCorp Vault - Key Management Core / Secrets Backend, API, Web Client"", ""codes_primary"": ""Feature request: user needs Vault transit engine to support RSA pkcs1v15 padding for encrypt, decrypt, datakey, and rewrap operations to comply with a fintech standard. Current lack of padding choice forces a plugin workaround; they propose core support and will provide a PR including UI support."", ""usability_non_usability_type"": ""usability"", ""associated_component_theme"": [""Key Management Core / Secrets Backend"", ""API"", ""Web Client""], ""l1_theme"": [""Missing feature / enhancement request""], ""l1_theme_secondary"": [""Functional Gap""], ""nielsen_theme"": [""7. Flexibility and efficiency of use""], ""confidence"": 0.9}"
31,hashicorp/vault,16424,,HashiCorp Vault core,User on SUSE Linux Enterprise Micro reports Vault binaries not working and notes lack of documentation for this OS. Maintainers request more detail and demonstrate a working setup using the standard Linux AMD64 binary in a SUSE micro container. User confirms resolution and asks about podman vs Docker.,usability,"Build/CI, Core","Build/CI/installation/distribution release issues, User confusion / unclear documentation","Operational Friction, Cognitive Friction","7. Flexibility and efficiency of use, 10. Help and documentation",0.86,"{""associated_component"": ""HashiCorp Vault core"", ""codes_primary"": ""User on SUSE Linux Enterprise Micro reports Vault binaries not working and notes lack of documentation for this OS. Maintainers request more detail and demonstrate a working setup using the standard Linux AMD64 binary in a SUSE micro container. User confirms resolution and asks about podman vs Docker."", ""usability_non_usability_type"": ""usability"", ""associated_component_theme"": [""Build/CI"", ""Core""], ""l1_theme"": [""Build/CI/installation/distribution release issues"", ""User confusion / unclear documentation""], ""l1_theme_secondary"": [""Operational Friction"", ""Cognitive Friction""], ""nielsen_theme"": [""7. Flexibility and efficiency of use"", ""10. Help and documentation""], ""confidence"": 0.86}"
32,hashicorp/vault,16529,,"HashiCorp Vault - Key Management Core / Secrets Backend, API","User requests an enhancement to allow PKI engines to sign arbitrary data per-tenant, analogous to data encryption, to avoid exposing private keys as secrets. They propose a new PKI API endpoint and note current workflow is insecure/awkward in multitenant mTLS environments.",usability,"Key Management Core / Secrets Backend, API","Missing feature / enhancement request, Security concerns, Tedious Workflows","Functional Gap, Operational Friction","7. Flexibility and efficiency of use, 5. Error prevention",0.86,"{""associated_component"": ""HashiCorp Vault - Key Management Core / Secrets Backend, API"", ""codes_primary"": ""User requests an enhancement to allow PKI engines to sign arbitrary data per-tenant, analogous to data encryption, to avoid exposing private keys as secrets. They propose a new PKI API endpoint and note current workflow is insecure/awkward in multitenant mTLS environments."", ""usability_non_usability_type"": ""usability"", ""associated_component_theme"": [""Key Management Core / Secrets Backend"", ""API""], ""l1_theme"": [""Missing feature / enhancement request"", ""Security concerns"", ""Tedious Workflows""], ""l1_theme_secondary"": [""Functional Gap"", ""Operational Friction""], ""nielsen_theme"": [""7. Flexibility and efficiency of use"", ""5. Error prevention""], ""confidence"": 0.86}"
33,hashicorp/vault,16750,,"HashiCorp Vault - Authentication/Authorization tools, CLI tooling, API, Policy/configuration","Bug report: configuring an identity MFA login-enforcement endpoint with multiple identity_group_ids via the Vault CLI/API fails with a 400 error claiming a non-existent group ID, while single group IDs work and other endpoints accept arrays. User tried multiple input formats; environment and config details provided.",non-usability,,,,,0.86,"{""associated_component"": ""HashiCorp Vault - Authentication/Authorization tools, CLI tooling, API, Policy/configuration"", ""codes_primary"": ""Bug report: configuring an identity MFA login-enforcement endpoint with multiple identity_group_ids via the Vault CLI/API fails with a 400 error claiming a non-existent group ID, while single group IDs work and other endpoints accept arrays. User tried multiple input formats; environment and config details provided."", ""usability_non_usability_type"": ""non-usability"", ""associated_component_theme"": [""Authentication/Authorization tools"", ""CLI tooling"", ""API"", ""Policy/configuration""], ""l1_theme"": [""Unexpected behavior""], ""l1_theme_secondary"": [""Functional Reliability""], ""nielsen_theme"": [], ""confidence"": 0.86}"
34,hashicorp/vault,16820,,hashicorp/vault core,"Feature request for Vault to send customizable email or push notifications to specified recipients when credentials are about to expire, are updated/changed, or become invalid, instead of building an external webhook-based polling integration.",usability,"Notification/Logging, Key Management Core / Secrets Backend","Missing feature / enhancement request, Tedious Workflows","Functional Gap, Operational Friction",7. Flexibility and efficiency of use,0.86,"{""associated_component"": ""hashicorp/vault core"", ""codes_primary"": ""Feature request for Vault to send customizable email or push notifications to specified recipients when credentials are about to expire, are updated/changed, or become invalid, instead of building an external webhook-based polling integration."", ""usability_non_usability_type"": ""usability"", ""associated_component_theme"": [""Notification/Logging"", ""Key Management Core / Secrets Backend""], ""l1_theme"": [""Missing feature / enhancement request"", ""Tedious Workflows""], ""l1_theme_secondary"": [""Functional Gap"", ""Operational Friction""], ""nielsen_theme"": [""7. Flexibility and efficiency of use""], ""confidence"": 0.86}"
35,hashicorp/vault,17130,,"HashiCorp Vault - Authentication, CLI tooling","User reports that during CLI OIDC login, Vault always listens on insecure http://localhost:8250 even when callbackmethod=https and a different port are configured. Their IdP forbids non-HTTPS redirect URIs, forcing awkward workarounds (e.g., local TLS proxy). Discussion questions intent of callbackmethod and whether docs or implementation should change.",usability,"Authentication/Authorization tools, CLI tooling","Integration failure/issues, User confusion / unclear documentation, Missing feature / enhancement request","Functional Gap, Cognitive Friction","2. Match between system and the real world, 7. Flexibility and efficiency of use, '9. Help users recognize, diagnose, and recover from errors', 10. Help and documentation",0.86,"{""associated_component"": ""HashiCorp Vault - Authentication, CLI tooling"", ""codes_primary"": ""User reports that during CLI OIDC login, Vault always listens on insecure http://localhost:8250 even when callbackmethod=https and a different port are configured. Their IdP forbids non-HTTPS redirect URIs, forcing awkward workarounds (e.g., local TLS proxy). Discussion questions intent of callbackmethod and whether docs or implementation should change."", ""usability_non_usability_type"": ""usability"", ""associated_component_theme"": [""Authentication/Authorization tools"", ""CLI tooling""], ""l1_theme"": [""Integration failure/issues"", ""User confusion / unclear documentation"", ""Missing feature / enhancement request""], ""l1_theme_secondary"": [""Functional Gap"", ""Cognitive Friction""], ""nielsen_theme"": [""2. Match between system and the real world"", ""7. Flexibility and efficiency of use"", ""9. Help users recognize, diagnose, and recover from errors"", ""10. Help and documentation""], ""confidence"": 0.86}"
36,hashicorp/vault,17246,,"HashiCorp Vault core, API, Authentication/Authorization tools",User reports a 403 permission denied error when reading a secret via Vault API and asks how to fix it. Maintainers indicate it is an authentication/token issue and refer the user to API authentication docs; issue closed due to insufficient detail.,usability,"API, Authentication/Authorization tools, Core","Authentication friction, User confusion / unclear documentation","Operational Friction, Cognitive Friction","['9. Help users recognize, diagnose, and recover from errors', 10. Help and documentation",0.86,"{""associated_component"": ""HashiCorp Vault core, API, Authentication/Authorization tools"", ""codes_primary"": ""User reports a 403 permission denied error when reading a secret via Vault API and asks how to fix it. Maintainers indicate it is an authentication/token issue and refer the user to API authentication docs; issue closed due to insufficient detail."", ""usability_non_usability_type"": ""usability"", ""associated_component_theme"": [""API"", ""Authentication/Authorization tools"", ""Core""], ""l1_theme"": [""Authentication friction"", ""User confusion / unclear documentation""], ""l1_theme_secondary"": [""Operational Friction"", ""Cognitive Friction""], ""nielsen_theme"": [""9. Help users recognize, diagnose, and recover from errors"", ""10. Help and documentation""], ""confidence"": 0.86}"
37,hashicorp/vault,17325,,HashiCorp Vault - Web Client,"User requests a search/filter box on the Secrets Engines UI page to dynamically narrow a very long list (100+ entries). Current need to scroll to find a specific engine is slow and inefficient, especially under time pressure, and multiple users confirm this usability pain.",usability,"Web Client, Key Management Core / Secrets Backend","Missing feature / enhancement request, Tedious Workflows","Operational Friction, Functional Gap","7. Flexibility and efficiency of use, 6. Recognition rather than recall",0.93,"{""associated_component"": ""HashiCorp Vault - Web Client"", ""codes_primary"": ""User requests a search/filter box on the Secrets Engines UI page to dynamically narrow a very long list (100+ entries). Current need to scroll to find a specific engine is slow and inefficient, especially under time pressure, and multiple users confirm this usability pain."", ""usability_non_usability_type"": ""usability"", ""associated_component_theme"": [""Web Client"", ""Key Management Core / Secrets Backend""], ""l1_theme"": [""Missing feature / enhancement request"", ""Tedious Workflows""], ""l1_theme_secondary"": [""Operational Friction"", ""Functional Gap""], ""nielsen_theme"": [""7. Flexibility and efficiency of use"", ""6. Recognition rather than recall""], ""confidence"": 0.93}"
38,hashicorp/vault,17475,,"HashiCorp Vault - Web Client, Authentication","Feature request: infrastructure operator wants Vault Web UI to accept an incoming JWT (e.g., via Authorization header) and automatically exchange it for a Vault token, enabling seamless SSO via an existing OIDC identity broker, similar to current wrapped_token-based login skipping.",usability,"Web Client, Authentication/Authorization tools, API","Missing feature / enhancement request, Authentication friction, Tedious Workflows","Operational Friction, Functional Gap","7. Flexibility and efficiency of use, 3. User control and freedom",0.86,"{""associated_component"": ""HashiCorp Vault - Web Client, Authentication"", ""codes_primary"": ""Feature request: infrastructure operator wants Vault Web UI to accept an incoming JWT (e.g., via Authorization header) and automatically exchange it for a Vault token, enabling seamless SSO via an existing OIDC identity broker, similar to current wrapped_token-based login skipping."", ""usability_non_usability_type"": ""usability"", ""associated_component_theme"": [""Web Client"", ""Authentication/Authorization tools"", ""API""], ""l1_theme"": [""Missing feature / enhancement request"", ""Authentication friction"", ""Tedious Workflows""], ""l1_theme_secondary"": [""Operational Friction"", ""Functional Gap""], ""nielsen_theme"": [""7. Flexibility and efficiency of use"", ""3. User control and freedom""], ""confidence"": 0.86}"
39,hashicorp/vault,17737,,"HashiCorp Vault core, API","Reporter describes a regression when upgrading an HA Vault cluster (DynamoDB backend, behind AWS NLB) from 1.10.7 to 1.11.0+: the cluster becomes non-functional, leader endpoints return empty leader addresses and HA status errors. They bisect versions, identify a specific HA code change, and note downgrade restores functionality.",non-usability,,,,,0.93,"{""associated_component"": ""HashiCorp Vault core, API"", ""codes_primary"": ""Reporter describes a regression when upgrading an HA Vault cluster (DynamoDB backend, behind AWS NLB) from 1.10.7 to 1.11.0+: the cluster becomes non-functional, leader endpoints return empty leader addresses and HA status errors. They bisect versions, identify a specific HA code change, and note downgrade restores functionality."", ""usability_non_usability_type"": ""non-usability"", ""associated_component_theme"": [""Core"", ""API""], ""l1_theme"": [""Unexpected behavior""], ""l1_theme_secondary"": [""Functional Reliability""], ""nielsen_theme"": [], ""confidence"": 0.93}"
40,hashicorp/vault,18151,,"HashiCorp Vault - CLI tooling, Policy/configuration",User follows Vault docs to run `vault policy write` with an `--address` flag but consistently gets a 'Too many arguments' error. Maintainers cannot reproduce and suspect environment/alias issues; confusion remains about correct CLI flag placement and behavior.,usability,"CLI tooling, Policy/configuration",User confusion / unclear documentation,Cognitive Friction,"4. Consistency and standards, '9. Help users recognize, diagnose, and recover from errors', 10. Help and documentation",0.86,"{""associated_component"": ""HashiCorp Vault - CLI tooling, Policy/configuration"", ""codes_primary"": ""User follows Vault docs to run `vault policy write` with an `--address` flag but consistently gets a 'Too many arguments' error. Maintainers cannot reproduce and suspect environment/alias issues; confusion remains about correct CLI flag placement and behavior."", ""usability_non_usability_type"": ""usability"", ""associated_component_theme"": [""CLI tooling"", ""Policy/configuration""], ""l1_theme"": [""User confusion / unclear documentation""], ""l1_theme_secondary"": [""Cognitive Friction""], ""nielsen_theme"": [""4. Consistency and standards"", ""9. Help users recognize, diagnose, and recover from errors"", ""10. Help and documentation""], ""confidence"": 0.86}"
41,hashicorp/vault,18237,,"HashiCorp Vault - Key Management Core / Secrets Backend, API, CLI tooling","Feature request: RabbitMQ (and other dynamic secrets) credentials should have orphan leases independent of the calling token’s TTL. Current behavior revokes generated users as soon as the short-lived token expires, breaking workflows like ExternalSecrets Operator and CLI usage despite engine TTL settings.",usability,"Key Management Core / Secrets Backend, API, CLI tooling","Missing feature / enhancement request, Integration failure/issues, Tedious Workflows","Functional Gap, Operational Friction","7. Flexibility and efficiency of use, 4. Consistency and standards",0.86,"{""associated_component"": ""HashiCorp Vault - Key Management Core / Secrets Backend, API, CLI tooling"", ""codes_primary"": ""Feature request: RabbitMQ (and other dynamic secrets) credentials should have orphan leases independent of the calling token’s TTL. Current behavior revokes generated users as soon as the short-lived token expires, breaking workflows like ExternalSecrets Operator and CLI usage despite engine TTL settings."", ""usability_non_usability_type"": ""usability"", ""associated_component_theme"": [""Key Management Core / Secrets Backend"", ""API"", ""CLI tooling""], ""l1_theme"": [""Missing feature / enhancement request"", ""Integration failure/issues"", ""Tedious Workflows""], ""l1_theme_secondary"": [""Functional Gap"", ""Operational Friction""], ""nielsen_theme"": [""7. Flexibility and efficiency of use"", ""4. Consistency and standards""], ""confidence"": 0.86}"
42,hashicorp/vault,18248,,HashiCorp Vault core,"User backing up Vault data from a GCS storage backend to another GCS bucket with gsutil hits Google Cloud Storage’s 1024-character object name limit because some Vault logical object paths are ~995 chars, and the backup prefix pushes them over the limit. Unsure if this impacts Vault operations.",usability,Core,Integration failure/issues,Operational Friction,7. Flexibility and efficiency of use,0.86,"{""associated_component"": ""HashiCorp Vault core"", ""codes_primary"": ""User backing up Vault data from a GCS storage backend to another GCS bucket with gsutil hits Google Cloud Storage’s 1024-character object name limit because some Vault logical object paths are ~995 chars, and the backup prefix pushes them over the limit. Unsure if this impacts Vault operations."", ""usability_non_usability_type"": ""usability"", ""associated_component_theme"": [""Core""], ""l1_theme"": [""Integration failure/issues""], ""l1_theme_secondary"": [""Operational Friction""], ""nielsen_theme"": [""7. Flexibility and efficiency of use""], ""confidence"": 0.86}"
43,hashicorp/vault,18251,,"HashiCorp Vault core, CLI tooling, Key Management Core / Secrets Backend","User reports a multi-DC Vault setup using Consul storage replicated via consul-replicate where Vault caches nil reads from storage. Reading a non-existent transit key on the secondary before replication causes that key to remain unavailable even after replication, affecting other backends too. Maintainers clarify this setup is unsupported because external writes to Vault storage break expected behavior.",non-usability,,,,,0.86,"{""associated_component"": ""HashiCorp Vault core, CLI tooling, Key Management Core / Secrets Backend"", ""codes_primary"": ""User reports a multi-DC Vault setup using Consul storage replicated via consul-replicate where Vault caches nil reads from storage. Reading a non-existent transit key on the secondary before replication causes that key to remain unavailable even after replication, affecting other backends too. Maintainers clarify this setup is unsupported because external writes to Vault storage break expected behavior."", ""usability_non_usability_type"": ""non-usability"", ""associated_component_theme"": [""Core"", ""CLI tooling"", ""Key Management Core / Secrets Backend""], ""l1_theme"": [""Unexpected behavior"", ""Integration failure/issues""], ""l1_theme_secondary"": [""Functional Reliability""], ""nielsen_theme"": [], ""confidence"": 0.86}"
44,hashicorp/vault,18433,,"hashicorp/vault - Policy/configuration, Key Management Core / Secrets Backend","User injects environment variables into containers via Vault templates and sees missing keys rendered as the literal string ""<no_value>"" instead of being omitted. They ask why this happens and how to have missing variables skipped. Maintainer points to config/docs and template patterns to change behavior.",usability,"Policy/configuration, Key Management Core / Secrets Backend","User confusion / unclear documentation, Configuration friction",Cognitive Friction,"5. Error prevention, '9. Help users recognize, diagnose, and recover from errors', 10. Help and documentation",0.86,"{""associated_component"": ""hashicorp/vault - Policy/configuration, Key Management Core / Secrets Backend"", ""codes_primary"": ""User injects environment variables into containers via Vault templates and sees missing keys rendered as the literal string \""<no_value>\"" instead of being omitted. They ask why this happens and how to have missing variables skipped. Maintainer points to config/docs and template patterns to change behavior."", ""usability_non_usability_type"": ""usability"", ""associated_component_theme"": [""Policy/configuration"", ""Key Management Core / Secrets Backend""], ""l1_theme"": [""User confusion / unclear documentation"", ""Configuration friction""], ""l1_theme_secondary"": [""Cognitive Friction""], ""nielsen_theme"": [""5. Error prevention"", ""9. Help users recognize, diagnose, and recover from errors"", ""10. Help and documentation""], ""confidence"": 0.86}"
45,hashicorp/vault,18491,,"HashiCorp Vault - Web Client, Policy/configuration","User followed the official Helm-on-Kubernetes TLS tutorial to deploy Vault with UI and ingress, but accessing the Vault UI via nginx ingress always returned 404. Root cause was missing nginx backend protocol annotation; adding nginx.ingress.kubernetes.io/backend-protocol=""HTTPS"" fixed it.",usability,"Web Client, Policy/configuration","Configuration friction, Integration failure/issues, User confusion / unclear documentation","Operational Friction, Cognitive Friction","5. Error prevention, '9. Help users recognize, diagnose, and recover from errors', 10. Help and documentation",0.9,"{""associated_component"": ""HashiCorp Vault - Web Client, Policy/configuration"", ""codes_primary"": ""User followed the official Helm-on-Kubernetes TLS tutorial to deploy Vault with UI and ingress, but accessing the Vault UI via nginx ingress always returned 404. Root cause was missing nginx backend protocol annotation; adding nginx.ingress.kubernetes.io/backend-protocol=\""HTTPS\"" fixed it."", ""usability_non_usability_type"": ""usability"", ""associated_component_theme"": [""Web Client"", ""Policy/configuration""], ""l1_theme"": [""Configuration friction"", ""Integration failure/issues"", ""User confusion / unclear documentation""], ""l1_theme_secondary"": [""Operational Friction"", ""Cognitive Friction""], ""nielsen_theme"": [""5. Error prevention"", ""9. Help users recognize, diagnose, and recover from errors"", ""10. Help and documentation""], ""confidence"": 0.9}"
46,hashicorp/vault,18573,,HashiCorp Vault - API,"User reports that Vault’s HTTP API can return a 301 redirect when URLs contain consecutive slashes, despite documentation stating only 2xx and 4xx responses. This leads to incompatible response bodies and unexpected behavior; user expected at least a 404 instead.",usability,"API, Core",Unexpected behavior,Functional Reliability,"4. Consistency and standards, '9. Help users recognize, diagnose, and recover from errors']",0.86,"{""associated_component"": ""HashiCorp Vault - API"", ""codes_primary"": ""User reports that Vault’s HTTP API can return a 301 redirect when URLs contain consecutive slashes, despite documentation stating only 2xx and 4xx responses. This leads to incompatible response bodies and unexpected behavior; user expected at least a 404 instead."", ""usability_non_usability_type"": ""usability"", ""associated_component_theme"": [""API"", ""Core""], ""l1_theme"": [""Unexpected behavior""], ""l1_theme_secondary"": [""Functional Reliability""], ""nielsen_theme"": [""4. Consistency and standards"", ""9. Help users recognize, diagnose, and recover from errors""], ""confidence"": 0.86}"
47,hashicorp/vault,19155,,Vault core,Issue is an empty/accidental submission of the Vault Plugin Portal template with no plugin details filled in. Maintainer closes it as blank and instructs the reporter to open a new issue with all required information for plugin consideration.,non-usability,,,,,0.9,"{""associated_component"": ""Vault core"", ""codes_primary"": ""Issue is an empty/accidental submission of the Vault Plugin Portal template with no plugin details filled in. Maintainer closes it as blank and instructs the reporter to open a new issue with all required information for plugin consideration."", ""usability_non_usability_type"": ""non-usability"", ""associated_component_theme"": [""Core""], ""l1_theme"": [], ""l1_theme_secondary"": [], ""nielsen_theme"": [], ""confidence"": 0.9}"
48,hashicorp/vault,19209,,"HashiCorp Vault - Key Management Core / Secrets Backend, API","User requests a feature for Vault to sign arbitrary JSON as JWTs and expose JWKS, similar to Google IAM, to support client/user assertion and other signed-token use cases. They note transit can sign bytes but not construct JWTs. Maintainer points to identity tokens; user clarifies access-token-like needs.",usability,"Key Management Core / Secrets Backend, API","Missing feature / enhancement request, Integration failure/issues","Functional Gap, Operational Friction","7. Flexibility and efficiency of use, 10. Help and documentation",0.86,"{""associated_component"": ""HashiCorp Vault - Key Management Core / Secrets Backend, API"", ""codes_primary"": ""User requests a feature for Vault to sign arbitrary JSON as JWTs and expose JWKS, similar to Google IAM, to support client/user assertion and other signed-token use cases. They note transit can sign bytes but not construct JWTs. Maintainer points to identity tokens; user clarifies access-token-like needs."", ""usability_non_usability_type"": ""usability"", ""associated_component_theme"": [""Key Management Core / Secrets Backend"", ""API""], ""l1_theme"": [""Missing feature / enhancement request"", ""Integration failure/issues""], ""l1_theme_secondary"": [""Functional Gap"", ""Operational Friction""], ""nielsen_theme"": [""7. Flexibility and efficiency of use"", ""10. Help and documentation""], ""confidence"": 0.86}"
49,hashicorp/vault,19490,,"HashiCorp Vault - Authentication, CLI, Policy/configuration","User attempts to create a JWT auth role via the Vault CLI using a JSON file. The API call with the same JSON works, but the CLI returns a 400 error claiming user_claim is missing. User is confused and asks for a solution; maintainer redirects to discussion forum.",usability,"Authentication/Authorization tools, CLI tooling, Policy/configuration","User confusion / unclear documentation, Configuration friction",Cognitive Friction,"['9. Help users recognize, diagnose, and recover from errors', 10. Help and documentation",0.86,"{""associated_component"": ""HashiCorp Vault - Authentication, CLI, Policy/configuration"", ""codes_primary"": ""User attempts to create a JWT auth role via the Vault CLI using a JSON file. The API call with the same JSON works, but the CLI returns a 400 error claiming user_claim is missing. User is confused and asks for a solution; maintainer redirects to discussion forum."", ""usability_non_usability_type"": ""usability"", ""associated_component_theme"": [""Authentication/Authorization tools"", ""CLI tooling"", ""Policy/configuration""], ""l1_theme"": [""User confusion / unclear documentation"", ""Configuration friction""], ""l1_theme_secondary"": [""Cognitive Friction""], ""nielsen_theme"": [""9. Help users recognize, diagnose, and recover from errors"", ""10. Help and documentation""], ""confidence"": 0.86}"
50,hashicorp/vault,19568,,HashiCorp Vault - Web Client,"User reports two regressions in the Vault Browser CLI embedded in the web UI since 1.10: multi-line help/list output is collapsed into a single line, and they initially believed most commands did not work. Maintainers confirm a UI formatting bug from Ember upgrade and clarify supported commands.",usability,Web Client,"Notification/Logging /Web UI Issues, Unexpected behavior","Functional Reliability, Cognitive Friction","1. Visibility of system status, 8. Aesthetic and minimalist design, '9. Help users recognize, diagnose, and recover from errors']",0.86,"{""associated_component"": ""HashiCorp Vault - Web Client"", ""codes_primary"": ""User reports two regressions in the Vault Browser CLI embedded in the web UI since 1.10: multi-line help/list output is collapsed into a single line, and they initially believed most commands did not work. Maintainers confirm a UI formatting bug from Ember upgrade and clarify supported commands."", ""usability_non_usability_type"": ""usability"", ""associated_component_theme"": [""Web Client""], ""l1_theme"": [""Notification/Logging /Web UI Issues"", ""Unexpected behavior""], ""l1_theme_secondary"": [""Functional Reliability"", ""Cognitive Friction""], ""nielsen_theme"": [""1. Visibility of system status"", ""8. Aesthetic and minimalist design"", ""9. Help users recognize, diagnose, and recover from errors""], ""confidence"": 0.86}"
51,hashicorp/vault,19697,,HashiCorp Vault core,"Feature request for a token TTL that starts counting only after the token’s first use (ttl_since_first_use) to better support secure introduction/orchestrator workflows. Current TTL and use-limit options are hard to tune, leaving tokens lingering or expiring before work completes.",usability,"Authentication/Authorization tools, Policy/configuration","Missing feature / enhancement request, Tedious Workflows","Operational Friction, Functional Gap","7. Flexibility and efficiency of use, 5. Error prevention",0.86,"{""associated_component"": ""HashiCorp Vault core"", ""codes_primary"": ""Feature request for a token TTL that starts counting only after the token’s first use (ttl_since_first_use) to better support secure introduction/orchestrator workflows. Current TTL and use-limit options are hard to tune, leaving tokens lingering or expiring before work completes."", ""usability_non_usability_type"": ""usability"", ""associated_component_theme"": [""Authentication/Authorization tools"", ""Policy/configuration""], ""l1_theme"": [""Missing feature / enhancement request"", ""Tedious Workflows""], ""l1_theme_secondary"": [""Operational Friction"", ""Functional Gap""], ""nielsen_theme"": [""7. Flexibility and efficiency of use"", ""5. Error prevention""], ""confidence"": 0.86}"
52,hashicorp/vault,20272,,"HashiCorp Vault - CLI tooling, Authentication/Authorization tools","User requests a built-in way (VAULT_TOKEN_FILE env var) to configure the path of the token file used by the internal token helper, to avoid insecure VAULT_TOKEN usage and custom helpers. Motivated by security concerns and common workflows (e.g., Docker secrets).",usability,"CLI tooling, Authentication/Authorization tools","Missing feature / enhancement request, Security concerns, Tedious Workflows","Functional Gap, Operational Friction","7. Flexibility and efficiency of use, 5. Error prevention",0.86,"{""associated_component"": ""HashiCorp Vault - CLI tooling, Authentication/Authorization tools"", ""codes_primary"": ""User requests a built-in way (VAULT_TOKEN_FILE env var) to configure the path of the token file used by the internal token helper, to avoid insecure VAULT_TOKEN usage and custom helpers. Motivated by security concerns and common workflows (e.g., Docker secrets)."", ""usability_non_usability_type"": ""usability"", ""associated_component_theme"": [""CLI tooling"", ""Authentication/Authorization tools""], ""l1_theme"": [""Missing feature / enhancement request"", ""Security concerns"", ""Tedious Workflows""], ""l1_theme_secondary"": [""Functional Gap"", ""Operational Friction""], ""nielsen_theme"": [""7. Flexibility and efficiency of use"", ""5. Error prevention""], ""confidence"": 0.86}"
53,hashicorp/vault,20589,,Vault Core,"Reporter asks how to get a CI Vercel test approved for their pull request, as it has been pending without feedback. A maintainer explains these tests require HashiCorp reviewer approval and manually approves it, clarifying the process.",usability,Build/CI,"Build/CI/installation/distribution release issues, User confusion / unclear documentation","Operational Friction, Cognitive Friction","1. Visibility of system status, 10. Help and documentation",0.86,"{""associated_component"": ""Vault Core"", ""codes_primary"": ""Reporter asks how to get a CI Vercel test approved for their pull request, as it has been pending without feedback. A maintainer explains these tests require HashiCorp reviewer approval and manually approves it, clarifying the process."", ""usability_non_usability_type"": ""usability"", ""associated_component_theme"": [""Build/CI""], ""l1_theme"": [""Build/CI/installation/distribution release issues"", ""User confusion / unclear documentation""], ""l1_theme_secondary"": [""Operational Friction"", ""Cognitive Friction""], ""nielsen_theme"": [""1. Visibility of system status"", ""10. Help and documentation""], ""confidence"": 0.86}"
54,hashicorp/vault,21521,,HashiCorp Vault core,"User intermittently encounters permanent unseal failures with 'invalid key' and AES-GCM authentication errors, requiring restore from backup. They propose possible backup/restore-while-running or memory corruption causes and ask whether keyring corruption is known and how to troubleshoot or avoid it.",non-usability,,,,,0.86,"{""associated_component"": ""HashiCorp Vault core"", ""codes_primary"": ""User intermittently encounters permanent unseal failures with 'invalid key' and AES-GCM authentication errors, requiring restore from backup. They propose possible backup/restore-while-running or memory corruption causes and ask whether keyring corruption is known and how to troubleshoot or avoid it."", ""usability_non_usability_type"": ""non-usability"", ""associated_component_theme"": [""Core""], ""l1_theme"": [""Unexpected behavior""], ""l1_theme_secondary"": [""Functional Reliability""], ""nielsen_theme"": [], ""confidence"": 0.86}"
55,hashicorp/vault,21976,,"HashiCorp Vault - CLI tooling, Authentication/Authorization tools","Bug report: when registering an auth plugin, the Vault CLI `vault plugin register --args` flag does not correctly handle multiple comma-separated arguments, despite the help text claiming it should. Actual required usage differs, causing plugins to start without expected arguments and confusing users.",usability,"CLI tooling, Authentication/Authorization tools","Unexpected behavior, User confusion / unclear documentation","Functional Reliability, Cognitive Friction","4. Consistency and standards, '9. Help users recognize, diagnose, and recover from errors', 10. Help and documentation",0.86,"{""associated_component"": ""HashiCorp Vault - CLI tooling, Authentication/Authorization tools"", ""codes_primary"": ""Bug report: when registering an auth plugin, the Vault CLI `vault plugin register --args` flag does not correctly handle multiple comma-separated arguments, despite the help text claiming it should. Actual required usage differs, causing plugins to start without expected arguments and confusing users."", ""usability_non_usability_type"": ""usability"", ""associated_component_theme"": [""CLI tooling"", ""Authentication/Authorization tools""], ""l1_theme"": [""Unexpected behavior"", ""User confusion / unclear documentation""], ""l1_theme_secondary"": [""Functional Reliability"", ""Cognitive Friction""], ""nielsen_theme"": [""4. Consistency and standards"", ""9. Help users recognize, diagnose, and recover from errors"", ""10. Help and documentation""], ""confidence"": 0.86}"
56,hashicorp/vault,22045,,Vault core,Internal CI job that posts PR comments summarizing failing tests does not work on community PRs due to lacking write permissions. Reporter references GitHub guidance on securely reporting CI results from untrusted forks; maintainer workaround is to skip this job on community PRs.,non-usability,,,,,0.86,"{""associated_component"": ""Vault core"", ""codes_primary"": ""Internal CI job that posts PR comments summarizing failing tests does not work on community PRs due to lacking write permissions. Reporter references GitHub guidance on securely reporting CI results from untrusted forks; maintainer workaround is to skip this job on community PRs."", ""usability_non_usability_type"": ""non-usability"", ""associated_component_theme"": [""Build/CI""], ""l1_theme"": [""Build/CI/installation/distribution release issues""], ""l1_theme_secondary"": [""Functional Reliability""], ""nielsen_theme"": [], ""confidence"": 0.86}"
57,hashicorp/vault,22214,,"HashiCorp Vault - Web Client, Key Management Core / Secrets Backend","User requests enhanced Vault support for managing Java JKS keystores stored as secrets. Currently they must base64-encode JKS files and use external tools like keytool to inspect/modify entries. They want Vault’s UI to understand JKS, display contents, and allow easier certificate/key updates.",usability,"Web Client, Key Management Core / Secrets Backend","Missing feature / enhancement request, Tedious Workflows","Functional Gap, Operational Friction","7. Flexibility and efficiency of use, 10. Help and documentation",0.86,"{""associated_component"": ""HashiCorp Vault - Web Client, Key Management Core / Secrets Backend"", ""codes_primary"": ""User requests enhanced Vault support for managing Java JKS keystores stored as secrets. Currently they must base64-encode JKS files and use external tools like keytool to inspect/modify entries. They want Vault’s UI to understand JKS, display contents, and allow easier certificate/key updates."", ""usability_non_usability_type"": ""usability"", ""associated_component_theme"": [""Web Client"", ""Key Management Core / Secrets Backend""], ""l1_theme"": [""Missing feature / enhancement request"", ""Tedious Workflows""], ""l1_theme_secondary"": [""Functional Gap"", ""Operational Friction""], ""nielsen_theme"": [""7. Flexibility and efficiency of use"", ""10. Help and documentation""], ""confidence"": 0.86}"
58,hashicorp/vault,22461,,HashiCorp Vault - Authentication/Authorization tools,"User requests an enhancement to the AWS IAM auth plugin to allow using the AWS Role ARN itself as an entity alias name. Current options (UUID, unique_id, assumed role ARN) are hard to predict or obtain, causing configuration friction and reduced quality of life for managing entity aliases.",usability,"Authentication/Authorization tools, Policy/configuration","Missing feature / enhancement request, Configuration friction, Tedious Workflows","Functional Gap, Operational Friction","7. Flexibility and efficiency of use, 6. Recognition rather than recall",0.86,"{""associated_component"": ""HashiCorp Vault - Authentication/Authorization tools"", ""codes_primary"": ""User requests an enhancement to the AWS IAM auth plugin to allow using the AWS Role ARN itself as an entity alias name. Current options (UUID, unique_id, assumed role ARN) are hard to predict or obtain, causing configuration friction and reduced quality of life for managing entity aliases."", ""usability_non_usability_type"": ""usability"", ""associated_component_theme"": [""Authentication/Authorization tools"", ""Policy/configuration""], ""l1_theme"": [""Missing feature / enhancement request"", ""Configuration friction"", ""Tedious Workflows""], ""l1_theme_secondary"": [""Functional Gap"", ""Operational Friction""], ""nielsen_theme"": [""7. Flexibility and efficiency of use"", ""6. Recognition rather than recall""], ""confidence"": 0.86}"
59,hashicorp/vault,22578,,"HashiCorp Vault core, Policy/configuration","User reports Vault pods crashlooping when using GCP CKMS auto-unseal via Terraform + Helm, while the same configuration works when deploying Helm directly. They initially missed a new required credentials field due to sparse Helm docs, then resolved it as a Terraform Helm provider issue.",usability,"Core, Policy/configuration","Integration failure/issues, User confusion / unclear documentation","Operational Friction, Cognitive Friction","5. Error prevention, '9. Help users recognize, diagnose, and recover from errors', 10. Help and documentation",0.86,"{""associated_component"": ""HashiCorp Vault core, Policy/configuration"", ""codes_primary"": ""User reports Vault pods crashlooping when using GCP CKMS auto-unseal via Terraform + Helm, while the same configuration works when deploying Helm directly. They initially missed a new required credentials field due to sparse Helm docs, then resolved it as a Terraform Helm provider issue."", ""usability_non_usability_type"": ""usability"", ""associated_component_theme"": [""Core"", ""Policy/configuration""], ""l1_theme"": [""Integration failure/issues"", ""User confusion / unclear documentation""], ""l1_theme_secondary"": [""Operational Friction"", ""Cognitive Friction""], ""nielsen_theme"": [""5. Error prevention"", ""9. Help users recognize, diagnose, and recover from errors"", ""10. Help and documentation""], ""confidence"": 0.86}"
60,hashicorp/vault,22602,,"HashiCorp Vault - Key Management Core / Secrets Backend, API","Feature request for an sts_region parameter in the AWS secrets engine, mirroring the AWS auth method, to resolve region-scoping errors when using proxy-based sts_endpoint. Current design forces a tradeoff between rotating root IAM credentials and generating other AWS credentials successfully.",usability,"Key Management Core / Secrets Backend, API","Missing feature / enhancement request, Integration failure/issues","Functional Gap, Operational Friction","7. Flexibility and efficiency of use, 5. Error prevention, '9. Help users recognize, diagnose, and recover from errors']",0.86,"{""associated_component"": ""HashiCorp Vault - Key Management Core / Secrets Backend, API"", ""codes_primary"": ""Feature request for an sts_region parameter in the AWS secrets engine, mirroring the AWS auth method, to resolve region-scoping errors when using proxy-based sts_endpoint. Current design forces a tradeoff between rotating root IAM credentials and generating other AWS credentials successfully."", ""usability_non_usability_type"": ""usability"", ""associated_component_theme"": [""Key Management Core / Secrets Backend"", ""API""], ""l1_theme"": [""Missing feature / enhancement request"", ""Integration failure/issues""], ""l1_theme_secondary"": [""Functional Gap"", ""Operational Friction""], ""nielsen_theme"": [""7. Flexibility and efficiency of use"", ""5. Error prevention"", ""9. Help users recognize, diagnose, and recover from errors""], ""confidence"": 0.86}"
61,hashicorp/vault,23793,,"HashiCorp Vault core, Authentication/Authorization tools, API","Bug report: intermittent failures when logging into Vault via Kubernetes auth (and potentially other auth backends) using DynamoDB storage. Error indicates DynamoDB item size exceeds the 400KB limit when persisting identity entities, likely due to bucket packing and large numbers of accumulated entities, blocking successful logins.",non-usability,,,,,0.86,"{""associated_component"": ""HashiCorp Vault core, Authentication/Authorization tools, API"", ""codes_primary"": ""Bug report: intermittent failures when logging into Vault via Kubernetes auth (and potentially other auth backends) using DynamoDB storage. Error indicates DynamoDB item size exceeds the 400KB limit when persisting identity entities, likely due to bucket packing and large numbers of accumulated entities, blocking successful logins."", ""usability_non_usability_type"": ""non-usability"", ""associated_component_theme"": [""Authentication/Authorization tools"", ""API"", ""Core""], ""l1_theme"": [""Unexpected behavior"", ""Integration failure/issues""], ""l1_theme_secondary"": [""Functional Reliability""], ""nielsen_theme"": [], ""confidence"": 0.86}"
62,hashicorp/vault,23800,,"HashiCorp Vault - Web Client, Authentication/Authorization tools, API","Bug report: In Vault 1.15.0+ent.hsm on Linux, listing Kubernetes auth roles in a non-root namespace via the web UI returns 404, while the same operation works via CLI and API with X-Vault-Namespace. Regression noted across some later enterprise versions; fixed in 1.15.1 but reappears in 1.15.6.",usability,"Web Client, Authentication/Authorization tools, API","Unexpected behavior, Notification/Logging /Web UI Issues",Functional Reliability,"4. Consistency and standards, '9. Help users recognize, diagnose, and recover from errors']",0.86,"{""associated_component"": ""HashiCorp Vault - Web Client, Authentication/Authorization tools, API"", ""codes_primary"": ""Bug report: In Vault 1.15.0+ent.hsm on Linux, listing Kubernetes auth roles in a non-root namespace via the web UI returns 404, while the same operation works via CLI and API with X-Vault-Namespace. Regression noted across some later enterprise versions; fixed in 1.15.1 but reappears in 1.15.6."", ""usability_non_usability_type"": ""usability"", ""associated_component_theme"": [""Web Client"", ""Authentication/Authorization tools"", ""API""], ""l1_theme"": [""Unexpected behavior"", ""Notification/Logging /Web UI Issues""], ""l1_theme_secondary"": [""Functional Reliability""], ""nielsen_theme"": [""4. Consistency and standards"", ""9. Help users recognize, diagnose, and recover from errors""], ""confidence"": 0.86}"
63,hashicorp/vault,23941,,"HashiCorp Vault - Web Client, Policy/configuration","User reports that with a given KV ACL policy they can manage secret versions but cannot permanently delete a secret via the UI, expecting the policy to allow it. Maintainer clarifies the permanent delete control moved to the Metadata tab; user confirms it works and closes the issue.",usability,"Web Client, Policy/configuration","User confusion / unclear documentation, Notification/Logging /Web UI Issues",Cognitive Friction,"6. Recognition rather than recall, 10. Help and documentation",0.86,"{""associated_component"": ""HashiCorp Vault - Web Client, Policy/configuration"", ""codes_primary"": ""User reports that with a given KV ACL policy they can manage secret versions but cannot permanently delete a secret via the UI, expecting the policy to allow it. Maintainer clarifies the permanent delete control moved to the Metadata tab; user confirms it works and closes the issue."", ""usability_non_usability_type"": ""usability"", ""associated_component_theme"": [""Web Client"", ""Policy/configuration""], ""l1_theme"": [""User confusion / unclear documentation"", ""Notification/Logging /Web UI Issues""], ""l1_theme_secondary"": [""Cognitive Friction""], ""nielsen_theme"": [""6. Recognition rather than recall"", ""10. Help and documentation""], ""confidence"": 0.86}"
64,hashicorp/vault,24039,,"HashiCorp Vault core, API","User reports inconsistent error response formats across Vault API endpoints, specifically AppRole Secret ID Accessor returning an error inside the data field instead of the standard errors array. This inconsistency complicates client handling and they expect a uniform error schema across the API.",usability,"API, Core",Unexpected behavior,Functional Reliability,"4. Consistency and standards, '9. Help users recognize, diagnose, and recover from errors']",0.9,"{""associated_component"": ""HashiCorp Vault core, API"", ""codes_primary"": ""User reports inconsistent error response formats across Vault API endpoints, specifically AppRole Secret ID Accessor returning an error inside the data field instead of the standard errors array. This inconsistency complicates client handling and they expect a uniform error schema across the API."", ""usability_non_usability_type"": ""usability"", ""associated_component_theme"": [""API"", ""Core""], ""l1_theme"": [""Unexpected behavior""], ""l1_theme_secondary"": [""Functional Reliability""], ""nielsen_theme"": [""4. Consistency and standards"", ""9. Help users recognize, diagnose, and recover from errors""], ""confidence"": 0.9}"
65,hashicorp/vault,24255,,"hashicorp/vault core, API, Notification/Logging","Feature request to improve Vault’s error messages when restoring large snapshots. User repeatedly saw only 'failed to read request body', but root cause was exceeding http_read_timeout. They want more specific, actionable error details (e.g., timeout vs read error).",usability,"API, Notification/Logging, Core","Missing feature / enhancement request, Notification/Logging /Web UI Issues","Cognitive Friction, Functional Gap","1. Visibility of system status, '9. Help users recognize, diagnose, and recover from errors']",0.9,"{""associated_component"": ""hashicorp/vault core, API, Notification/Logging"", ""codes_primary"": ""Feature request to improve Vault’s error messages when restoring large snapshots. User repeatedly saw only 'failed to read request body', but root cause was exceeding http_read_timeout. They want more specific, actionable error details (e.g., timeout vs read error)."", ""usability_non_usability_type"": ""usability"", ""associated_component_theme"": [""API"", ""Notification/Logging"", ""Core""], ""l1_theme"": [""Missing feature / enhancement request"", ""Notification/Logging /Web UI Issues""], ""l1_theme_secondary"": [""Cognitive Friction"", ""Functional Gap""], ""nielsen_theme"": [""1. Visibility of system status"", ""9. Help users recognize, diagnose, and recover from errors""], ""confidence"": 0.9}"
66,hashicorp/vault,24269,,HashiCorp Vault core,"Feature request: Alibaba Cloud’s original alicloudkms provider is deprecated, breaking Vault’s auto-unseal for new Alibaba users. Reporter requests support for the new Dedicated KMS (e.g., new wrapper) and asks if a contribution would be accepted, as this currently blocks Alibaba KMS unseal workflows.",usability,Key Management Core / Secrets Backend,"Missing feature / enhancement request, Integration failure/issues","Functional Gap, Operational Friction","7. Flexibility and efficiency of use, 10. Help and documentation",0.86,"{""associated_component"": ""HashiCorp Vault core"", ""codes_primary"": ""Feature request: Alibaba Cloud’s original alicloudkms provider is deprecated, breaking Vault’s auto-unseal for new Alibaba users. Reporter requests support for the new Dedicated KMS (e.g., new wrapper) and asks if a contribution would be accepted, as this currently blocks Alibaba KMS unseal workflows."", ""usability_non_usability_type"": ""usability"", ""associated_component_theme"": [""Key Management Core / Secrets Backend""], ""l1_theme"": [""Missing feature / enhancement request"", ""Integration failure/issues""], ""l1_theme_secondary"": [""Functional Gap"", ""Operational Friction""], ""nielsen_theme"": [""7. Flexibility and efficiency of use"", ""10. Help and documentation""], ""confidence"": 0.86}"
67,hashicorp/vault,24604,,"HashiCorp Vault core, Policy/configuration","User reports that when disabling publishNotReadyAddresses in a Kubernetes/raft HA setup, new Vault pods cannot join the cluster and unseal fails with a 500 and AES invalid key size error. Leader logs show DNS lookup failures for the new peer, blocking scaling and disaster recovery.",non-usability,,,,,0.86,"{""associated_component"": ""HashiCorp Vault core, Policy/configuration"", ""codes_primary"": ""User reports that when disabling publishNotReadyAddresses in a Kubernetes/raft HA setup, new Vault pods cannot join the cluster and unseal fails with a 500 and AES invalid key size error. Leader logs show DNS lookup failures for the new peer, blocking scaling and disaster recovery."", ""usability_non_usability_type"": ""non-usability"", ""associated_component_theme"": [""Core"", ""Policy/configuration""], ""l1_theme"": [""Unexpected behavior"", ""Integration failure/issues""], ""l1_theme_secondary"": [""Functional Reliability""], ""nielsen_theme"": [], ""confidence"": 0.86}"
68,hashicorp/vault,24617,,"HashiCorp Vault core, Authentication/Authorization tools, Notification/Logging","User running Vault with MySQL storage and Kubernetes auth/sidecar integration reports periodic database timeouts when restoring auth/kubernetes/login leases, causing Vault to restart and seal. Large volume of Kubernetes login leases in MySQL (GBs of data) appears related; user asks how to reduce these leases.",non-usability,,,,,0.86,"{""associated_component"": ""HashiCorp Vault core, Authentication/Authorization tools, Notification/Logging"", ""codes_primary"": ""User running Vault with MySQL storage and Kubernetes auth/sidecar integration reports periodic database timeouts when restoring auth/kubernetes/login leases, causing Vault to restart and seal. Large volume of Kubernetes login leases in MySQL (GBs of data) appears related; user asks how to reduce these leases."", ""usability_non_usability_type"": ""non-usability"", ""associated_component_theme"": [""Core"", ""Authentication/Authorization tools"", ""Notification/Logging""], ""l1_theme"": [""Unexpected behavior"", ""Integration failure/issues""], ""l1_theme_secondary"": [""Functional Reliability"", ""Operational Friction""], ""nielsen_theme"": [], ""confidence"": 0.86}"
69,hashicorp/vault,24725,,"HashiCorp Vault - Authentication/Authorization tools, CLI tooling, Policy/configuration","Bug report: when configuring auto_auth sinks using the documented outer `sinks { sink { ... } }` HCL form, the `aad_env_var` field is never processed due to a parsing bug, causing encrypted_payload in sink files to fail decryption with AAD. Works only without the outer sinks block.",non-usability,,,,,0.86,"{""associated_component"": ""HashiCorp Vault - Authentication/Authorization tools, CLI tooling, Policy/configuration"", ""codes_primary"": ""Bug report: when configuring auto_auth sinks using the documented outer `sinks { sink { ... } }` HCL form, the `aad_env_var` field is never processed due to a parsing bug, causing encrypted_payload in sink files to fail decryption with AAD. Works only without the outer sinks block."", ""usability_non_usability_type"": ""non-usability"", ""associated_component_theme"": [""Authentication/Authorization tools"", ""CLI tooling"", ""Policy/configuration""], ""l1_theme"": [""Unexpected behavior""], ""l1_theme_secondary"": [""Functional Reliability""], ""nielsen_theme"": [], ""confidence"": 0.86}"
70,hashicorp/vault,24853,,HashiCorp Vault core,"Feature request to remove the uniqueness constraint on (entity, mount_accessor) for identity aliases. Current design forces duplicate entities when multiple authentication identities should map to a single authorization identity, causing error-prone management, audit complexity, and inflated license usage.",usability,"Authentication/Authorization tools, Policy/configuration, Core","Missing feature / enhancement request, Authentication friction, Tedious Workflows","Functional Gap, Operational Friction",7. Flexibility and efficiency of use,0.86,"{""associated_component"": ""HashiCorp Vault core"", ""codes_primary"": ""Feature request to remove the uniqueness constraint on (entity, mount_accessor) for identity aliases. Current design forces duplicate entities when multiple authentication identities should map to a single authorization identity, causing error-prone management, audit complexity, and inflated license usage."", ""usability_non_usability_type"": ""usability"", ""associated_component_theme"": [""Authentication/Authorization tools"", ""Policy/configuration"", ""Core""], ""l1_theme"": [""Missing feature / enhancement request"", ""Authentication friction"", ""Tedious Workflows""], ""l1_theme_secondary"": [""Functional Gap"", ""Operational Friction""], ""nielsen_theme"": [""7. Flexibility and efficiency of use""], ""confidence"": 0.86}"
71,hashicorp/vault,24956,,"HashiCorp Vault - Authentication/Authorization tools, Policy/configuration, Core","Feature request to add a Vault authentication method that integrates with Tailscale application capabilities and ACLs, allowing Vault roles to be mapped to Tailscale ACL grants so groups of tagged devices/users can authenticate without per-device IP whitelisting or separate login tokens.",usability,"Authentication/Authorization tools, Policy/configuration, Core",Missing feature / enhancement request,"Functional Gap, Operational Friction",7. Flexibility and efficiency of use,0.86,"{""associated_component"": ""HashiCorp Vault - Authentication/Authorization tools, Policy/configuration, Core"", ""codes_primary"": ""Feature request to add a Vault authentication method that integrates with Tailscale application capabilities and ACLs, allowing Vault roles to be mapped to Tailscale ACL grants so groups of tagged devices/users can authenticate without per-device IP whitelisting or separate login tokens."", ""usability_non_usability_type"": ""usability"", ""associated_component_theme"": [""Authentication/Authorization tools"", ""Policy/configuration"", ""Core""], ""l1_theme"": [""Missing feature / enhancement request""], ""l1_theme_secondary"": [""Functional Gap"", ""Operational Friction""], ""nielsen_theme"": [""7. Flexibility and efficiency of use""], ""confidence"": 0.86}"
72,hashicorp/vault,25506,,"HashiCorp Vault - CLI tooling, Key Management Core / Secrets Backend","User reports that the Vault CLI kv undelete command still mis-handles KV v2 mounts with multi-level paths when using the -mount flag, truncating the mount path and calling a wrong API route (404). They reference a previously merged fix that is not yet in their release.",non-usability,,,,,0.86,"{""associated_component"": ""HashiCorp Vault - CLI tooling, Key Management Core / Secrets Backend"", ""codes_primary"": ""User reports that the Vault CLI kv undelete command still mis-handles KV v2 mounts with multi-level paths when using the -mount flag, truncating the mount path and calling a wrong API route (404). They reference a previously merged fix that is not yet in their release."", ""usability_non_usability_type"": ""non-usability"", ""associated_component_theme"": [""CLI tooling"", ""Key Management Core / Secrets Backend""], ""l1_theme"": [""Unexpected behavior""], ""l1_theme_secondary"": [""Functional Reliability""], ""nielsen_theme"": [], ""confidence"": 0.86}"
73,hashicorp/vault,26164,,"HashiCorp Vault core, CLI tooling, Policy/configuration","User reports that the user_lockout_duration setting does not work for approle auth method: despite configuring 2m via config file and vault auth tune, the effective lockout remains 10m. Threshold works, but duration ignores tuning, causing incorrect lockout behavior.",non-usability,,,,,0.86,"{""associated_component"": ""HashiCorp Vault core, CLI tooling, Policy/configuration"", ""codes_primary"": ""User reports that the user_lockout_duration setting does not work for approle auth method: despite configuring 2m via config file and vault auth tune, the effective lockout remains 10m. Threshold works, but duration ignores tuning, causing incorrect lockout behavior."", ""usability_non_usability_type"": ""non-usability"", ""associated_component_theme"": [""Authentication/Authorization tools"", ""CLI tooling"", ""Policy/configuration"", ""Core""], ""l1_theme"": [""Unexpected behavior""], ""l1_theme_secondary"": [""Functional Reliability""], ""nielsen_theme"": [], ""confidence"": 0.86}"
74,hashicorp/vault,26180,,"HashiCorp Vault core, API","User reports that calling GET /v1/sys/mounts/<mount> with a root token on Vault 1.9.2 always returns 405 Unsupported Operation, despite docs indicating it should work. They can successfully call /tune. Discussion reveals this stems from Terraform provider version changes to mount detail paths.",usability,"Core, API","Unexpected behavior, Integration failure/issues, User confusion / unclear documentation","Functional Reliability, Operational Friction, Cognitive Friction","4. Consistency and standards, 5. Error prevention, '9. Help users recognize, diagnose, and recover from errors', 10. Help and documentation",0.86,"{""associated_component"": ""HashiCorp Vault core, API"", ""codes_primary"": ""User reports that calling GET /v1/sys/mounts/<mount> with a root token on Vault 1.9.2 always returns 405 Unsupported Operation, despite docs indicating it should work. They can successfully call /tune. Discussion reveals this stems from Terraform provider version changes to mount detail paths."", ""usability_non_usability_type"": ""usability"", ""associated_component_theme"": [""Core"", ""API""], ""l1_theme"": [""Unexpected behavior"", ""Integration failure/issues"", ""User confusion / unclear documentation""], ""l1_theme_secondary"": [""Functional Reliability"", ""Operational Friction"", ""Cognitive Friction""], ""nielsen_theme"": [""4. Consistency and standards"", ""5. Error prevention"", ""9. Help users recognize, diagnose, and recover from errors"", ""10. Help and documentation""], ""confidence"": 0.86}"
75,hashicorp/vault,27343,,"HashiCorp Vault - Authentication/Authorization tools, Web Client, Policy/configuration","Reporter describes a regression in Vault 1.16.3 JWT auth: roles with only bound_claims now fail if the JWT has an aud claim but the role omits bound_audiences, breaking GitLab CI JWT integrations. Workarounds exist by setting bound_audiences; behavior was later reverted in patch releases and documented.",usability,"Authentication/Authorization tools, Web Client, Policy/configuration, Build/CI","Unexpected behavior, Integration failure/issues, Configuration friction","Functional Reliability, Operational Friction","4. Consistency and standards, 5. Error prevention, 7. Flexibility and efficiency of use, '9. Help users recognize, diagnose, and recover from errors', 10. Help and documentation",0.86,"{""associated_component"": ""HashiCorp Vault - Authentication/Authorization tools, Web Client, Policy/configuration"", ""codes_primary"": ""Reporter describes a regression in Vault 1.16.3 JWT auth: roles with only bound_claims now fail if the JWT has an aud claim but the role omits bound_audiences, breaking GitLab CI JWT integrations. Workarounds exist by setting bound_audiences; behavior was later reverted in patch releases and documented."", ""usability_non_usability_type"": ""usability"", ""associated_component_theme"": [""Authentication/Authorization tools"", ""Web Client"", ""Policy/configuration"", ""Build/CI""], ""l1_theme"": [""Unexpected behavior"", ""Integration failure/issues"", ""Configuration friction""], ""l1_theme_secondary"": [""Functional Reliability"", ""Operational Friction""], ""nielsen_theme"": [""4. Consistency and standards"", ""5. Error prevention"", ""7. Flexibility and efficiency of use"", ""9. Help users recognize, diagnose, and recover from errors"", ""10. Help and documentation""], ""confidence"": 0.86}"
76,hashicorp/vault,27344,,"HashiCorp Vault core, Policy/configuration, Notification/Logging","User reports that after restoring a snapshot to a new auto-unseal transit-backed node, a second node can join the Raft cluster but remains sealed, logging 'stored unseal keys are supported, but none were found'. Behavior contradicts expectations that a successfully joined node should be unsealed.",non-usability,,,,,0.86,"{""associated_component"": ""HashiCorp Vault core, Policy/configuration, Notification/Logging"", ""codes_primary"": ""User reports that after restoring a snapshot to a new auto-unseal transit-backed node, a second node can join the Raft cluster but remains sealed, logging 'stored unseal keys are supported, but none were found'. Behavior contradicts expectations that a successfully joined node should be unsealed."", ""usability_non_usability_type"": ""non-usability"", ""associated_component_theme"": [""Core"", ""Policy/configuration"", ""Notification/Logging""], ""l1_theme"": [""Unexpected behavior"", ""Integration failure/issues""], ""l1_theme_secondary"": [""Functional Reliability""], ""nielsen_theme"": [], ""confidence"": 0.86}"
77,hashicorp/vault,27805,,"HashiCorp Vault - Key Management Core / Secrets Backend, API","Feature request: user’s security team wants Vault-generated private keys (e.g., from the Snowflake database secrets engine) to support passphrase encryption via Vault’s libraries, so intercepted keys have an extra protection layer. Current SDK/database engines lack passphrase support, forcing costly external PKI processing.",usability,"Key Management Core / Secrets Backend, API","Missing feature / enhancement request, Security concerns","Functional Gap, Operational Friction",7. Flexibility and efficiency of use,0.86,"{""associated_component"": ""HashiCorp Vault - Key Management Core / Secrets Backend, API"", ""codes_primary"": ""Feature request: user’s security team wants Vault-generated private keys (e.g., from the Snowflake database secrets engine) to support passphrase encryption via Vault’s libraries, so intercepted keys have an extra protection layer. Current SDK/database engines lack passphrase support, forcing costly external PKI processing."", ""usability_non_usability_type"": ""usability"", ""associated_component_theme"": [""Key Management Core / Secrets Backend"", ""API""], ""l1_theme"": [""Missing feature / enhancement request"", ""Security concerns""], ""l1_theme_secondary"": [""Functional Gap"", ""Operational Friction""], ""nielsen_theme"": [""7. Flexibility and efficiency of use""], ""confidence"": 0.86}"
78,hashicorp/vault,27935,,HashiCorp Vault core,"User reports that after Vault’s systemd unit was changed to Type=notify, failed Vault services leave unreaped dbus-daemon processes and restarts spawn additional instances. They suspect incorrect notify handling with newer systemd (v255.10). Maintainer attributes it to an upstream dependency and suggests an environment-variable workaround.",usability,"Core, Build/CI/installation/distribution release issues","Unexpected behavior, Build/CI/installation/distribution release issues, Integration failure/issues","Functional Reliability, Operational Friction","5. Error prevention, '9. Help users recognize, diagnose, and recover from errors', 10. Help and documentation",0.86,"{""associated_component"": ""HashiCorp Vault core"", ""codes_primary"": ""User reports that after Vault’s systemd unit was changed to Type=notify, failed Vault services leave unreaped dbus-daemon processes and restarts spawn additional instances. They suspect incorrect notify handling with newer systemd (v255.10). Maintainer attributes it to an upstream dependency and suggests an environment-variable workaround."", ""usability_non_usability_type"": ""usability"", ""associated_component_theme"": [""Core"", ""Build/CI/installation/distribution release issues""], ""l1_theme"": [""Unexpected behavior"", ""Build/CI/installation/distribution release issues"", ""Integration failure/issues""], ""l1_theme_secondary"": [""Functional Reliability"", ""Operational Friction""], ""nielsen_theme"": [""5. Error prevention"", ""9. Help users recognize, diagnose, and recover from errors"", ""10. Help and documentation""], ""confidence"": 0.86}"
79,hashicorp/vault,28073,,"HashiCorp Vault core, API","User proposes an enhancement to unseal Vault using a mobile device: storing encrypted unseal keys on the phone, protected by PIN, biometrics, and 2FA, then triggering unseal via an API call. Discussion explores using FIDO2 passkeys and possible CLI/UI integration or custom proxy workflows.",usability,"Core, API, Authentication/Authorization tools","Missing feature / enhancement request, Tedious Workflows","Functional Gap, Operational Friction",7. Flexibility and efficiency of use,0.86,"{""associated_component"": ""HashiCorp Vault core, API"", ""codes_primary"": ""User proposes an enhancement to unseal Vault using a mobile device: storing encrypted unseal keys on the phone, protected by PIN, biometrics, and 2FA, then triggering unseal via an API call. Discussion explores using FIDO2 passkeys and possible CLI/UI integration or custom proxy workflows."", ""usability_non_usability_type"": ""usability"", ""associated_component_theme"": [""Core"", ""API"", ""Authentication/Authorization tools""], ""l1_theme"": [""Missing feature / enhancement request"", ""Tedious Workflows""], ""l1_theme_secondary"": [""Functional Gap"", ""Operational Friction""], ""nielsen_theme"": [""7. Flexibility and efficiency of use""], ""confidence"": 0.86}"
80,hashicorp/vault,28457,,HashiCorp Vault core,"Third-party provider requests that Vault documentation/README include a link to Elestio’s managed Vault deployment offering, also mentioning potential revenue-share partnership. Maintainer declines because they cannot accept links to external sites and closes the issue.",usability,Core,Missing feature / enhancement request,Functional Gap,10. Help and documentation,0.86,"{""associated_component"": ""HashiCorp Vault core"", ""codes_primary"": ""Third-party provider requests that Vault documentation/README include a link to Elestio’s managed Vault deployment offering, also mentioning potential revenue-share partnership. Maintainer declines because they cannot accept links to external sites and closes the issue."", ""usability_non_usability_type"": ""usability"", ""associated_component_theme"": [""Core""], ""l1_theme"": [""Missing feature / enhancement request""], ""l1_theme_secondary"": [""Functional Gap""], ""nielsen_theme"": [""10. Help and documentation""], ""confidence"": 0.86}"
81,hashicorp/vault,28738,,"HashiCorp Vault - Key Management Core / Secrets Backend, Policy/configuration","User reports Vault database dynamic credentials being revoked after ~32 days despite very long mount and role TTLs configured, expecting revocation never to run before lease expiry. Behavior is not reproducible elsewhere; discussion explores token TTL/lease relationships but root cause remains unclear and concerning for production use.",non-usability,,,,,0.86,"{""associated_component"": ""HashiCorp Vault - Key Management Core / Secrets Backend, Policy/configuration"", ""codes_primary"": ""User reports Vault database dynamic credentials being revoked after ~32 days despite very long mount and role TTLs configured, expecting revocation never to run before lease expiry. Behavior is not reproducible elsewhere; discussion explores token TTL/lease relationships but root cause remains unclear and concerning for production use."", ""usability_non_usability_type"": ""non-usability"", ""associated_component_theme"": [""Key Management Core / Secrets Backend"", ""Policy/configuration""], ""l1_theme"": [""Unexpected behavior""], ""l1_theme_secondary"": [""Functional Reliability""], ""nielsen_theme"": [], ""confidence"": 0.86}"
82,hashicorp/vault,28792,,"hashicorp/vault API, CLI tooling, Authentication/Authorization tools","Bug report: starting in Vault 1.17.x, API multi-error responses are returned as a single newline-delimited string inside the errors array instead of discrete items, making programmatic parsing difficult and breaking existing automation for handling authentication/authorization errors.",usability,"API, CLI tooling, Authentication/Authorization tools","Unexpected behavior, Integration failure/issues","Functional Reliability, Operational Friction","4. Consistency and standards, 7. Flexibility and efficiency of use, '9. Help users recognize, diagnose, and recover from errors']",0.9,"{""associated_component"": ""hashicorp/vault API, CLI tooling, Authentication/Authorization tools"", ""codes_primary"": ""Bug report: starting in Vault 1.17.x, API multi-error responses are returned as a single newline-delimited string inside the errors array instead of discrete items, making programmatic parsing difficult and breaking existing automation for handling authentication/authorization errors."", ""usability_non_usability_type"": ""usability"", ""associated_component_theme"": [""API"", ""CLI tooling"", ""Authentication/Authorization tools""], ""l1_theme"": [""Unexpected behavior"", ""Integration failure/issues""], ""l1_theme_secondary"": [""Functional Reliability"", ""Operational Friction""], ""nielsen_theme"": [""4. Consistency and standards"", ""7. Flexibility and efficiency of use"", ""9. Help users recognize, diagnose, and recover from errors""], ""confidence"": 0.9}"
83,hashicorp/vault,28993,,"HashiCorp Vault - Web Client, Authentication/Authorization tools, Policy/configuration, Key Management Core / Secrets Backend",User logging in via OIDC to the Vault UI must manually type secret paths because the UI cannot list only the secrets they are authorized to access. They request a role-based default path or filtered listing of accessible paths to avoid remembering many paths.,usability,"Web Client, Authentication/Authorization tools, Policy/configuration, Key Management Core / Secrets Backend","Missing feature / enhancement request, Tedious Workflows","Operational Friction, Functional Gap","6. Recognition rather than recall, 7. Flexibility and efficiency of use",0.9,"{""associated_component"": ""HashiCorp Vault - Web Client, Authentication/Authorization tools, Policy/configuration, Key Management Core / Secrets Backend"", ""codes_primary"": ""User logging in via OIDC to the Vault UI must manually type secret paths because the UI cannot list only the secrets they are authorized to access. They request a role-based default path or filtered listing of accessible paths to avoid remembering many paths."", ""usability_non_usability_type"": ""usability"", ""associated_component_theme"": [""Web Client"", ""Authentication/Authorization tools"", ""Policy/configuration"", ""Key Management Core / Secrets Backend""], ""l1_theme"": [""Missing feature / enhancement request"", ""Tedious Workflows""], ""l1_theme_secondary"": [""Operational Friction"", ""Functional Gap""], ""nielsen_theme"": [""6. Recognition rather than recall"", ""7. Flexibility and efficiency of use""], ""confidence"": 0.9}"
84,hashicorp/vault,29033,,"HashiCorp Vault core, Notification/Logging","User reports a Vault Raft leader becoming effectively unresponsive due to full disk from audit/logging, while followers still see it as healthy, blocking logins and operator step-down. They question how leader health is determined, how to recover without killing the node, and request more resilient/operable behavior.",usability,"Core, Notification/Logging","Missing feature / enhancement request, Unexpected behavior","Operational Friction, Functional Gap","1. Visibility of system status, 3. User control and freedom, 5. Error prevention, 7. Flexibility and efficiency of use, '9. Help users recognize, diagnose, and recover from errors', 10. Help and documentation",0.86,"{""associated_component"": ""HashiCorp Vault core, Notification/Logging"", ""codes_primary"": ""User reports a Vault Raft leader becoming effectively unresponsive due to full disk from audit/logging, while followers still see it as healthy, blocking logins and operator step-down. They question how leader health is determined, how to recover without killing the node, and request more resilient/operable behavior."", ""usability_non_usability_type"": ""usability"", ""associated_component_theme"": [""Core"", ""Notification/Logging""], ""l1_theme"": [""Missing feature / enhancement request"", ""Unexpected behavior""], ""l1_theme_secondary"": [""Operational Friction"", ""Functional Gap""], ""nielsen_theme"": [""1. Visibility of system status"", ""3. User control and freedom"", ""5. Error prevention"", ""7. Flexibility and efficiency of use"", ""9. Help users recognize, diagnose, and recover from errors"", ""10. Help and documentation""], ""confidence"": 0.86}"
85,hashicorp/vault,29099,,"HashiCorp Vault core, CLI tooling, Notification/Logging","User cannot get a Vault HTTPS setup working on Ubuntu EC2 after following docs; Vault exits silently when TLS cert permissions are wrong, only showing connection refused from CLI. Discussion reveals ownership and VAULT_ADDR issues. User requests clearer HTTPS configuration docs and explicit logging of permission errors.",usability,"Core, CLI tooling, Notification/Logging","Configuration friction, User confusion / unclear documentation, Notification/Logging /Web UI Issues, Missing feature / enhancement request","Operational Friction, Cognitive Friction, Functional Gap","1. Visibility of system status, 5. Error prevention, '9. Help users recognize, diagnose, and recover from errors', 10. Help and documentation",0.9,"{""associated_component"": ""HashiCorp Vault core, CLI tooling, Notification/Logging"", ""codes_primary"": ""User cannot get a Vault HTTPS setup working on Ubuntu EC2 after following docs; Vault exits silently when TLS cert permissions are wrong, only showing connection refused from CLI. Discussion reveals ownership and VAULT_ADDR issues. User requests clearer HTTPS configuration docs and explicit logging of permission errors."", ""usability_non_usability_type"": ""usability"", ""associated_component_theme"": [""Core"", ""CLI tooling"", ""Notification/Logging""], ""l1_theme"": [""Configuration friction"", ""User confusion / unclear documentation"", ""Notification/Logging /Web UI Issues"", ""Missing feature / enhancement request""], ""l1_theme_secondary"": [""Operational Friction"", ""Cognitive Friction"", ""Functional Gap""], ""nielsen_theme"": [""1. Visibility of system status"", ""5. Error prevention"", ""9. Help users recognize, diagnose, and recover from errors"", ""10. Help and documentation""], ""confidence"": 0.9}"
86,hashicorp/vault,29101,,HashiCorp Vault - Web Client,"User requests a more user-friendly namespace navigation in Vault Enterprise’s web UI. Currently changing namespaces requires multiple clicks on a small back button in a corner, while the main sidebar is unused. They want a persistent, clickable namespace list in the sidebar.",usability,Web Client,"Missing feature / enhancement request, Tedious Workflows, Notification/Logging /Web UI Issues","Operational Friction, Functional Gap","7. Flexibility and efficiency of use, 3. User control and freedom, 8. Aesthetic and minimalist design",0.9,"{""associated_component"": ""HashiCorp Vault - Web Client"", ""codes_primary"": ""User requests a more user-friendly namespace navigation in Vault Enterprise’s web UI. Currently changing namespaces requires multiple clicks on a small back button in a corner, while the main sidebar is unused. They want a persistent, clickable namespace list in the sidebar."", ""usability_non_usability_type"": ""usability"", ""associated_component_theme"": [""Web Client""], ""l1_theme"": [""Missing feature / enhancement request"", ""Tedious Workflows"", ""Notification/Logging /Web UI Issues""], ""l1_theme_secondary"": [""Operational Friction"", ""Functional Gap""], ""nielsen_theme"": [""7. Flexibility and efficiency of use"", ""3. User control and freedom"", ""8. Aesthetic and minimalist design""], ""confidence"": 0.9}"
87,hashicorp/vault,29179,,HashiCorp Vault core,User reports Vault Agent on AWS EKS spot instances intermittently timing out when authenticating to Vault via Kubernetes auth after introducing network policies. Behavior is random across two clusters; logs show TCP i/o timeouts. Maintainer concludes this is an environmental networking issue and closes.,non-usability,,,,,0.86,"{""associated_component"": ""HashiCorp Vault core"", ""codes_primary"": ""User reports Vault Agent on AWS EKS spot instances intermittently timing out when authenticating to Vault via Kubernetes auth after introducing network policies. Behavior is random across two clusters; logs show TCP i/o timeouts. Maintainer concludes this is an environmental networking issue and closes."", ""usability_non_usability_type"": ""non-usability"", ""associated_component_theme"": [""Core""], ""l1_theme"": [""Integration failure/issues""], ""l1_theme_secondary"": [""Functional Reliability""], ""nielsen_theme"": [], ""confidence"": 0.86}"
88,hashicorp/vault,29287,,"HashiCorp Vault - Key Management Core / Secrets Backend, Policy/configuration","User asks whether Vault KV v2 supports conditional, metadata-based access control so policies can reference secret tags (e.g., team) instead of enumerating paths. Current path-based policies are cumbersome at scale; user notes required_parameters don’t work with KV v2. Comment suggests RGPs and better path structuring.",usability,"Key Management Core / Secrets Backend, Policy/configuration","Missing feature / enhancement request, Tedious Workflows, User confusion / unclear documentation","Functional Gap, Operational Friction, Cognitive Friction","7. Flexibility and efficiency of use, 10. Help and documentation",0.86,"{""associated_component"": ""HashiCorp Vault - Key Management Core / Secrets Backend, Policy/configuration"", ""codes_primary"": ""User asks whether Vault KV v2 supports conditional, metadata-based access control so policies can reference secret tags (e.g., team) instead of enumerating paths. Current path-based policies are cumbersome at scale; user notes required_parameters don’t work with KV v2. Comment suggests RGPs and better path structuring."", ""usability_non_usability_type"": ""usability"", ""associated_component_theme"": [""Key Management Core / Secrets Backend"", ""Policy/configuration""], ""l1_theme"": [""Missing feature / enhancement request"", ""Tedious Workflows"", ""User confusion / unclear documentation""], ""l1_theme_secondary"": [""Functional Gap"", ""Operational Friction"", ""Cognitive Friction""], ""nielsen_theme"": [""7. Flexibility and efficiency of use"", ""10. Help and documentation""], ""confidence"": 0.86}"
89,hashicorp/vault,29362,,"HashiCorp Vault - Key Management Core / Secrets Backend, API, CLI tooling","User reports that when generating an exported root certificate via the PKI backend, the key_usage parameter (DigitalSignature or empty) is ignored and the resulting certificate only has Certificate Sign, CRL Sign. They followed the documented API but behavior does not match expectations.",usability,"Key Management Core / Secrets Backend, API, CLI tooling","Unexpected behavior, User confusion / unclear documentation","Functional Reliability, Cognitive Friction","2. Match between system and the real world, 4. Consistency and standards, 10. Help and documentation",0.86,"{""associated_component"": ""HashiCorp Vault - Key Management Core / Secrets Backend, API, CLI tooling"", ""codes_primary"": ""User reports that when generating an exported root certificate via the PKI backend, the key_usage parameter (DigitalSignature or empty) is ignored and the resulting certificate only has Certificate Sign, CRL Sign. They followed the documented API but behavior does not match expectations."", ""usability_non_usability_type"": ""usability"", ""associated_component_theme"": [""Key Management Core / Secrets Backend"", ""API"", ""CLI tooling""], ""l1_theme"": [""Unexpected behavior"", ""User confusion / unclear documentation""], ""l1_theme_secondary"": [""Functional Reliability"", ""Cognitive Friction""], ""nielsen_theme"": [""2. Match between system and the real world"", ""4. Consistency and standards"", ""10. Help and documentation""], ""confidence"": 0.86}"
90,hashicorp/vault,29417,,"HashiCorp Vault - CLI, Authentication/Authorization tools","Reporter describes a bug where Vault’s external token helper is executed via a shell, causing VAULT_ADDR to be unexpectedly overridden by ~/.bashrc behavior in piped SSH/bash sessions. This leads to wrong tokens being returned for the intended address. They propose executing helpers directly without a shell and plan a PR.",usability,"CLI tooling, Authentication/Authorization tools","Unexpected behavior, Integration failure/issues","Functional Reliability, Operational Friction","5. Error prevention, 4. Consistency and standards",0.86,"{""associated_component"": ""HashiCorp Vault - CLI, Authentication/Authorization tools"", ""codes_primary"": ""Reporter describes a bug where Vault’s external token helper is executed via a shell, causing VAULT_ADDR to be unexpectedly overridden by ~/.bashrc behavior in piped SSH/bash sessions. This leads to wrong tokens being returned for the intended address. They propose executing helpers directly without a shell and plan a PR."", ""usability_non_usability_type"": ""usability"", ""associated_component_theme"": [""CLI tooling"", ""Authentication/Authorization tools""], ""l1_theme"": [""Unexpected behavior"", ""Integration failure/issues""], ""l1_theme_secondary"": [""Functional Reliability"", ""Operational Friction""], ""nielsen_theme"": [""5. Error prevention"", ""4. Consistency and standards""], ""confidence"": 0.86}"
91,hashicorp/vault,29928,,"HashiCorp Vault - API, Policy/configuration","Bug report: Vault PKI sign/pki/{role} endpoint allows issuing certificates whose not_after exceeds the role’s max_ttl when not_after is explicitly provided, unlike when ttl is used. Reporter expects max_ttl to cap validity and either enforce it or clearly document the intended behavior.",usability,"API, Policy/configuration","Unexpected behavior, User confusion / unclear documentation, Security concerns","Functional Reliability, Cognitive Friction","2. Match between system and the real world, 4. Consistency and standards, 5. Error prevention, 10. Help and documentation",0.86,"{""associated_component"": ""HashiCorp Vault - API, Policy/configuration"", ""codes_primary"": ""Bug report: Vault PKI sign/pki/{role} endpoint allows issuing certificates whose not_after exceeds the role’s max_ttl when not_after is explicitly provided, unlike when ttl is used. Reporter expects max_ttl to cap validity and either enforce it or clearly document the intended behavior."", ""usability_non_usability_type"": ""usability"", ""associated_component_theme"": [""API"", ""Policy/configuration""], ""l1_theme"": [""Unexpected behavior"", ""User confusion / unclear documentation"", ""Security concerns""], ""l1_theme_secondary"": [""Functional Reliability"", ""Cognitive Friction""], ""nielsen_theme"": [""2. Match between system and the real world"", ""4. Consistency and standards"", ""5. Error prevention"", ""10. Help and documentation""], ""confidence"": 0.86}"
92,hashicorp/vault,30362,,"HashiCorp Vault - Policy/configuration, API","User requests an enhancement to Vault PKI roles to restrict certificates so that hostnames appear only as SANs, constrained to specific domains, to support automated issuance via Ansible while preventing issuance of arbitrary names considered a security risk.",usability,"Policy/configuration, API","Missing feature / enhancement request, Security concerns","Functional Gap, Operational Friction","7. Flexibility and efficiency of use, 5. Error prevention",0.86,"{""associated_component"": ""HashiCorp Vault - Policy/configuration, API"", ""codes_primary"": ""User requests an enhancement to Vault PKI roles to restrict certificates so that hostnames appear only as SANs, constrained to specific domains, to support automated issuance via Ansible while preventing issuance of arbitrary names considered a security risk."", ""usability_non_usability_type"": ""usability"", ""associated_component_theme"": [""Policy/configuration"", ""API""], ""l1_theme"": [""Missing feature / enhancement request"", ""Security concerns""], ""l1_theme_secondary"": [""Functional Gap"", ""Operational Friction""], ""nielsen_theme"": [""7. Flexibility and efficiency of use"", ""5. Error prevention""], ""confidence"": 0.86}"
93,hashicorp/vault,30858,,HashiCorp Vault - Policy/configuration,"User reports that Vault’s TCP listener TLS documentation is unclear or outdated regarding configuring TLS 1.2 cipher suites while still supporting TLS 1.3. They provide a working example configuration and cipher scan results, implying the docs should be corrected or clarified.",usability,Policy/configuration,User confusion / unclear documentation,Cognitive Friction,10. Help and documentation,0.86,"{""associated_component"": ""HashiCorp Vault - Policy/configuration"", ""codes_primary"": ""User reports that Vault’s TCP listener TLS documentation is unclear or outdated regarding configuring TLS 1.2 cipher suites while still supporting TLS 1.3. They provide a working example configuration and cipher scan results, implying the docs should be corrected or clarified."", ""usability_non_usability_type"": ""usability"", ""associated_component_theme"": [""Policy/configuration""], ""l1_theme"": [""User confusion / unclear documentation""], ""l1_theme_secondary"": [""Cognitive Friction""], ""nielsen_theme"": [""10. Help and documentation""], ""confidence"": 0.86}"
94,hashicorp/vault,31343,,HashiCorp Vault core,"User requests support for Vault auto unseal using IBM Cloud KMS. Currently auto unseal only supports Azure, AWS, and GCP. They can work around this via Transit secrets engine to an AWS Vault but prefer a native IBM Cloud integration, especially given HashiCorp’s IBM ownership.",usability,"Core, Key Management Core / Secrets Backend","Missing feature / enhancement request, Integration failure/issues","Functional Gap, Operational Friction",7. Flexibility and efficiency of use,0.86,"{""associated_component"": ""HashiCorp Vault core"", ""codes_primary"": ""User requests support for Vault auto unseal using IBM Cloud KMS. Currently auto unseal only supports Azure, AWS, and GCP. They can work around this via Transit secrets engine to an AWS Vault but prefer a native IBM Cloud integration, especially given HashiCorp’s IBM ownership."", ""usability_non_usability_type"": ""usability"", ""associated_component_theme"": [""Core"", ""Key Management Core / Secrets Backend""], ""l1_theme"": [""Missing feature / enhancement request"", ""Integration failure/issues""], ""l1_theme_secondary"": [""Functional Gap"", ""Operational Friction""], ""nielsen_theme"": [""7. Flexibility and efficiency of use""], ""confidence"": 0.86}"
95,hashicorp/vault,31372,,HashiCorp Vault core,"Bug report: Vault clusters using AWS auto-join in region me-central-1 cannot connect to the AWS EC2 API due to go-discover using a dualstack endpoint that does not exist for this region, causing auto-join/raft retry_join to fail at startup.",non-usability,,,,,0.86,"{""associated_component"": ""HashiCorp Vault core"", ""codes_primary"": ""Bug report: Vault clusters using AWS auto-join in region me-central-1 cannot connect to the AWS EC2 API due to go-discover using a dualstack endpoint that does not exist for this region, causing auto-join/raft retry_join to fail at startup."", ""usability_non_usability_type"": ""non-usability"", ""associated_component_theme"": [""Core""], ""l1_theme"": [""Unexpected behavior"", ""Integration failure/issues""], ""l1_theme_secondary"": [""Functional Reliability""], ""nielsen_theme"": [], ""confidence"": 0.86}"
96,hashicorp/vault,31615,,"HashiCorp Vault core, CLI tooling, Notification/Logging",Bug report: running `vault operator diagnose` with a valid dogstatsd-only telemetry configuration incorrectly reports a failure about incomplete Stackdriver telemetry (missing stackdriver_project_id). Reporter identifies a small code glitch as cause and plans to submit a PR fix.,non-usability,,,,,0.9,"{""associated_component"": ""HashiCorp Vault core, CLI tooling, Notification/Logging"", ""codes_primary"": ""Bug report: running `vault operator diagnose` with a valid dogstatsd-only telemetry configuration incorrectly reports a failure about incomplete Stackdriver telemetry (missing stackdriver_project_id). Reporter identifies a small code glitch as cause and plans to submit a PR fix."", ""usability_non_usability_type"": ""non-usability"", ""associated_component_theme"": [""CLI tooling"", ""Notification/Logging"", ""Core""], ""l1_theme"": [""Unexpected behavior""], ""l1_theme_secondary"": [""Functional Reliability""], ""nielsen_theme"": [], ""confidence"": 0.9}"
97,hashicorp/vault,31621,,Vault Core,"Bug report: the framework.TypeKVPairs type in Vault does not parse multiple key/value pairs as documented. It splits only on the first '=' so a string like ""A=a,B=b,C=c"" becomes a single entry instead of a map of three pairs, contradicting its description.",non-usability,,,,,0.86,"{""associated_component"": ""Vault Core"", ""codes_primary"": ""Bug report: the framework.TypeKVPairs type in Vault does not parse multiple key/value pairs as documented. It splits only on the first '=' so a string like \""A=a,B=b,C=c\"" becomes a single entry instead of a map of three pairs, contradicting its description."", ""usability_non_usability_type"": ""non-usability"", ""associated_component_theme"": [""Core""], ""l1_theme"": [""Unexpected behavior""], ""l1_theme_secondary"": [""Functional Reliability""], ""nielsen_theme"": [], ""confidence"": 0.86}"
98,notaryproject/notation,211,,"notation CLI tooling, Signing workflow, Core","User reports that notation 0.7.1-alpha.1 CLI cannot authenticate to a CNCF ORAS registry using basic auth flags (-u/-p), while the oras CLI works with the same credentials. Sign command returns 401 Unauthorized. Maintainers trace this to dependency/UX issues and update oras-go and CLI packages.",usability,"CLI tooling, Signing workflow, Core","Authentication friction, Integration failure/issues, Unexpected behavior","Functional Reliability, Operational Friction","4. Consistency and standards, '9. Help users recognize, diagnose, and recover from errors']",0.86,"{""associated_component"": ""notation CLI tooling, Signing workflow, Core"", ""codes_primary"": ""User reports that notation 0.7.1-alpha.1 CLI cannot authenticate to a CNCF ORAS registry using basic auth flags (-u/-p), while the oras CLI works with the same credentials. Sign command returns 401 Unauthorized. Maintainers trace this to dependency/UX issues and update oras-go and CLI packages."", ""usability_non_usability_type"": ""usability"", ""associated_component_theme"": [""CLI tooling"", ""Signing workflow"", ""Core""], ""l1_theme"": [""Authentication friction"", ""Integration failure/issues"", ""Unexpected behavior""], ""l1_theme_secondary"": [""Functional Reliability"", ""Operational Friction""], ""nielsen_theme"": [""4. Consistency and standards"", ""9. Help users recognize, diagnose, and recover from errors""], ""confidence"": 0.86}"
99,notaryproject/notation,233,,"notation core, CLI tooling",Maintainers are tracking a to-do to design/specify and then implement a new `pull` CLI command for notation. This is a pure enhancement task with no described user-facing problem or confusion motivating it.,non-usability,,,,,0.86,"{""associated_component"": ""notation core, CLI tooling"", ""codes_primary"": ""Maintainers are tracking a to-do to design/specify and then implement a new `pull` CLI command for notation. This is a pure enhancement task with no described user-facing problem or confusion motivating it."", ""usability_non_usability_type"": ""non-usability"", ""associated_component_theme"": [""CLI tooling"", ""Core""], ""l1_theme"": [""Missing feature / enhancement request""], ""l1_theme_secondary"": [""Functional Gap""], ""nielsen_theme"": [], ""confidence"": 0.86}"
100,notaryproject/notation,320,,"notation CLI - sign command, Key Management Core / Secrets Backend",User following Azure Container Registry signing workflow with notation alpha.3 cannot sign images using self-signed certificates stored in Azure Key Vault; notation sign fails with x509 malformed certificate due to certificate chain requirements. Maintainers discuss relaxing chain validation to support this use case.,usability,"CLI tooling, Signing workflow, Key Management Core / Secrets Backend","Integration failure/issues, Missing feature / enhancement request","Functional Gap, Operational Friction","7. Flexibility and efficiency of use, 10. Help and documentation",0.86,"{""associated_component"": ""notation CLI - sign command, Key Management Core / Secrets Backend"", ""codes_primary"": ""User following Azure Container Registry signing workflow with notation alpha.3 cannot sign images using self-signed certificates stored in Azure Key Vault; notation sign fails with x509 malformed certificate due to certificate chain requirements. Maintainers discuss relaxing chain validation to support this use case."", ""usability_non_usability_type"": ""usability"", ""associated_component_theme"": [""CLI tooling"", ""Signing workflow"", ""Key Management Core / Secrets Backend""], ""l1_theme"": [""Integration failure/issues"", ""Missing feature / enhancement request""], ""l1_theme_secondary"": [""Functional Gap"", ""Operational Friction""], ""nielsen_theme"": [""7. Flexibility and efficiency of use"", ""10. Help and documentation""], ""confidence"": 0.86}"
101,notaryproject/notation,379,,"notation core, CLI tooling, Signing workflow, Verification workflow","Maintainers discuss how push and verify should handle speculating signature format, especially when pushing signatures from the local filesystem via the CLI `--signatures` flag. Verification will rely on remote retrieval under the new trust store/policy workflow. Implementation was merged via a linked PR.",usability,"CLI tooling, Signing workflow, Verification workflow, Core",Missing feature / enhancement request,Functional Gap,7. Flexibility and efficiency of use,0.7,"{""associated_component"": ""notation core, CLI tooling, Signing workflow, Verification workflow"", ""codes_primary"": ""Maintainers discuss how push and verify should handle speculating signature format, especially when pushing signatures from the local filesystem via the CLI `--signatures` flag. Verification will rely on remote retrieval under the new trust store/policy workflow. Implementation was merged via a linked PR."", ""usability_non_usability_type"": ""usability"", ""associated_component_theme"": [""CLI tooling"", ""Signing workflow"", ""Verification workflow"", ""Core""], ""l1_theme"": [""Missing feature / enhancement request""], ""l1_theme_secondary"": [""Functional Gap""], ""nielsen_theme"": [""7. Flexibility and efficiency of use""], ""confidence"": 0.7}"
102,notaryproject/notation,383,,notation CLI,"Maintainer requests adding clear, straightforward usage examples to the --help output for all main notation CLI commands and flags (sign, verify, key, certificate, plugin) in Alpha.4, so users can easily understand typical usage directly from command help.",usability,"CLI tooling, Signing workflow, Verification workflow, Key Management Core / Secrets Backend",Missing feature / enhancement request,Cognitive Friction,"6. Recognition rather than recall, 10. Help and documentation",0.9,"{""associated_component"": ""notation CLI"", ""codes_primary"": ""Maintainer requests adding clear, straightforward usage examples to the --help output for all main notation CLI commands and flags (sign, verify, key, certificate, plugin) in Alpha.4, so users can easily understand typical usage directly from command help."", ""usability_non_usability_type"": ""usability"", ""associated_component_theme"": [""CLI tooling"", ""Signing workflow"", ""Verification workflow"", ""Key Management Core / Secrets Backend""], ""l1_theme"": [""Missing feature / enhancement request""], ""l1_theme_secondary"": [""Cognitive Friction""], ""nielsen_theme"": [""6. Recognition rather than recall"", ""10. Help and documentation""], ""confidence"": 0.9}"
103,notaryproject/notation,547,,"Notation CLI - verify command JSON output, documentation",User reports that the JSON output of `notation verify` includes a `SkippedByTrustPolicy` result status that is not documented. This forces developers to read source code to discover possible status values and they request full documentation of all result enums.,usability,"CLI tooling, Verification workflow, Policy/configuration, Notification/Logging, Core","User confusion / unclear documentation, Missing feature / enhancement request, Notification/Logging /Web UI Issues","Cognitive Friction, Functional Gap","1. Visibility of system status, 6. Recognition rather than recall, 10. Help and documentation",0.9,"{""associated_component"": ""Notation CLI - verify command JSON output, documentation"", ""codes_primary"": ""User reports that the JSON output of `notation verify` includes a `SkippedByTrustPolicy` result status that is not documented. This forces developers to read source code to discover possible status values and they request full documentation of all result enums."", ""usability_non_usability_type"": ""usability"", ""associated_component_theme"": [""CLI tooling"", ""Verification workflow"", ""Policy/configuration"", ""Notification/Logging"", ""Core""], ""l1_theme"": [""User confusion / unclear documentation"", ""Missing feature / enhancement request"", ""Notification/Logging /Web UI Issues""], ""l1_theme_secondary"": [""Cognitive Friction"", ""Functional Gap""], ""nielsen_theme"": [""1. Visibility of system status"", ""6. Recognition rather than recall"", ""10. Help and documentation""], ""confidence"": 0.9}"
104,notaryproject/notation,574,,Notation CLI,"Feature request to change Notation CLI’s default signature storage from artifact manifests to image manifests. Current default causes portability and broken UX when copying signatures to registries lacking artifact manifest support, and requires users to know each registry’s manifest capabilities.",usability,"CLI tooling, Signing workflow","Missing feature / enhancement request, Integration failure/issues, Tedious Workflows","Functional Gap, Operational Friction","7. Flexibility and efficiency of use, 6. Recognition rather than recall, 4. Consistency and standards",0.9,"{""associated_component"": ""Notation CLI"", ""codes_primary"": ""Feature request to change Notation CLI’s default signature storage from artifact manifests to image manifests. Current default causes portability and broken UX when copying signatures to registries lacking artifact manifest support, and requires users to know each registry’s manifest capabilities."", ""usability_non_usability_type"": ""usability"", ""associated_component_theme"": [""CLI tooling"", ""Signing workflow""], ""l1_theme"": [""Missing feature / enhancement request"", ""Integration failure/issues"", ""Tedious Workflows""], ""l1_theme_secondary"": [""Functional Gap"", ""Operational Friction""], ""nielsen_theme"": [""7. Flexibility and efficiency of use"", ""6. Recognition rather than recall"", ""4. Consistency and standards""], ""confidence"": 0.9}"
105,notaryproject/notation,655,,"notation core, notation CLI",Feature request to integrate Notation directly into containerd as a plugin for closer-to-runtime image integrity verification. Reporter notes nerdctl already integrates with Notation and wants similar native containerd support for better workflow integration.,usability,"Core, CLI tooling, Signing workflow, Verification workflow","Missing feature / enhancement request, Integration failure/issues","Functional Gap, Operational Friction",7. Flexibility and efficiency of use,0.86,"{""associated_component"": ""notation core, notation CLI"", ""codes_primary"": ""Feature request to integrate Notation directly into containerd as a plugin for closer-to-runtime image integrity verification. Reporter notes nerdctl already integrates with Notation and wants similar native containerd support for better workflow integration."", ""usability_non_usability_type"": ""usability"", ""associated_component_theme"": [""Core"", ""CLI tooling"", ""Signing workflow"", ""Verification workflow""], ""l1_theme"": [""Missing feature / enhancement request"", ""Integration failure/issues""], ""l1_theme_secondary"": [""Functional Gap"", ""Operational Friction""], ""nielsen_theme"": [""7. Flexibility and efficiency of use""], ""confidence"": 0.86}"
106,notaryproject/notation,659,,"Notation CLI - Signing workflow, Verification workflow, Policy/configuration, API","Maintainers request treating OCI Referrer API support as an experimental, opt-in feature gated by NOTATION_EXPERIMENTAL and a flag, to avoid breaking changes and inconsistent behavior across registries and versions. They want clear, consistent sign/verify/list/inspect behavior and documented experimental semantics.",usability,"CLI tooling, Signing workflow, Verification workflow, Policy/configuration, API",Missing feature / enhancement request,"Functional Gap, Operational Friction","4. Consistency and standards, 7. Flexibility and efficiency of use, 10. Help and documentation",0.86,"{""associated_component"": ""Notation CLI - Signing workflow, Verification workflow, Policy/configuration, API"", ""codes_primary"": ""Maintainers request treating OCI Referrer API support as an experimental, opt-in feature gated by NOTATION_EXPERIMENTAL and a flag, to avoid breaking changes and inconsistent behavior across registries and versions. They want clear, consistent sign/verify/list/inspect behavior and documented experimental semantics."", ""usability_non_usability_type"": ""usability"", ""associated_component_theme"": [""CLI tooling"", ""Signing workflow"", ""Verification workflow"", ""Policy/configuration"", ""API""], ""l1_theme"": [""Missing feature / enhancement request""], ""l1_theme_secondary"": [""Functional Gap"", ""Operational Friction""], ""nielsen_theme"": [""4. Consistency and standards"", ""7. Flexibility and efficiency of use"", ""10. Help and documentation""], ""confidence"": 0.86}"
107,notaryproject/notation,671,,notation Core,"Maintainers are recording approvals and summarizing the changelog to proceed with tagging commit d850c3f as release v1.0.0-rc.5. This is an internal release-approval/tracking issue, not reporting user-facing problems or requesting new functionality.",non-usability,,,,,0.9,"{""associated_component"": ""notation Core"", ""codes_primary"": ""Maintainers are recording approvals and summarizing the changelog to proceed with tagging commit d850c3f as release v1.0.0-rc.5. This is an internal release-approval/tracking issue, not reporting user-facing problems or requesting new functionality."", ""usability_non_usability_type"": ""non-usability"", ""associated_component_theme"": [""Release pipeline""], ""l1_theme"": [""Build/CI/installation/distribution release issues""], ""l1_theme_secondary"": [""Functional Reliability""], ""nielsen_theme"": [], ""confidence"": 0.9}"
108,notaryproject/notation,829,,"notation CLI - Signing workflow, Notification/Logging","Feature request to improve the signing error message when a certificate is not valid at signing time. Current output omits the certificate’s validity period, forcing users to run extra commands and locate default cert details, which is especially hard for beginners with many certificates.",usability,"CLI tooling, Signing workflow, Notification/Logging","Missing feature / enhancement request, Notification/Logging /Web UI Issues, Tedious Workflows","Cognitive Friction, Functional Gap","1. Visibility of system status, 6. Recognition rather than recall, '9. Help users recognize, diagnose, and recover from errors']",0.9,"{""associated_component"": ""notation CLI - Signing workflow, Notification/Logging"", ""codes_primary"": ""Feature request to improve the signing error message when a certificate is not valid at signing time. Current output omits the certificate’s validity period, forcing users to run extra commands and locate default cert details, which is especially hard for beginners with many certificates."", ""usability_non_usability_type"": ""usability"", ""associated_component_theme"": [""CLI tooling"", ""Signing workflow"", ""Notification/Logging""], ""l1_theme"": [""Missing feature / enhancement request"", ""Notification/Logging /Web UI Issues"", ""Tedious Workflows""], ""l1_theme_secondary"": [""Cognitive Friction"", ""Functional Gap""], ""nielsen_theme"": [""1. Visibility of system status"", ""6. Recognition rather than recall"", ""9. Help users recognize, diagnose, and recover from errors""], ""confidence"": 0.9}"
109,notaryproject/notation,851,,notation Core,"Maintainer-opened tracking issue for a code-level concern: modifying http.DefaultClient.Transport globally when authClient.Client is nil. This global side effect should be avoided; no user-facing symptoms, workflow, or documentation confusion are described.",non-usability,,,,,0.86,"{""associated_component"": ""notation Core"", ""codes_primary"": ""Maintainer-opened tracking issue for a code-level concern: modifying http.DefaultClient.Transport globally when authClient.Client is nil. This global side effect should be avoided; no user-facing symptoms, workflow, or documentation confusion are described."", ""usability_non_usability_type"": ""non-usability"", ""associated_component_theme"": [""Core""], ""l1_theme"": [""Unexpected behavior""], ""l1_theme_secondary"": [""Functional Reliability""], ""nielsen_theme"": [], ""confidence"": 0.86}"
110,notaryproject/notation,880,,"notation Core, Release pipeline","Maintainers are proposing and tracking the Notation v1.2.0 release, including target dates, main feature issues, OCI 1.1 support, signing blob, time-stamping support, and related specification updates and security audit. This is an internal release planning/meta issue, not a user-facing problem or request.",non-usability,,,,,0.86,"{""associated_component"": ""notation Core, Release pipeline"", ""codes_primary"": ""Maintainers are proposing and tracking the Notation v1.2.0 release, including target dates, main feature issues, OCI 1.1 support, signing blob, time-stamping support, and related specification updates and security audit. This is an internal release planning/meta issue, not a user-facing problem or request."", ""usability_non_usability_type"": ""non-usability"", ""associated_component_theme"": [""Core"", ""Release pipeline""], ""l1_theme"": [""Build/CI/installation/distribution release issues""], ""l1_theme_secondary"": [""Functional Reliability""], ""nielsen_theme"": [], ""confidence"": 0.86}"
111,notaryproject/notation,1012,,notaryproject/notation core,Maintainer notes that blob sign/verify content was mistakenly left in the v1.1.1 spec files and requests a PR against the release-1.1 branch to correct the documentation/specification.,usability,Core,User confusion / unclear documentation,Cognitive Friction,10. Help and documentation,0.86,"{""associated_component"": ""notaryproject/notation core"", ""codes_primary"": ""Maintainer notes that blob sign/verify content was mistakenly left in the v1.1.1 spec files and requests a PR against the release-1.1 branch to correct the documentation/specification."", ""usability_non_usability_type"": ""usability"", ""associated_component_theme"": [""Core""], ""l1_theme"": [""User confusion / unclear documentation""], ""l1_theme_secondary"": [""Cognitive Friction""], ""nielsen_theme"": [""10. Help and documentation""], ""confidence"": 0.86}"
112,notaryproject/notation,1239,,notaryproject/notation core,"Maintainer asks whether empty trust store directories should be removed after deleting a certificate, to avoid accumulation of empty folders. This is a question about expected cleanup behavior and workflow tidiness rather than a functional failure.",usability,Core,"User confusion / unclear documentation, Tedious Workflows","Cognitive Friction, Operational Friction","2. Match between system and the real world, 7. Flexibility and efficiency of use, 10. Help and documentation",0.78,"{""associated_component"": ""notaryproject/notation core"", ""codes_primary"": ""Maintainer asks whether empty trust store directories should be removed after deleting a certificate, to avoid accumulation of empty folders. This is a question about expected cleanup behavior and workflow tidiness rather than a functional failure."", ""usability_non_usability_type"": ""usability"", ""associated_component_theme"": [""Core""], ""l1_theme"": [""User confusion / unclear documentation"", ""Tedious Workflows""], ""l1_theme_secondary"": [""Cognitive Friction"", ""Operational Friction""], ""nielsen_theme"": [""2. Match between system and the real world"", ""7. Flexibility and efficiency of use"", ""10. Help and documentation""], ""confidence"": 0.78}"
113,openpubkey/openpubkey,4,,"OpenPubKey core, API","Maintainer requests making OpkClient’s OIDC provider support pluggable instead of hard‑coded to Google, so implementations for other OIDC providers can be added and integrated into workflows that rely on non-Google identity providers.",usability,"Authentication/Authorization tools, API, Core","Missing feature / enhancement request, Integration failure/issues","Functional Gap, Operational Friction",7. Flexibility and efficiency of use,0.86,"{""associated_component"": ""OpenPubKey core, API"", ""codes_primary"": ""Maintainer requests making OpkClient’s OIDC provider support pluggable instead of hard‑coded to Google, so implementations for other OIDC providers can be added and integrated into workflows that rely on non-Google identity providers."", ""usability_non_usability_type"": ""usability"", ""associated_component_theme"": [""Authentication/Authorization tools"", ""API"", ""Core""], ""l1_theme"": [""Missing feature / enhancement request"", ""Integration failure/issues""], ""l1_theme_secondary"": [""Functional Gap"", ""Operational Friction""], ""nielsen_theme"": [""7. Flexibility and efficiency of use""], ""confidence"": 0.86}"
114,openpubkey/openpubkey,61,,OpenPubKey core,"Reporter, implementing a ledger for OIDC public keys, notes that kid is not always present/unique per spec and asks how to reliably bind an OP public key to an OPK, proposing adding a hash of the OP key in the header and seeking design guidance and alternatives.",usability,"Core, Authentication/Authorization tools",Missing feature / enhancement request,Functional Gap,"7. Flexibility and efficiency of use, 4. Consistency and standards",0.86,"{""associated_component"": ""OpenPubKey core"", ""codes_primary"": ""Reporter, implementing a ledger for OIDC public keys, notes that kid is not always present/unique per spec and asks how to reliably bind an OP public key to an OPK, proposing adding a hash of the OP key in the header and seeking design guidance and alternatives."", ""usability_non_usability_type"": ""usability"", ""associated_component_theme"": [""Core"", ""Authentication/Authorization tools""], ""l1_theme"": [""Missing feature / enhancement request""], ""l1_theme_secondary"": [""Functional Gap""], ""nielsen_theme"": [""7. Flexibility and efficiency of use"", ""4. Consistency and standards""], ""confidence"": 0.86}"
115,openpubkey/openpubkey,100,,OpenPubKey core,"Maintainers propose and document a design for supporting GitLab-based PK Tokens where workloads cannot set the aud claim, including security considerations and an optional cosigner mechanism. This is an enhancement to extend OpenPubKey’s signing/verification model beyond GitHub. GitLab support was later merged.",usability,"Signing workflow, Verification workflow, Build/CI, Core","Missing feature / enhancement request, Security concerns",Functional Gap,"7. Flexibility and efficiency of use, 5. Error prevention",0.86,"{""associated_component"": ""OpenPubKey core"", ""codes_primary"": ""Maintainers propose and document a design for supporting GitLab-based PK Tokens where workloads cannot set the aud claim, including security considerations and an optional cosigner mechanism. This is an enhancement to extend OpenPubKey’s signing/verification model beyond GitHub. GitLab support was later merged."", ""usability_non_usability_type"": ""usability"", ""associated_component_theme"": [""Signing workflow"", ""Verification workflow"", ""Build/CI"", ""Core""], ""l1_theme"": [""Missing feature / enhancement request"", ""Security concerns""], ""l1_theme_secondary"": [""Functional Gap""], ""nielsen_theme"": [""7. Flexibility and efficiency of use"", ""5. Error prevention""], ""confidence"": 0.86}"
116,openpubkey/openpubkey,137,,OpenPubKey core,"Enhancement request to update VerifierProvider so it can look up the OP public key using the JKT from the unprotected header when no kid is present in the protected header, since some OIDC providers omit kid, blocking verification in those cases.",usability,"Verification workflow, Core","Missing feature / enhancement request, Integration failure/issues","Functional Gap, Operational Friction",7. Flexibility and efficiency of use,0.86,"{""associated_component"": ""OpenPubKey core"", ""codes_primary"": ""Enhancement request to update VerifierProvider so it can look up the OP public key using the JKT from the unprotected header when no kid is present in the protected header, since some OIDC providers omit kid, blocking verification in those cases."", ""usability_non_usability_type"": ""usability"", ""associated_component_theme"": [""Verification workflow"", ""Core""], ""l1_theme"": [""Missing feature / enhancement request"", ""Integration failure/issues""], ""l1_theme_secondary"": [""Functional Gap"", ""Operational Friction""], ""nielsen_theme"": [""7. Flexibility and efficiency of use""], ""confidence"": 0.86}"
117,openpubkey/openpubkey,157,,"OpenPubKey core, Authentication/Authorization tools","Maintainer documents experimental integration of OpenPubKey with an RSA SecurID OpenID Provider. After successful user authentication and receipt of an auth code, the client fails at token exchange with an oauth2 ""invalid_grant"" error, indicating an integration problem with this OP’s token flow.",usability,"Authentication/Authorization tools, Core","Integration failure/issues, Unexpected behavior",Functional Reliability,4. Consistency and standards,0.78,"{""associated_component"": ""OpenPubKey core, Authentication/Authorization tools"", ""codes_primary"": ""Maintainer documents experimental integration of OpenPubKey with an RSA SecurID OpenID Provider. After successful user authentication and receipt of an auth code, the client fails at token exchange with an oauth2 \""invalid_grant\"" error, indicating an integration problem with this OP’s token flow."", ""usability_non_usability_type"": ""usability"", ""associated_component_theme"": [""Authentication/Authorization tools"", ""Core""], ""l1_theme"": [""Integration failure/issues"", ""Unexpected behavior""], ""l1_theme_secondary"": [""Functional Reliability""], ""nielsen_theme"": [""4. Consistency and standards""], ""confidence"": 0.78}"
118,openpubkey/openpubkey,226,,"OpenPubKey core, Web Client","Maintainer proposes refactoring browser window handling for OP chooser, provider, and cosigner into a singleton manager. Current channel-based redirect coordination makes code and unit tests complex and hard to reason about. Singleton would centralize redirects, manage a localhost webserver lifecycle, and ease mocking.",usability,"Core, Web Client","Missing feature / enhancement request, Performance issue, Tedious Workflows","Operational Friction, Cognitive Friction","7. Flexibility and efficiency of use, 8. Aesthetic and minimalist design",0.86,"{""associated_component"": ""OpenPubKey core, Web Client"", ""codes_primary"": ""Maintainer proposes refactoring browser window handling for OP chooser, provider, and cosigner into a singleton manager. Current channel-based redirect coordination makes code and unit tests complex and hard to reason about. Singleton would centralize redirects, manage a localhost webserver lifecycle, and ease mocking."", ""usability_non_usability_type"": ""usability"", ""associated_component_theme"": [""Core"", ""Web Client""], ""l1_theme"": [""Missing feature / enhancement request"", ""Performance issue"", ""Tedious Workflows""], ""l1_theme_secondary"": [""Operational Friction"", ""Cognitive Friction""], ""nielsen_theme"": [""7. Flexibility and efficiency of use"", ""8. Aesthetic and minimalist design""], ""confidence"": 0.86}"
119,openpubkey/openpubkey,254,,"OpenPubKey core, CLI tooling","Reporter notes that some commands (e.g., `opkssh install`) assume a systemd-based Linux environment and fail on other OSes. They request clearer documentation of supported and tested OS/application matrices so users understand compatibility and avoid environment-specific failures.",usability,"CLI tooling, Core","Missing feature / enhancement request, User confusion / unclear documentation, Build/CI/installation/distribution release issues","Operational Friction, Functional Gap","4. Consistency and standards, 7. Flexibility and efficiency of use, 10. Help and documentation",0.86,"{""associated_component"": ""OpenPubKey core, CLI tooling"", ""codes_primary"": ""Reporter notes that some commands (e.g., `opkssh install`) assume a systemd-based Linux environment and fail on other OSes. They request clearer documentation of supported and tested OS/application matrices so users understand compatibility and avoid environment-specific failures."", ""usability_non_usability_type"": ""usability"", ""associated_component_theme"": [""CLI tooling"", ""Core""], ""l1_theme"": [""Missing feature / enhancement request"", ""User confusion / unclear documentation"", ""Build/CI/installation/distribution release issues""], ""l1_theme_secondary"": [""Operational Friction"", ""Functional Gap""], ""nielsen_theme"": [""4. Consistency and standards"", ""7. Flexibility and efficiency of use"", ""10. Help and documentation""], ""confidence"": 0.86}"
120,sigstore/cosign,1048,,"cosign CLI, Verification workflow","Feature request to add a machine-readable JSON output format for cosign verification subcommands (e.g., verify-blob). User wants certificate fields like Issuer and URI, plus tlog and CA/instance info, to enable automated trust checks in workflows such as Linux package maintenance.",usability,"CLI tooling, Verification workflow","Missing feature / enhancement request, Security concerns, Tedious Workflows","Functional Gap, Operational Friction","7. Flexibility and efficiency of use, 5. Error prevention",0.86,"{""associated_component"": ""cosign CLI, Verification workflow"", ""codes_primary"": ""Feature request to add a machine-readable JSON output format for cosign verification subcommands (e.g., verify-blob). User wants certificate fields like Issuer and URI, plus tlog and CA/instance info, to enable automated trust checks in workflows such as Linux package maintenance."", ""usability_non_usability_type"": ""usability"", ""associated_component_theme"": [""CLI tooling"", ""Verification workflow""], ""l1_theme"": [""Missing feature / enhancement request"", ""Security concerns"", ""Tedious Workflows""], ""l1_theme_secondary"": [""Functional Gap"", ""Operational Friction""], ""nielsen_theme"": [""7. Flexibility and efficiency of use"", ""5. Error prevention""], ""confidence"": 0.86}"
121,sigstore/cosign,1215,,"cosign Core, Key Management Core / Secrets Backend, Build/CI","User requests an enhancement to integrate cosign signing with HashiCorp Vault so their CI pipeline can manage only an unencrypted signing key in Vault, fetched by the signing agent as needed, instead of handling an encrypted key plus password.",usability,"Key Management Core / Secrets Backend, Build/CI, Core",Missing feature / enhancement request,"Functional Gap, Operational Friction",7. Flexibility and efficiency of use,0.86,"{""associated_component"": ""cosign Core, Key Management Core / Secrets Backend, Build/CI"", ""codes_primary"": ""User requests an enhancement to integrate cosign signing with HashiCorp Vault so their CI pipeline can manage only an unencrypted signing key in Vault, fetched by the signing agent as needed, instead of handling an encrypted key plus password."", ""usability_non_usability_type"": ""usability"", ""associated_component_theme"": [""Key Management Core / Secrets Backend"", ""Build/CI"", ""Core""], ""l1_theme"": [""Missing feature / enhancement request""], ""l1_theme_secondary"": [""Functional Gap"", ""Operational Friction""], ""nielsen_theme"": [""7. Flexibility and efficiency of use""], ""confidence"": 0.86}"
122,sigstore/cosign,1288,,"cosign core, CLI","Maintainer proposes an on-disk configuration file so users can persist commonly reused flag values across cosign invocations. Suggests integrating this with `cosign initialize`, using a default path and configurable location, and supporting BYO TUF roots without falling back to embedded/hosted defaults.",usability,"CLI tooling, Policy/configuration","Missing feature / enhancement request, Tedious Workflows","Operational Friction, Functional Gap","6. Recognition rather than recall, 7. Flexibility and efficiency of use",0.86,"{""associated_component"": ""cosign core, CLI"", ""codes_primary"": ""Maintainer proposes an on-disk configuration file so users can persist commonly reused flag values across cosign invocations. Suggests integrating this with `cosign initialize`, using a default path and configurable location, and supporting BYO TUF roots without falling back to embedded/hosted defaults."", ""usability_non_usability_type"": ""usability"", ""associated_component_theme"": [""CLI tooling"", ""Policy/configuration""], ""l1_theme"": [""Missing feature / enhancement request"", ""Tedious Workflows""], ""l1_theme_secondary"": [""Operational Friction"", ""Functional Gap""], ""nielsen_theme"": [""6. Recognition rather than recall"", ""7. Flexibility and efficiency of use""], ""confidence"": 0.86}"
123,sigstore/cosign,1321,,"cosign CLI, Verification workflow","User requests an enhancement to let cosign verify DSSE envelope payloads (e.g., Tekton Chains taskrun annotations) directly via a CLI command like `cosign verify-attestation` against a provided key. They currently must write custom code despite cosign already having internal verification functions.",usability,"CLI tooling, Verification workflow",Missing feature / enhancement request,Functional Gap,7. Flexibility and efficiency of use,0.86,"{""associated_component"": ""cosign CLI, Verification workflow"", ""codes_primary"": ""User requests an enhancement to let cosign verify DSSE envelope payloads (e.g., Tekton Chains taskrun annotations) directly via a CLI command like `cosign verify-attestation` against a provided key. They currently must write custom code despite cosign already having internal verification functions."", ""usability_non_usability_type"": ""usability"", ""associated_component_theme"": [""CLI tooling"", ""Verification workflow""], ""l1_theme"": [""Missing feature / enhancement request""], ""l1_theme_secondary"": [""Functional Gap""], ""nielsen_theme"": [""7. Flexibility and efficiency of use""], ""confidence"": 0.86}"
124,sigstore/cosign,1323,,cosign core,"Maintainer-created tracking issue for an internal security code-scanning alert in the cosign repository, referencing a specific GitHub security/code-scanning item. No user-facing problem, workflow impact, or requested behavior change is described.",non-usability,,,,,0.86,"{""associated_component"": ""cosign core"", ""codes_primary"": ""Maintainer-created tracking issue for an internal security code-scanning alert in the cosign repository, referencing a specific GitHub security/code-scanning item. No user-facing problem, workflow impact, or requested behavior change is described."", ""usability_non_usability_type"": ""non-usability"", ""associated_component_theme"": [""Core""], ""l1_theme"": [""Security concerns""], ""l1_theme_secondary"": [""Functional Reliability""], ""nielsen_theme"": [], ""confidence"": 0.86}"
125,sigstore/cosign,1385,,cosign core,"Maintainer-opened internal task to improve automated test coverage and organization, including unit and integration tests, especially around experimental features and OIDC flows, and to add regression tests for a specific prior security advisory scenario (GHSA-ccxc-vr6p-4858).",non-usability,,,,,0.86,"{""associated_component"": ""cosign core"", ""codes_primary"": ""Maintainer-opened internal task to improve automated test coverage and organization, including unit and integration tests, especially around experimental features and OIDC flows, and to add regression tests for a specific prior security advisory scenario (GHSA-ccxc-vr6p-4858)."", ""usability_non_usability_type"": ""non-usability"", ""associated_component_theme"": [""Core""], ""l1_theme"": [""Security concerns""], ""l1_theme_secondary"": [""Functional Reliability""], ""nielsen_theme"": [], ""confidence"": 0.86}"
126,sigstore/cosign,1443,,"cosign core, CLI tooling, Signing workflow, Key Management Core / Secrets Backend","User asks whether cosign can replace Windows SignTool.exe for signing .exe binaries using password-protected .pfx certificates and seeks command-line examples. Comments indicate unclear support and documentation for self-managed keys and Windows code-signing workflows, creating migration uncertainty.",usability,"CLI tooling, Signing workflow, Key Management Core / Secrets Backend","User confusion / unclear documentation, Missing feature / enhancement request, Integration failure/issues","Cognitive Friction, Functional Gap, Operational Friction","7. Flexibility and efficiency of use, 10. Help and documentation, 2. Match between system and the real world",0.86,"{""associated_component"": ""cosign core, CLI tooling, Signing workflow, Key Management Core / Secrets Backend"", ""codes_primary"": ""User asks whether cosign can replace Windows SignTool.exe for signing .exe binaries using password-protected .pfx certificates and seeks command-line examples. Comments indicate unclear support and documentation for self-managed keys and Windows code-signing workflows, creating migration uncertainty."", ""usability_non_usability_type"": ""usability"", ""associated_component_theme"": [""CLI tooling"", ""Signing workflow"", ""Key Management Core / Secrets Backend""], ""l1_theme"": [""User confusion / unclear documentation"", ""Missing feature / enhancement request"", ""Integration failure/issues""], ""l1_theme_secondary"": [""Cognitive Friction"", ""Functional Gap"", ""Operational Friction""], ""nielsen_theme"": [""7. Flexibility and efficiency of use"", ""10. Help and documentation"", ""2. Match between system and the real world""], ""confidence"": 0.86}"
127,sigstore/cosign,1554,,"cosign CLI, Signing workflow, Verification workflow","Feature request and related bug around supplying and verifying custom X.509 certificate chains when signing and verifying with local PEM, PKCS#11, or KMS keys. `--cert` is silently ignored for PKCS#11, CA chains cannot be provided, and `cosign verify --cert` with a root bundle can crash. Users want flags like `--chain`/`--roots` to support existing organizational PKI and integrations (e.g., Kyverno).",usability,"CLI tooling, Signing workflow, Verification workflow, Policy/configuration","Missing feature / enhancement request, Unexpected behavior, Integration failure/issues","Functional Gap, Functional Reliability, Operational Friction","7. Flexibility and efficiency of use, 5. Error prevention, '9. Help users recognize, diagnose, and recover from errors']",0.86,"{""associated_component"": ""cosign CLI, Signing workflow, Verification workflow"", ""codes_primary"": ""Feature request and related bug around supplying and verifying custom X.509 certificate chains when signing and verifying with local PEM, PKCS#11, or KMS keys. `--cert` is silently ignored for PKCS#11, CA chains cannot be provided, and `cosign verify --cert` with a root bundle can crash. Users want flags like `--chain`/`--roots` to support existing organizational PKI and integrations (e.g., Kyverno)."", ""usability_non_usability_type"": ""usability"", ""associated_component_theme"": [""CLI tooling"", ""Signing workflow"", ""Verification workflow"", ""Policy/configuration""], ""l1_theme"": [""Missing feature / enhancement request"", ""Unexpected behavior"", ""Integration failure/issues""], ""l1_theme_secondary"": [""Functional Gap"", ""Functional Reliability"", ""Operational Friction""], ""nielsen_theme"": [""7. Flexibility and efficiency of use"", ""5. Error prevention"", ""9. Help users recognize, diagnose, and recover from errors""], ""confidence"": 0.86}"
128,sigstore/cosign,1642,,cosign core,"Maintainer-tracked follow-up to change authority key handling from warning-only to failing with propagated errors once migration to the new clusterimagepolicy resource is complete, so validation errors on authority keys will stop pod admission instead of just logging warnings.",usability,"Policy/configuration, Notification/Logging","Missing feature / enhancement request, Notification/Logging /Web UI Issues","Functional Gap, Functional Reliability","1. Visibility of system status, 5. Error prevention, '9. Help users recognize, diagnose, and recover from errors']",0.78,"{""associated_component"": ""cosign core"", ""codes_primary"": ""Maintainer-tracked follow-up to change authority key handling from warning-only to failing with propagated errors once migration to the new clusterimagepolicy resource is complete, so validation errors on authority keys will stop pod admission instead of just logging warnings."", ""usability_non_usability_type"": ""usability"", ""associated_component_theme"": [""Policy/configuration"", ""Notification/Logging""], ""l1_theme"": [""Missing feature / enhancement request"", ""Notification/Logging /Web UI Issues""], ""l1_theme_secondary"": [""Functional Gap"", ""Functional Reliability""], ""nielsen_theme"": [""1. Visibility of system status"", ""5. Error prevention"", ""9. Help users recognize, diagnose, and recover from errors""], ""confidence"": 0.78}"
129,sigstore/cosign,1653,,"cosign - Policy/configuration, Verification workflow","User asks how cosign’s Kubernetes admission webhook and ClusterImagePolicy handle pods with multiple images from different registries, including unsigned sidecar/Knative images they do not control. They want to know if all images can be deployed and how to configure policies or exemptions.",usability,"Policy/configuration, Verification workflow","User confusion / unclear documentation, Missing feature / enhancement request, Configuration friction","Cognitive Friction, Functional Gap, Operational Friction","7. Flexibility and efficiency of use, 10. Help and documentation, 3. User control and freedom",0.86,"{""associated_component"": ""cosign - Policy/configuration, Verification workflow"", ""codes_primary"": ""User asks how cosign’s Kubernetes admission webhook and ClusterImagePolicy handle pods with multiple images from different registries, including unsigned sidecar/Knative images they do not control. They want to know if all images can be deployed and how to configure policies or exemptions."", ""usability_non_usability_type"": ""usability"", ""associated_component_theme"": [""Policy/configuration"", ""Verification workflow""], ""l1_theme"": [""User confusion / unclear documentation"", ""Missing feature / enhancement request"", ""Configuration friction""], ""l1_theme_secondary"": [""Cognitive Friction"", ""Functional Gap"", ""Operational Friction""], ""nielsen_theme"": [""7. Flexibility and efficiency of use"", ""10. Help and documentation"", ""3. User control and freedom""], ""confidence"": 0.86}"
130,sigstore/cosign,1655,,"cosign cosigned, Policy/configuration","Feature request to allow specifying ImagePullSecrets (or similar signaturePullSecrets) in ClusterImagePolicies so cosigned can authenticate to registries holding signatures, which may differ from the image repository. Current limitation blocks verification for private registries and causes admission webhook authorization failures.",usability,"Policy/configuration, Verification workflow","Missing feature / enhancement request, Integration failure/issues","Functional Gap, Operational Friction","7. Flexibility and efficiency of use, 10. Help and documentation",0.86,"{""associated_component"": ""cosign cosigned, Policy/configuration"", ""codes_primary"": ""Feature request to allow specifying ImagePullSecrets (or similar signaturePullSecrets) in ClusterImagePolicies so cosigned can authenticate to registries holding signatures, which may differ from the image repository. Current limitation blocks verification for private registries and causes admission webhook authorization failures."", ""usability_non_usability_type"": ""usability"", ""associated_component_theme"": [""Policy/configuration"", ""Verification workflow""], ""l1_theme"": [""Missing feature / enhancement request"", ""Integration failure/issues""], ""l1_theme_secondary"": [""Functional Gap"", ""Operational Friction""], ""nielsen_theme"": [""7. Flexibility and efficiency of use"", ""10. Help and documentation""], ""confidence"": 0.86}"
131,sigstore/cosign,1847,,"cosign CLI - sign-blob, verify-blob","User reports inconsistent and confusing flag names between cosign sign-blob and verify-blob: sign-blob uses --output-certificate while verify-blob requires --cert, rejecting --certificate. They request making --*-certificate canonical and supporting unambiguous prefixes or aliases to reduce confusion.",usability,"CLI tooling, Signing workflow, Verification workflow","Missing feature / enhancement request, User confusion / unclear documentation","Cognitive Friction, Functional Gap","4. Consistency and standards, 5. Error prevention, 6. Recognition rather than recall, 7. Flexibility and efficiency of use",0.9,"{""associated_component"": ""cosign CLI - sign-blob, verify-blob"", ""codes_primary"": ""User reports inconsistent and confusing flag names between cosign sign-blob and verify-blob: sign-blob uses --output-certificate while verify-blob requires --cert, rejecting --certificate. They request making --*-certificate canonical and supporting unambiguous prefixes or aliases to reduce confusion."", ""usability_non_usability_type"": ""usability"", ""associated_component_theme"": [""CLI tooling"", ""Signing workflow"", ""Verification workflow""], ""l1_theme"": [""Missing feature / enhancement request"", ""User confusion / unclear documentation""], ""l1_theme_secondary"": [""Cognitive Friction"", ""Functional Gap""], ""nielsen_theme"": [""4. Consistency and standards"", ""5. Error prevention"", ""6. Recognition rather than recall"", ""7. Flexibility and efficiency of use""], ""confidence"": 0.9}"
132,sigstore/cosign,1853,,"cosign core, Build/CI","User reports that building cosign via the Makefile, including piv-tool support, fails with Go module/path errors despite following TOKENS.md. A manual go build workaround works from cmd/cosign. Maintainer initially thought docs fix (#1850) resolved it, but reporter still sees failures.",usability,Build/CI,"Build/CI/installation/distribution release issues, User confusion / unclear documentation","Operational Friction, Cognitive Friction","5. Error prevention, '9. Help users recognize, diagnose, and recover from errors', 10. Help and documentation",0.86,"{""associated_component"": ""cosign core, Build/CI"", ""codes_primary"": ""User reports that building cosign via the Makefile, including piv-tool support, fails with Go module/path errors despite following TOKENS.md. A manual go build workaround works from cmd/cosign. Maintainer initially thought docs fix (#1850) resolved it, but reporter still sees failures."", ""usability_non_usability_type"": ""usability"", ""associated_component_theme"": [""Build/CI""], ""l1_theme"": [""Build/CI/installation/distribution release issues"", ""User confusion / unclear documentation""], ""l1_theme_secondary"": [""Operational Friction"", ""Cognitive Friction""], ""nielsen_theme"": [""5. Error prevention"", ""9. Help users recognize, diagnose, and recover from errors"", ""10. Help and documentation""], ""confidence"": 0.86}"
133,sigstore/cosign,1994,,"cosign core, CLI tooling, Signing workflow, Policy/configuration","User cannot sign or attach signatures to images stored in an in-house JFrog Artifactory registry, receiving MANIFEST_INVALID/UNKNOWN errors. Maintainer identifies this as a legacy registry compatibility issue and resolves it via the COSIGN_DOCKER_MEDIA_TYPES=1 environment variable documented for registry support.",usability,"CLI tooling, Signing workflow, Policy/configuration, Core","Integration failure/issues, Configuration friction","Functional Gap, Operational Friction","7. Flexibility and efficiency of use, 10. Help and documentation",0.86,"{""associated_component"": ""cosign core, CLI tooling, Signing workflow, Policy/configuration"", ""codes_primary"": ""User cannot sign or attach signatures to images stored in an in-house JFrog Artifactory registry, receiving MANIFEST_INVALID/UNKNOWN errors. Maintainer identifies this as a legacy registry compatibility issue and resolves it via the COSIGN_DOCKER_MEDIA_TYPES=1 environment variable documented for registry support."", ""usability_non_usability_type"": ""usability"", ""associated_component_theme"": [""CLI tooling"", ""Signing workflow"", ""Policy/configuration"", ""Core""], ""l1_theme"": [""Integration failure/issues"", ""Configuration friction""], ""l1_theme_secondary"": [""Functional Gap"", ""Operational Friction""], ""nielsen_theme"": [""7. Flexibility and efficiency of use"", ""10. Help and documentation""], ""confidence"": 0.86}"
134,sigstore/cosign,2053,,cosign CLI - cosign sign,"Maintainer reports that the --k8s-keychain flag description is misleading: it suggests a Kubernetes-specific keychain, but actually enables a broader set of cloud/workload identity auth helpers (GCP, AWS, Azure, GHCR, Alibaba). Proposes renaming the flag or clarifying documentation to reduce confusion.",usability,"CLI tooling, Authentication/Authorization tools",User confusion / unclear documentation,Cognitive Friction,"2. Match between system and the real world, 4. Consistency and standards, 10. Help and documentation",0.9,"{""associated_component"": ""cosign CLI - cosign sign"", ""codes_primary"": ""Maintainer reports that the --k8s-keychain flag description is misleading: it suggests a Kubernetes-specific keychain, but actually enables a broader set of cloud/workload identity auth helpers (GCP, AWS, Azure, GHCR, Alibaba). Proposes renaming the flag or clarifying documentation to reduce confusion."", ""usability_non_usability_type"": ""usability"", ""associated_component_theme"": [""CLI tooling"", ""Authentication/Authorization tools""], ""l1_theme"": [""User confusion / unclear documentation""], ""l1_theme_secondary"": [""Cognitive Friction""], ""nielsen_theme"": [""2. Match between system and the real world"", ""4. Consistency and standards"", ""10. Help and documentation""], ""confidence"": 0.9}"
135,sigstore/cosign,2068,,cosign Core,"Reporter finds that fetching cosign v1.9.0 as a Go module yields different digests depending on GOPROXY/environment, causing go.sum checksum mismatches and security warnings. They provide a reproducible script and note the tag appears to have moved; workaround is using a consistent GOPROXY.",non-usability,,,,,0.86,"{""associated_component"": ""cosign Core"", ""codes_primary"": ""Reporter finds that fetching cosign v1.9.0 as a Go module yields different digests depending on GOPROXY/environment, causing go.sum checksum mismatches and security warnings. They provide a reproducible script and note the tag appears to have moved; workaround is using a consistent GOPROXY."", ""usability_non_usability_type"": ""non-usability"", ""associated_component_theme"": [""Build/CI"", ""Release pipeline""], ""l1_theme"": [""Unexpected behavior"", ""Build/CI/installation/distribution release issues""], ""l1_theme_secondary"": [""Functional Reliability""], ""nielsen_theme"": [], ""confidence"": 0.86}"
136,sigstore/cosign,2097,,"cosign sign-blob CLI, Signing workflow","Reporter requests an enhancement to sign-blob so it does not load entire files into memory, proposing streaming/digest-based signing. Current design causes high memory usage and problems when signing large blobs, especially on constrained build agents.",usability,"CLI tooling, Signing workflow, Build/CI","Missing feature / enhancement request, Performance issue","Operational Friction, Functional Gap",7. Flexibility and efficiency of use,0.9,"{""associated_component"": ""cosign sign-blob CLI, Signing workflow"", ""codes_primary"": ""Reporter requests an enhancement to sign-blob so it does not load entire files into memory, proposing streaming/digest-based signing. Current design causes high memory usage and problems when signing large blobs, especially on constrained build agents."", ""usability_non_usability_type"": ""usability"", ""associated_component_theme"": [""CLI tooling"", ""Signing workflow"", ""Build/CI""], ""l1_theme"": [""Missing feature / enhancement request"", ""Performance issue""], ""l1_theme_secondary"": [""Operational Friction"", ""Functional Gap""], ""nielsen_theme"": [""7. Flexibility and efficiency of use""], ""confidence"": 0.9}"
137,sigstore/cosign,2382,,cosign core,"Maintainer proposes a breaking change for cosign 2.0 to always enforce SCT verification on verification (mirroring signing), remove the separate enforce-sct flag, and instead use an insecure flag to explicitly skip SCT checks, with detached SCTs provided via flag for private deployments.",usability,"Verification workflow, Policy/configuration","Missing feature / enhancement request, Security concerns","Functional Gap, Operational Friction","5. Error prevention, 7. Flexibility and efficiency of use, 4. Consistency and standards",0.86,"{""associated_component"": ""cosign core"", ""codes_primary"": ""Maintainer proposes a breaking change for cosign 2.0 to always enforce SCT verification on verification (mirroring signing), remove the separate enforce-sct flag, and instead use an insecure flag to explicitly skip SCT checks, with detached SCTs provided via flag for private deployments."", ""usability_non_usability_type"": ""usability"", ""associated_component_theme"": [""Verification workflow"", ""Policy/configuration""], ""l1_theme"": [""Missing feature / enhancement request"", ""Security concerns""], ""l1_theme_secondary"": [""Functional Gap"", ""Operational Friction""], ""nielsen_theme"": [""5. Error prevention"", ""7. Flexibility and efficiency of use"", ""4. Consistency and standards""], ""confidence"": 0.86}"
138,sigstore/cosign,2419,,"cosign verify-blob command, Rekor API integration","Maintainers plan to remove use of Rekor’s deprecated /api/v1/index/retrieve endpoint from the cosign verify-blob flow before stabilizing the command, since users’ workflows previously broke when that endpoint failed. They will update implementation and release notes, ensuring alternative workflows are supported.",usability,"CLI tooling, Verification workflow, API","Missing feature / enhancement request, Integration failure/issues","Functional Gap, Operational Friction","4. Consistency and standards, 7. Flexibility and efficiency of use, 10. Help and documentation",0.86,"{""associated_component"": ""cosign verify-blob command, Rekor API integration"", ""codes_primary"": ""Maintainers plan to remove use of Rekor’s deprecated /api/v1/index/retrieve endpoint from the cosign verify-blob flow before stabilizing the command, since users’ workflows previously broke when that endpoint failed. They will update implementation and release notes, ensuring alternative workflows are supported."", ""usability_non_usability_type"": ""usability"", ""associated_component_theme"": [""CLI tooling"", ""Verification workflow"", ""API""], ""l1_theme"": [""Missing feature / enhancement request"", ""Integration failure/issues""], ""l1_theme_secondary"": [""Functional Gap"", ""Operational Friction""], ""nielsen_theme"": [""4. Consistency and standards"", ""7. Flexibility and efficiency of use"", ""10. Help and documentation""], ""confidence"": 0.86}"
139,sigstore/cosign,2462,,cosign CLI - verify subcommands,"Maintainer proposes refactoring duplicated and near-duplicated logic across verify, verify-blob, verify-attestation, and verify-blob-attestation CLI subcommands, focusing on shared flag parsing and verification steps. Discussion centers on future-proofing with sigstore-go and reducing redundancy for more consistent verification behavior.",usability,"CLI tooling, Verification workflow, Core","Missing feature / enhancement request, Tedious Workflows","Operational Friction, Functional Gap","4. Consistency and standards, 7. Flexibility and efficiency of use",0.86,"{""associated_component"": ""cosign CLI - verify subcommands"", ""codes_primary"": ""Maintainer proposes refactoring duplicated and near-duplicated logic across verify, verify-blob, verify-attestation, and verify-blob-attestation CLI subcommands, focusing on shared flag parsing and verification steps. Discussion centers on future-proofing with sigstore-go and reducing redundancy for more consistent verification behavior."", ""usability_non_usability_type"": ""usability"", ""associated_component_theme"": [""CLI tooling"", ""Verification workflow"", ""Core""], ""l1_theme"": [""Missing feature / enhancement request"", ""Tedious Workflows""], ""l1_theme_secondary"": [""Operational Friction"", ""Functional Gap""], ""nielsen_theme"": [""4. Consistency and standards"", ""7. Flexibility and efficiency of use""], ""confidence"": 0.86}"
140,sigstore/cosign,2516,,"cosign - CLI tooling, Signing workflow","Maintainer-driven enhancement and docs issue about safely signing OCI images. Current workflows sign images after registry roundtrips and rely on tags, creating trust and race-condition concerns. Proposals include better documentation, OCI layout support, adjusting docker-reference handling, and making layout-based cosign sign usage idiomatic.",usability,"CLI tooling, Signing workflow","Missing feature / enhancement request, Security concerns, Tedious Workflows","Functional Gap, Operational Friction","5. Error prevention, 7. Flexibility and efficiency of use, 10. Help and documentation",0.86,"{""associated_component"": ""cosign - CLI tooling, Signing workflow"", ""codes_primary"": ""Maintainer-driven enhancement and docs issue about safely signing OCI images. Current workflows sign images after registry roundtrips and rely on tags, creating trust and race-condition concerns. Proposals include better documentation, OCI layout support, adjusting docker-reference handling, and making layout-based cosign sign usage idiomatic."", ""usability_non_usability_type"": ""usability"", ""associated_component_theme"": [""CLI tooling"", ""Signing workflow""], ""l1_theme"": [""Missing feature / enhancement request"", ""Security concerns"", ""Tedious Workflows""], ""l1_theme_secondary"": [""Functional Gap"", ""Operational Friction""], ""nielsen_theme"": [""5. Error prevention"", ""7. Flexibility and efficiency of use"", ""10. Help and documentation""], ""confidence"": 0.86}"
141,sigstore/cosign,2518,,"cosign core, API, CLI tooling, Build/CI, Release pipeline, Notification/Logging","Maintainers plan and track adoption of a formal versioning policy for cosign, including separating CLI and API releases, adding deprecation support with user-facing warnings, CI checks for breaking changes, and E2E tests for older versions. This is an internal process and tooling enhancement, not a user-reported problem.",usability,"Core, API, CLI tooling, Build/CI, Release pipeline, Notification/Logging","Missing feature / enhancement request, Build/CI/installation/distribution release issues, Notification/Logging /Web UI Issues","Operational Friction, Functional Gap","4. Consistency and standards, 5. Error prevention, 10. Help and documentation",0.78,"{""associated_component"": ""cosign core, API, CLI tooling, Build/CI, Release pipeline, Notification/Logging"", ""codes_primary"": ""Maintainers plan and track adoption of a formal versioning policy for cosign, including separating CLI and API releases, adding deprecation support with user-facing warnings, CI checks for breaking changes, and E2E tests for older versions. This is an internal process and tooling enhancement, not a user-reported problem."", ""usability_non_usability_type"": ""usability"", ""associated_component_theme"": [""Core"", ""API"", ""CLI tooling"", ""Build/CI"", ""Release pipeline"", ""Notification/Logging""], ""l1_theme"": [""Missing feature / enhancement request"", ""Build/CI/installation/distribution release issues"", ""Notification/Logging /Web UI Issues""], ""l1_theme_secondary"": [""Operational Friction"", ""Functional Gap""], ""nielsen_theme"": [""4. Consistency and standards"", ""5. Error prevention"", ""10. Help and documentation""], ""confidence"": 0.78}"
142,sigstore/cosign,2568,,"cosign - CLI, Verification workflow","Feature request for cosign verify in BYO PKI scenarios to accept a user-supplied CRL file (e.g., via --crl flag or env var) so verification can treat embedded signing certificates as revoked when listed, enabling revocation-aware verification independent of Sigstore/Fulcio/Rekor.",usability,"CLI tooling, Verification workflow, Policy/configuration","Missing feature / enhancement request, Security concerns","Functional Gap, Operational Friction",7. Flexibility and efficiency of use,0.86,"{""associated_component"": ""cosign - CLI, Verification workflow"", ""codes_primary"": ""Feature request for cosign verify in BYO PKI scenarios to accept a user-supplied CRL file (e.g., via --crl flag or env var) so verification can treat embedded signing certificates as revoked when listed, enabling revocation-aware verification independent of Sigstore/Fulcio/Rekor."", ""usability_non_usability_type"": ""usability"", ""associated_component_theme"": [""CLI tooling"", ""Verification workflow"", ""Policy/configuration""], ""l1_theme"": [""Missing feature / enhancement request"", ""Security concerns""], ""l1_theme_secondary"": [""Functional Gap"", ""Operational Friction""], ""nielsen_theme"": [""7. Flexibility and efficiency of use""], ""confidence"": 0.86}"
143,sigstore/cosign,2593,,cosign core,"Maintainer notes that the KeyOpts structure has accumulated options unrelated to key handling (e.g., TSA settings, bundle path, tlog confirmation). Proposes refactoring these into SignOptions and having commands use SignOptions instead, to better separate concerns and reduce confusion.",usability,Core,Missing feature / enhancement request,Cognitive Friction,"4. Consistency and standards, 8. Aesthetic and minimalist design",0.78,"{""associated_component"": ""cosign core"", ""codes_primary"": ""Maintainer notes that the KeyOpts structure has accumulated options unrelated to key handling (e.g., TSA settings, bundle path, tlog confirmation). Proposes refactoring these into SignOptions and having commands use SignOptions instead, to better separate concerns and reduce confusion."", ""usability_non_usability_type"": ""usability"", ""associated_component_theme"": [""Core""], ""l1_theme"": [""Missing feature / enhancement request""], ""l1_theme_secondary"": [""Cognitive Friction""], ""nielsen_theme"": [""4. Consistency and standards"", ""8. Aesthetic and minimalist design""], ""confidence"": 0.78}"
144,sigstore/cosign,2832,,cosign CLI - verify-blob,"User requests a quiet flag for cosign so commands like verify-blob can suppress human-readable output such as 'Verified OK' when used in scripts, where only the exit code matters. This is a feature request motivated by scripting/workflow friction.",usability,"CLI tooling, Verification workflow","Missing feature / enhancement request, Tedious Workflows","Operational Friction, Functional Gap","7. Flexibility and efficiency of use, 3. User control and freedom",0.93,"{""associated_component"": ""cosign CLI - verify-blob"", ""codes_primary"": ""User requests a quiet flag for cosign so commands like verify-blob can suppress human-readable output such as 'Verified OK' when used in scripts, where only the exit code matters. This is a feature request motivated by scripting/workflow friction."", ""usability_non_usability_type"": ""usability"", ""associated_component_theme"": [""CLI tooling"", ""Verification workflow""], ""l1_theme"": [""Missing feature / enhancement request"", ""Tedious Workflows""], ""l1_theme_secondary"": [""Operational Friction"", ""Functional Gap""], ""nielsen_theme"": [""7. Flexibility and efficiency of use"", ""3. User control and freedom""], ""confidence"": 0.93}"
145,sigstore/cosign,2858,,"cosign core, CLI tooling, Verification workflow","User upgrading from cosign v1.13 to v2 finds that prior BYO PKI verification using cert and certificate-chain flags no longer works. They ask how to restore equivalent behavior without Fulcio/Rekor. Maintainers explain current breakage, Fulcio-style identity requirements, and suggest workarounds and future BYO PKI improvements.",usability,"CLI tooling, Verification workflow, Core","User confusion / unclear documentation, Missing feature / enhancement request","Cognitive Friction, Functional Gap","2. Match between system and the real world, 7. Flexibility and efficiency of use, 10. Help and documentation",0.86,"{""associated_component"": ""cosign core, CLI tooling, Verification workflow"", ""codes_primary"": ""User upgrading from cosign v1.13 to v2 finds that prior BYO PKI verification using cert and certificate-chain flags no longer works. They ask how to restore equivalent behavior without Fulcio/Rekor. Maintainers explain current breakage, Fulcio-style identity requirements, and suggest workarounds and future BYO PKI improvements."", ""usability_non_usability_type"": ""usability"", ""associated_component_theme"": [""CLI tooling"", ""Verification workflow"", ""Core""], ""l1_theme"": [""User confusion / unclear documentation"", ""Missing feature / enhancement request""], ""l1_theme_secondary"": [""Cognitive Friction"", ""Functional Gap""], ""nielsen_theme"": [""2. Match between system and the real world"", ""7. Flexibility and efficiency of use"", ""10. Help and documentation""], ""confidence"": 0.86}"
146,sigstore/cosign,3025,,"cosign core, CLI tooling, Key Management Core / Secrets Backend","User running cosign in Azure DevOps on AWS self‑hosted agents attempts to generate and use keys stored in Azure Key Vault via azurekms, but receives a 404 token refresh/metadata endpoint error. They are confused about how to correctly configure authentication/integration with Azure Key Vault.",usability,"CLI tooling, Key Management Core / Secrets Backend, Build/CI","Integration failure/issues, User confusion / unclear documentation, Authentication friction","Operational Friction, Cognitive Friction","['9. Help users recognize, diagnose, and recover from errors', 10. Help and documentation",0.86,"{""associated_component"": ""cosign core, CLI tooling, Key Management Core / Secrets Backend"", ""codes_primary"": ""User running cosign in Azure DevOps on AWS self‑hosted agents attempts to generate and use keys stored in Azure Key Vault via azurekms, but receives a 404 token refresh/metadata endpoint error. They are confused about how to correctly configure authentication/integration with Azure Key Vault."", ""usability_non_usability_type"": ""usability"", ""associated_component_theme"": [""CLI tooling"", ""Key Management Core / Secrets Backend"", ""Build/CI""], ""l1_theme"": [""Integration failure/issues"", ""User confusion / unclear documentation"", ""Authentication friction""], ""l1_theme_secondary"": [""Operational Friction"", ""Cognitive Friction""], ""nielsen_theme"": [""9. Help users recognize, diagnose, and recover from errors"", ""10. Help and documentation""], ""confidence"": 0.86}"
147,sigstore/cosign,3235,,"cosign CLI - verify-attestation, Verification workflow","User signs a custom SLSA verification_summary attestation and can see it via crane, but cosign verify-attestation fails, claiming no attestations match the requested predicate type and only finding provenance. Reporter suspects misuse of the command and asks for guidance.",usability,"CLI tooling, Verification workflow","User confusion / unclear documentation, Configuration friction",Cognitive Friction,"['9. Help users recognize, diagnose, and recover from errors', 10. Help and documentation",0.86,"{""associated_component"": ""cosign CLI - verify-attestation, Verification workflow"", ""codes_primary"": ""User signs a custom SLSA verification_summary attestation and can see it via crane, but cosign verify-attestation fails, claiming no attestations match the requested predicate type and only finding provenance. Reporter suspects misuse of the command and asks for guidance."", ""usability_non_usability_type"": ""usability"", ""associated_component_theme"": [""CLI tooling"", ""Verification workflow""], ""l1_theme"": [""User confusion / unclear documentation"", ""Configuration friction""], ""l1_theme_secondary"": [""Cognitive Friction""], ""nielsen_theme"": [""9. Help users recognize, diagnose, and recover from errors"", ""10. Help and documentation""], ""confidence"": 0.86}"
148,sigstore/cosign,3260,,"cosign CLI - dockerfile verify, Verification workflow","Feature request: cosign `dockerfile verify` currently only works when Dockerfiles contain literal image names. Reporter wants it to also resolve images referenced via ARG/ENV variables and images used in COPY --from stages, to better support common Dockerfile patterns.",usability,"CLI tooling, Verification workflow",Missing feature / enhancement request,Functional Gap,7. Flexibility and efficiency of use,0.9,"{""associated_component"": ""cosign CLI - dockerfile verify, Verification workflow"", ""codes_primary"": ""Feature request: cosign `dockerfile verify` currently only works when Dockerfiles contain literal image names. Reporter wants it to also resolve images referenced via ARG/ENV variables and images used in COPY --from stages, to better support common Dockerfile patterns."", ""usability_non_usability_type"": ""usability"", ""associated_component_theme"": [""CLI tooling"", ""Verification workflow""], ""l1_theme"": [""Missing feature / enhancement request""], ""l1_theme_secondary"": [""Functional Gap""], ""nielsen_theme"": [""7. Flexibility and efficiency of use""], ""confidence"": 0.9}"
149,sigstore/cosign,3330,,"cosign core, Verification workflow, Build/CI/installation/distribution release issues","User following official installation docs wants to verify a .deb package before first installing cosign. Docs describe artifact-key .sig files, but release assets only provide keyless signatures, creating a chicken-and-egg bootstrap problem and extra manual steps. User asks if signatures/docs are missing or unclear.",usability,"Verification workflow, Build/CI/installation/distribution release issues","User confusion / unclear documentation, Build/CI/installation/distribution release issues, Missing feature / enhancement request","Cognitive Friction, Functional Gap","7. Flexibility and efficiency of use, 10. Help and documentation",0.86,"{""associated_component"": ""cosign core, Verification workflow, Build/CI/installation/distribution release issues"", ""codes_primary"": ""User following official installation docs wants to verify a .deb package before first installing cosign. Docs describe artifact-key .sig files, but release assets only provide keyless signatures, creating a chicken-and-egg bootstrap problem and extra manual steps. User asks if signatures/docs are missing or unclear."", ""usability_non_usability_type"": ""usability"", ""associated_component_theme"": [""Verification workflow"", ""Build/CI/installation/distribution release issues""], ""l1_theme"": [""User confusion / unclear documentation"", ""Build/CI/installation/distribution release issues"", ""Missing feature / enhancement request""], ""l1_theme_secondary"": [""Cognitive Friction"", ""Functional Gap""], ""nielsen_theme"": [""7. Flexibility and efficiency of use"", ""10. Help and documentation""], ""confidence"": 0.86}"
150,sigstore/cosign,3340,,cosign core,"User asks for guidance on designing a full keyless image signing and verification setup with cosign in an Azure-centric environment (Azure DevOps, ACR, Key Vault, AAD, k8s admission). They seek examples or best practices; maintainer redirects them to Sigstore Slack.",usability,"Signing workflow, Verification workflow, Build/CI, Policy/configuration","User confusion / unclear documentation, Integration failure/issues","Cognitive Friction, Functional Gap","7. Flexibility and efficiency of use, 10. Help and documentation",0.86,"{""associated_component"": ""cosign core"", ""codes_primary"": ""User asks for guidance on designing a full keyless image signing and verification setup with cosign in an Azure-centric environment (Azure DevOps, ACR, Key Vault, AAD, k8s admission). They seek examples or best practices; maintainer redirects them to Sigstore Slack."", ""usability_non_usability_type"": ""usability"", ""associated_component_theme"": [""Signing workflow"", ""Verification workflow"", ""Build/CI"", ""Policy/configuration""], ""l1_theme"": [""User confusion / unclear documentation"", ""Integration failure/issues""], ""l1_theme_secondary"": [""Cognitive Friction"", ""Functional Gap""], ""nielsen_theme"": [""7. Flexibility and efficiency of use"", ""10. Help and documentation""], ""confidence"": 0.86}"
151,sigstore/cosign,3343,,cosign core,Maintainer enhancement request to add automated PKCS11/softhsm signing tests into the GitHub Actions CI pipeline. Currently these tests are only run manually via Docker-based commands; issue tracks integrating them into CI for consistent coverage.,non-usability,,,,,0.86,"{""associated_component"": ""cosign core"", ""codes_primary"": ""Maintainer enhancement request to add automated PKCS11/softhsm signing tests into the GitHub Actions CI pipeline. Currently these tests are only run manually via Docker-based commands; issue tracks integrating them into CI for consistent coverage."", ""usability_non_usability_type"": ""non-usability"", ""associated_component_theme"": [""Build/CI""], ""l1_theme"": [""Missing feature / enhancement request""], ""l1_theme_secondary"": [""Functional Gap""], ""nielsen_theme"": [], ""confidence"": 0.86}"
152,sigstore/cosign,3368,,"cosign core, CLI tooling, Verification workflow","User on cosign 2.2.1 in an offline corporate network gets TUF EOF errors when verifying with flags to skip tlog/SCT, unlike 2.2.0. They ask if it is possible to bypass TUF entirely and verify only with a public key, and need clarification on env-var-based workarounds.",usability,"CLI tooling, Verification workflow, Core","User confusion / unclear documentation, Configuration friction","Cognitive Friction, Operational Friction","3. User control and freedom, '9. Help users recognize, diagnose, and recover from errors', 10. Help and documentation",0.86,"{""associated_component"": ""cosign core, CLI tooling, Verification workflow"", ""codes_primary"": ""User on cosign 2.2.1 in an offline corporate network gets TUF EOF errors when verifying with flags to skip tlog/SCT, unlike 2.2.0. They ask if it is possible to bypass TUF entirely and verify only with a public key, and need clarification on env-var-based workarounds."", ""usability_non_usability_type"": ""usability"", ""associated_component_theme"": [""CLI tooling"", ""Verification workflow"", ""Core""], ""l1_theme"": [""User confusion / unclear documentation"", ""Configuration friction""], ""l1_theme_secondary"": [""Cognitive Friction"", ""Operational Friction""], ""nielsen_theme"": [""3. User control and freedom"", ""9. Help users recognize, diagnose, and recover from errors"", ""10. Help and documentation""], ""confidence"": 0.86}"
153,sigstore/cosign,3465,,"cosign CLI, Signing workflow, Verification workflow, Policy/configuration","User asks how to use Fulcio’s OtherName SAN attribute from `cosign sign`, and whether it is possible with the public Fulcio instance. Maintainer explains it requires specific Fulcio configuration (username type, SubjectDomain) and is not available on the public instance, with limited docs on this configuration.",usability,"CLI tooling, Signing workflow, Verification workflow, Policy/configuration","User confusion / unclear documentation, Integration failure/issues","Cognitive Friction, Functional Gap","7. Flexibility and efficiency of use, 10. Help and documentation",0.86,"{""associated_component"": ""cosign CLI, Signing workflow, Verification workflow, Policy/configuration"", ""codes_primary"": ""User asks how to use Fulcio’s OtherName SAN attribute from `cosign sign`, and whether it is possible with the public Fulcio instance. Maintainer explains it requires specific Fulcio configuration (username type, SubjectDomain) and is not available on the public instance, with limited docs on this configuration."", ""usability_non_usability_type"": ""usability"", ""associated_component_theme"": [""CLI tooling"", ""Signing workflow"", ""Verification workflow"", ""Policy/configuration""], ""l1_theme"": [""User confusion / unclear documentation"", ""Integration failure/issues""], ""l1_theme_secondary"": [""Cognitive Friction"", ""Functional Gap""], ""nielsen_theme"": [""7. Flexibility and efficiency of use"", ""10. Help and documentation""], ""confidence"": 0.86}"
154,sigstore/cosign,3671,,"cosign CLI - verify, cosign core","User follows cosign documentation for local certificate-based verification, but the documented verify command now requires certificate identity flags, causing an error. Reporter suspects and confirms this is a documentation mismatch rather than a code bug and plans to fix docs.",usability,"CLI tooling, Verification workflow",User confusion / unclear documentation,Cognitive Friction,"['9. Help users recognize, diagnose, and recover from errors', 10. Help and documentation",0.93,"{""associated_component"": ""cosign CLI - verify, cosign core"", ""codes_primary"": ""User follows cosign documentation for local certificate-based verification, but the documented verify command now requires certificate identity flags, causing an error. Reporter suspects and confirms this is a documentation mismatch rather than a code bug and plans to fix docs."", ""usability_non_usability_type"": ""usability"", ""associated_component_theme"": [""CLI tooling"", ""Verification workflow""], ""l1_theme"": [""User confusion / unclear documentation""], ""l1_theme_secondary"": [""Cognitive Friction""], ""nielsen_theme"": [""9. Help users recognize, diagnose, and recover from errors"", ""10. Help and documentation""], ""confidence"": 0.93}"
155,sigstore/cosign,3976,,"cosign verify CLI, Verification workflow","User reports that cosign verify only succeeds when the intermediate and root CA are both attached as the cert chain, and fails if only the intermediate is attached while the root is supplied via --ca-roots. They expect any complete trust chain combination to work without duplicating certs.",usability,"CLI tooling, Verification workflow","Unexpected behavior, Configuration friction","Functional Reliability, Operational Friction","4. Consistency and standards, '9. Help users recognize, diagnose, and recover from errors']",0.86,"{""associated_component"": ""cosign verify CLI, Verification workflow"", ""codes_primary"": ""User reports that cosign verify only succeeds when the intermediate and root CA are both attached as the cert chain, and fails if only the intermediate is attached while the root is supplied via --ca-roots. They expect any complete trust chain combination to work without duplicating certs."", ""usability_non_usability_type"": ""usability"", ""associated_component_theme"": [""CLI tooling"", ""Verification workflow""], ""l1_theme"": [""Unexpected behavior"", ""Configuration friction""], ""l1_theme_secondary"": [""Functional Reliability"", ""Operational Friction""], ""nielsen_theme"": [""4. Consistency and standards"", ""9. Help users recognize, diagnose, and recover from errors""], ""confidence"": 0.86}"
156,sigstore/cosign,4012,,cosign core,"User asks whether cosign can use a self-hosted Kanidm instance as an SSO provider. A maintainer clarifies that any Kanidm instance should work as long as it implements the OpenID Connect protocol, implying compatibility via standard OIDC support.",usability,Authentication/Authorization tools,User confusion / unclear documentation,Cognitive Friction,"10. Help and documentation, 4. Consistency and standards",0.86,"{""associated_component"": ""cosign core"", ""codes_primary"": ""User asks whether cosign can use a self-hosted Kanidm instance as an SSO provider. A maintainer clarifies that any Kanidm instance should work as long as it implements the OpenID Connect protocol, implying compatibility via standard OIDC support."", ""usability_non_usability_type"": ""usability"", ""associated_component_theme"": [""Authentication/Authorization tools""], ""l1_theme"": [""User confusion / unclear documentation""], ""l1_theme_secondary"": [""Cognitive Friction""], ""nielsen_theme"": [""10. Help and documentation"", ""4. Consistency and standards""], ""confidence"": 0.86}"
157,sigstore/cosign,4076,,"cosign core, CLI","User reports that using the replace option on `cosign attest` produces an attestation with an incorrect mediaType (Docker v2s2 instead of OCI), causing downstream tools like skopeo to fail with an unsupported media type error. Reported against the latest version as a functional bug.",non-usability,,,,,0.86,"{""associated_component"": ""cosign core, CLI"", ""codes_primary"": ""User reports that using the replace option on `cosign attest` produces an attestation with an incorrect mediaType (Docker v2s2 instead of OCI), causing downstream tools like skopeo to fail with an unsupported media type error. Reported against the latest version as a functional bug."", ""usability_non_usability_type"": ""non-usability"", ""associated_component_theme"": [""CLI tooling"", ""Signing workflow"", ""Core""], ""l1_theme"": [""Unexpected behavior"", ""Integration failure/issues""], ""l1_theme_secondary"": [""Functional Reliability""], ""nielsen_theme"": [], ""confidence"": 0.86}"
158,sigstore/cosign,4098,,"cosign core, CLI tooling, Verification workflow, Policy/configuration","User running a private Sigstore instance reports verification failures after rotating the TSA certificate chain. Cosign’s TSA loading logic assumes a single chain and errors when multiple chains are present, blocking rotation. Reporter proposes an API/behavior change to support multiple TSA chains, especially for slower-upgrading private deployments.",usability,"Core, CLI tooling, Verification workflow, Policy/configuration","Missing feature / enhancement request, Integration failure/issues","Functional Gap, Operational Friction",7. Flexibility and efficiency of use,0.86,"{""associated_component"": ""cosign core, CLI tooling, Verification workflow, Policy/configuration"", ""codes_primary"": ""User running a private Sigstore instance reports verification failures after rotating the TSA certificate chain. Cosign’s TSA loading logic assumes a single chain and errors when multiple chains are present, blocking rotation. Reporter proposes an API/behavior change to support multiple TSA chains, especially for slower-upgrading private deployments."", ""usability_non_usability_type"": ""usability"", ""associated_component_theme"": [""Core"", ""CLI tooling"", ""Verification workflow"", ""Policy/configuration""], ""l1_theme"": [""Missing feature / enhancement request"", ""Integration failure/issues""], ""l1_theme_secondary"": [""Functional Gap"", ""Operational Friction""], ""nielsen_theme"": [""7. Flexibility and efficiency of use""], ""confidence"": 0.86}"
159,sigstore/cosign,4204,,"cosign CLI - tree, cosign CLI - sign, cosign CLI - attest, cosign CLI - verify, Core","Feature request to add OCI 1.1 Referrers API support to `cosign tree` so it shows all related artifacts, including those discovered via referrers. A commenter also notes difficulty verifying images signed with OCI 1.1 mode, indicating current workflows using referrers are incomplete.",usability,"CLI tooling, Signing workflow, Verification workflow, Core","Missing feature / enhancement request, Integration failure/issues","Functional Gap, Operational Friction","7. Flexibility and efficiency of use, 4. Consistency and standards",0.86,"{""associated_component"": ""cosign CLI - tree, cosign CLI - sign, cosign CLI - attest, cosign CLI - verify, Core"", ""codes_primary"": ""Feature request to add OCI 1.1 Referrers API support to `cosign tree` so it shows all related artifacts, including those discovered via referrers. A commenter also notes difficulty verifying images signed with OCI 1.1 mode, indicating current workflows using referrers are incomplete."", ""usability_non_usability_type"": ""usability"", ""associated_component_theme"": [""CLI tooling"", ""Signing workflow"", ""Verification workflow"", ""Core""], ""l1_theme"": [""Missing feature / enhancement request"", ""Integration failure/issues""], ""l1_theme_secondary"": [""Functional Gap"", ""Operational Friction""], ""nielsen_theme"": [""7. Flexibility and efficiency of use"", ""4. Consistency and standards""], ""confidence"": 0.86}"
160,sigstore/fulcio,238,,"fulcio core, Policy/configuration","User running Fulcio via docker-compose with Google Cloud Private CA gets a 'Malformed collection name' error. They followed DEVELOPMENT.md and mapped gcloud config, but configuration for GCP CA API version was unclear; maintainer explains need for --gcp_private_ca_version (later removed after dropping beta).",usability,"Core, Policy/configuration","User confusion / unclear documentation, Integration failure/issues, Configuration friction","Cognitive Friction, Operational Friction","['9. Help users recognize, diagnose, and recover from errors', 10. Help and documentation, 4. Consistency and standards",0.86,"{""associated_component"": ""fulcio core, Policy/configuration"", ""codes_primary"": ""User running Fulcio via docker-compose with Google Cloud Private CA gets a 'Malformed collection name' error. They followed DEVELOPMENT.md and mapped gcloud config, but configuration for GCP CA API version was unclear; maintainer explains need for --gcp_private_ca_version (later removed after dropping beta)."", ""usability_non_usability_type"": ""usability"", ""associated_component_theme"": [""Core"", ""Policy/configuration""], ""l1_theme"": [""User confusion / unclear documentation"", ""Integration failure/issues"", ""Configuration friction""], ""l1_theme_secondary"": [""Cognitive Friction"", ""Operational Friction""], ""nielsen_theme"": [""9. Help users recognize, diagnose, and recover from errors"", ""10. Help and documentation"", ""4. Consistency and standards""], ""confidence"": 0.86}"
161,sigstore/fulcio,243,,fulcio Core,"Discussion/feature request to support GitLab CI job OIDC/JWT tokens (CI_JOB_JWT / CI_JOB_JWT_V2) as an identity source for Fulcio, including handling GitLab’s audience claim behavior and mapping relevant GitLab claims into certificate extensions for policy use, including self-hosted instances.",usability,"Authentication/Authorization tools, Build/CI, Core","Missing feature / enhancement request, Integration failure/issues","Functional Gap, Operational Friction","7. Flexibility and efficiency of use, 10. Help and documentation",0.86,"{""associated_component"": ""fulcio Core"", ""codes_primary"": ""Discussion/feature request to support GitLab CI job OIDC/JWT tokens (CI_JOB_JWT / CI_JOB_JWT_V2) as an identity source for Fulcio, including handling GitLab’s audience claim behavior and mapping relevant GitLab claims into certificate extensions for policy use, including self-hosted instances."", ""usability_non_usability_type"": ""usability"", ""associated_component_theme"": [""Authentication/Authorization tools"", ""Build/CI"", ""Core""], ""l1_theme"": [""Missing feature / enhancement request"", ""Integration failure/issues""], ""l1_theme_secondary"": [""Functional Gap"", ""Operational Friction""], ""nielsen_theme"": [""7. Flexibility and efficiency of use"", ""10. Help and documentation""], ""confidence"": 0.86}"
162,sigstore/fulcio,489,,"Fulcio Core, Key Management Core / Secrets Backend","Maintainers propose redesigning Fulcio as an intermediate CA using in-memory signing keys and periodically refreshed GCP-managed intermediates, to support embedded SCTs, increase QPS scalability, reduce signing key leakage risk, and lower operational overhead. This is a forward-looking architectural enhancement, not a user-reported problem.",usability,"Core, Key Management Core / Secrets Backend","Missing feature / enhancement request, Performance issue, Security concerns","Functional Gap, Operational Friction",7. Flexibility and efficiency of use,0.7,"{""associated_component"": ""Fulcio Core, Key Management Core / Secrets Backend"", ""codes_primary"": ""Maintainers propose redesigning Fulcio as an intermediate CA using in-memory signing keys and periodically refreshed GCP-managed intermediates, to support embedded SCTs, increase QPS scalability, reduce signing key leakage risk, and lower operational overhead. This is a forward-looking architectural enhancement, not a user-reported problem."", ""usability_non_usability_type"": ""usability"", ""associated_component_theme"": [""Core"", ""Key Management Core / Secrets Backend""], ""l1_theme"": [""Missing feature / enhancement request"", ""Performance issue"", ""Security concerns""], ""l1_theme_secondary"": [""Functional Gap"", ""Operational Friction""], ""nielsen_theme"": [""7. Flexibility and efficiency of use""], ""confidence"": 0.7}"
