sample_id,repo,issue_number,issue_url,llm_associated_component,llm_codes_primary,llm_usability_type,llm_associated_component_theme,llm_l1_theme,llm_l1_theme_secondary,llm_nielsen_theme,llm_confidence,llm_raw_json
2,Keyfactor/ejbca-ce,55,,"Keyfactor EJBCA (Certificate Authority) - Email/User Notification System, Policy/configuration","After upgrading from 6.5 to 7.8.2.1, the user is confused about deprecated/changed notification status events and how to trigger email notifications when a new certificate is requested, especially around STATUS_WAITINGFORADDAPPROVAL vs end entity vs approval profile notifications.",usability,"Notification/Logging, Policy/configuration","User confusion / unclear documentation, Configuration friction","Cognitive Friction, Operational Friction","7. Flexibility and efficiency of use, 10. Help and documentation",0.86,"{""associated_component"": ""Keyfactor EJBCA (Certificate Authority) - Email/User Notification System, Policy/configuration"", ""codes_primary"": ""After upgrading from 6.5 to 7.8.2.1, the user is confused about deprecated/changed notification status events and how to trigger email notifications when a new certificate is requested, especially around STATUS_WAITINGFORADDAPPROVAL vs end entity vs approval profile notifications."", ""usability_non_usability_type"": ""usability"", ""associated_component_theme"": [""Notification/Logging"", ""Policy/configuration""], ""l1_theme"": [""User confusion / unclear documentation"", ""Configuration friction""], ""l1_theme_secondary"": [""Cognitive Friction"", ""Operational Friction""], ""nielsen_theme"": [""7. Flexibility and efficiency of use"", ""10. Help and documentation""], ""confidence"": 0.86}"
3,Keyfactor/ejbca-ce,218,,Keyfactor EJBCA (Certificate Authority) core,"User asks whether SM3WithSM2 and SM3 algorithms are supported, noting only sm2p256v1 is available. Maintainer confirms SM3WithSM2 is not supported despite Bouncy Castle support, cites low demand, and invites community pull requests or commercial feature requests.",usability,Core,"Missing feature / enhancement request, User confusion / unclear documentation","Functional Gap, Cognitive Friction","7. Flexibility and efficiency of use, 10. Help and documentation",0.86,"{""associated_component"": ""Keyfactor EJBCA (Certificate Authority) core"", ""codes_primary"": ""User asks whether SM3WithSM2 and SM3 algorithms are supported, noting only sm2p256v1 is available. Maintainer confirms SM3WithSM2 is not supported despite Bouncy Castle support, cites low demand, and invites community pull requests or commercial feature requests."", ""usability_non_usability_type"": ""usability"", ""associated_component_theme"": [""Core""], ""l1_theme"": [""Missing feature / enhancement request"", ""User confusion / unclear documentation""], ""l1_theme_secondary"": [""Functional Gap"", ""Cognitive Friction""], ""nielsen_theme"": [""7. Flexibility and efficiency of use"", ""10. Help and documentation""], ""confidence"": 0.86}"
4,Keyfactor/ejbca-ce,261,,"Keyfactor EJBCA (Certificate Authority) - REST End Entity Management V2 API, Web Client","User enables REST End Entity Management V2 in EJBCA-CE Web UI, but calling the documented v2 endentity status endpoint returns 404. They ask if this is still an Enterprise-only feature and note it should not be enable-able if unavailable. Maintainer confirms it’s a bug in the UI state.",usability,"API, Web Client","Unexpected behavior, Notification/Logging /Web UI Issues","Functional Reliability, Cognitive Friction","4. Consistency and standards, 5. Error prevention, 10. Help and documentation",0.86,"{""associated_component"": ""Keyfactor EJBCA (Certificate Authority) - REST End Entity Management V2 API, Web Client"", ""codes_primary"": ""User enables REST End Entity Management V2 in EJBCA-CE Web UI, but calling the documented v2 endentity status endpoint returns 404. They ask if this is still an Enterprise-only feature and note it should not be enable-able if unavailable. Maintainer confirms it’s a bug in the UI state."", ""usability_non_usability_type"": ""usability"", ""associated_component_theme"": [""API"", ""Web Client""], ""l1_theme"": [""Unexpected behavior"", ""Notification/Logging /Web UI Issues""], ""l1_theme_secondary"": [""Functional Reliability"", ""Cognitive Friction""], ""nielsen_theme"": [""4. Consistency and standards"", ""5. Error prevention"", ""10. Help and documentation""], ""confidence"": 0.86}"
5,Keyfactor/ejbca-ce,473,,Keyfactor EJBCA (Certificate Authority) - Web Client,"User reports that after a fresh EJBCA 8.2.0.1 Community setup, the CMP administration page in the admin web UI lacks the 'Add' button and text field to create new CMP aliases, a regression from previous versions. Maintainers confirm it as a web page refactoring bug fixed in the next release.",non-usability,,,,,0.93,"{""associated_component"": ""Keyfactor EJBCA (Certificate Authority) - Web Client"", ""codes_primary"": ""User reports that after a fresh EJBCA 8.2.0.1 Community setup, the CMP administration page in the admin web UI lacks the 'Add' button and text field to create new CMP aliases, a regression from previous versions. Maintainers confirm it as a web page refactoring bug fixed in the next release."", ""usability_non_usability_type"": ""non-usability"", ""associated_component_theme"": [""Web Client""], ""l1_theme"": [""Unexpected behavior""], ""l1_theme_secondary"": [""Functional Reliability""], ""nielsen_theme"": [], ""confidence"": 0.93}"
6,Keyfactor/ejbca-ce,520,,Keyfactor EJBCA (Certificate Authority) - REST API,"User reports the /ca REST API resource (ca/status endpoint) is unavailable, getting a 404 after following installation docs and example requests. They suspect a mismatch between documentation and actual availability; later comments reveal the endpoint exists only in newer EJBCA versions.",usability,API,User confusion / unclear documentation,Cognitive Friction,10. Help and documentation,0.9,"{""associated_component"": ""Keyfactor EJBCA (Certificate Authority) - REST API"", ""codes_primary"": ""User reports the /ca REST API resource (ca/status endpoint) is unavailable, getting a 404 after following installation docs and example requests. They suspect a mismatch between documentation and actual availability; later comments reveal the endpoint exists only in newer EJBCA versions."", ""usability_non_usability_type"": ""usability"", ""associated_component_theme"": [""API""], ""l1_theme"": [""User confusion / unclear documentation""], ""l1_theme_secondary"": [""Cognitive Friction""], ""nielsen_theme"": [""10. Help and documentation""], ""confidence"": 0.9}"
7,Keyfactor/ejbca-ce,568,,Keyfactor EJBCA (Certificate Authority) core,User reports that EJBCA 8 is not fully migrated to Jakarta and is incompatible with WildFly 31 due to javax listener and filter classes. They request guidance or a compatible EJBCA version that works with the latest WildFly versions.,usability,Core,"Missing feature / enhancement request, Integration failure/issues","Functional Gap, Operational Friction",7. Flexibility and efficiency of use,0.78,"{""associated_component"": ""Keyfactor EJBCA (Certificate Authority) core"", ""codes_primary"": ""User reports that EJBCA 8 is not fully migrated to Jakarta and is incompatible with WildFly 31 due to javax listener and filter classes. They request guidance or a compatible EJBCA version that works with the latest WildFly versions."", ""usability_non_usability_type"": ""usability"", ""associated_component_theme"": [""Core""], ""l1_theme"": [""Missing feature / enhancement request"", ""Integration failure/issues""], ""l1_theme_secondary"": [""Functional Gap"", ""Operational Friction""], ""nielsen_theme"": [""7. Flexibility and efficiency of use""], ""confidence"": 0.78}"
8,Keyfactor/ejbca-ce,577,,"Keyfactor EJBCA (Certificate Authority) - Key Management Core / Secrets Backend, API","User requests a feature for EJBCA to generate end-entity PKCS#12 objects using keys created on an HSM, instead of only local key generation. Maintainer clarifies this is not supported and suggests implementing a custom RA integration component.",usability,"Key Management Core / Secrets Backend, API",Missing feature / enhancement request,Functional Gap,7. Flexibility and efficiency of use,0.86,"{""associated_component"": ""Keyfactor EJBCA (Certificate Authority) - Key Management Core / Secrets Backend, API"", ""codes_primary"": ""User requests a feature for EJBCA to generate end-entity PKCS#12 objects using keys created on an HSM, instead of only local key generation. Maintainer clarifies this is not supported and suggests implementing a custom RA integration component."", ""usability_non_usability_type"": ""usability"", ""associated_component_theme"": [""Key Management Core / Secrets Backend"", ""API""], ""l1_theme"": [""Missing feature / enhancement request""], ""l1_theme_secondary"": [""Functional Gap""], ""nielsen_theme"": [""7. Flexibility and efficiency of use""], ""confidence"": 0.86}"
9,Keyfactor/ejbca-ce,824,,"Keyfactor EJBCA (Certificate Authority) - Release pipeline, installation/distribution","User reports that GitHub tag/download for EJBCA CE version 8.3.2 is missing, while official upgrade documentation still references it. They need this version for upgrade paths and request help/restoration; maintainers confirm tagging issue and provide alternative download locations.",usability,"Release pipeline, Build/CI, Core","Build/CI/installation/distribution release issues, User confusion / unclear documentation","Operational Friction, Functional Reliability","7. Flexibility and efficiency of use, 10. Help and documentation",0.86,"{""associated_component"": ""Keyfactor EJBCA (Certificate Authority) - Release pipeline, installation/distribution"", ""codes_primary"": ""User reports that GitHub tag/download for EJBCA CE version 8.3.2 is missing, while official upgrade documentation still references it. They need this version for upgrade paths and request help/restoration; maintainers confirm tagging issue and provide alternative download locations."", ""usability_non_usability_type"": ""usability"", ""associated_component_theme"": [""Release pipeline"", ""Build/CI"", ""Core""], ""l1_theme"": [""Build/CI/installation/distribution release issues"", ""User confusion / unclear documentation""], ""l1_theme_secondary"": [""Operational Friction"", ""Functional Reliability""], ""nielsen_theme"": [""7. Flexibility and efficiency of use"", ""10. Help and documentation""], ""confidence"": 0.86}"
10,Keyfactor/signserver-ce,5,,"Keyfactor SignServer - CLI tooling, Policy/configuration",User runs the SignServer CLI command `signserver getstatus brief all` and gets an UnexpectedCommandFailureException in one environment only. Root cause is a specific worker configuration property (ATTRIBUTE.PRIVATE.RSA.CKA_ALLOWED_MECHANISMS on a PKCS11CryptoToken); removing it resolves the failure.,non-usability,,,,,0.86,"{""associated_component"": ""Keyfactor SignServer - CLI tooling, Policy/configuration"", ""codes_primary"": ""User runs the SignServer CLI command `signserver getstatus brief all` and gets an UnexpectedCommandFailureException in one environment only. Root cause is a specific worker configuration property (ATTRIBUTE.PRIVATE.RSA.CKA_ALLOWED_MECHANISMS on a PKCS11CryptoToken); removing it resolves the failure."", ""usability_non_usability_type"": ""non-usability"", ""associated_component_theme"": [""CLI tooling"", ""Policy/configuration""], ""l1_theme"": [""Unexpected behavior"", ""Configuration friction""], ""l1_theme_secondary"": [""Functional Reliability"", ""Operational Friction""], ""nielsen_theme"": [], ""confidence"": 0.86}"
11,hashicorp/vault,13243,,HashiCorp Vault - Key Management Core / Secrets Backend (transit engine),"User requests a cryptographic design change for transit keys to avoid the 2^32-use rotation limit inherent to AES-GCM with random nonces, proposing XChaCha20-Poly1305 or KDF-derived nonces. Goal is to simplify operations so users need not manage key rotation.",non-usability,,,,,0.86,"{""associated_component"": ""HashiCorp Vault - Key Management Core / Secrets Backend (transit engine)"", ""codes_primary"": ""User requests a cryptographic design change for transit keys to avoid the 2^32-use rotation limit inherent to AES-GCM with random nonces, proposing XChaCha20-Poly1305 or KDF-derived nonces. Goal is to simplify operations so users need not manage key rotation."", ""usability_non_usability_type"": ""non-usability"", ""associated_component_theme"": [""Key Management Core / Secrets Backend""], ""l1_theme"": [""Missing feature / enhancement request"", ""Security concerns""], ""l1_theme_secondary"": [""Functional Gap""], ""nielsen_theme"": [], ""confidence"": 0.86}"
12,hashicorp/vault,13246,,"HashiCorp Vault core, CLI tooling, Policy/configuration","User deployed Vault on GKE via Helm with GCS storage and GCP KMS seal, but the pod cannot initialize. CLI init and status calls to 127.0.0.1:8200 fail with connection refused, and logs show inability to read migration status due to missing GCE metadata/service account scope.",non-usability,,,,,0.86,"{""associated_component"": ""HashiCorp Vault core, CLI tooling, Policy/configuration"", ""codes_primary"": ""User deployed Vault on GKE via Helm with GCS storage and GCP KMS seal, but the pod cannot initialize. CLI init and status calls to 127.0.0.1:8200 fail with connection refused, and logs show inability to read migration status due to missing GCE metadata/service account scope."", ""usability_non_usability_type"": ""non-usability"", ""associated_component_theme"": [""Core"", ""CLI tooling"", ""Policy/configuration""], ""l1_theme"": [""Unexpected behavior"", ""Configuration friction"", ""Integration failure/issues""], ""l1_theme_secondary"": [""Functional Reliability"", ""Operational Friction""], ""nielsen_theme"": [], ""confidence"": 0.86}"
13,hashicorp/vault,13304,,"HashiCorp Vault core - HA leader election, Notification/Logging","User requests downgrading Vault HA lock acquisition retry messages from error to warning/info when the system is correctly handling leader election, to avoid log flooding and unnecessary alerts during long DB maintenance or read-only storage periods.",usability,"Core, Notification/Logging","Missing feature / enhancement request, Notification/Logging /Web UI Issues","Operational Friction, Functional Gap","8. Aesthetic and minimalist design, '9. Help users recognize, diagnose, and recover from errors']",0.86,"{""associated_component"": ""HashiCorp Vault core - HA leader election, Notification/Logging"", ""codes_primary"": ""User requests downgrading Vault HA lock acquisition retry messages from error to warning/info when the system is correctly handling leader election, to avoid log flooding and unnecessary alerts during long DB maintenance or read-only storage periods."", ""usability_non_usability_type"": ""usability"", ""associated_component_theme"": [""Core"", ""Notification/Logging""], ""l1_theme"": [""Missing feature / enhancement request"", ""Notification/Logging /Web UI Issues""], ""l1_theme_secondary"": [""Operational Friction"", ""Functional Gap""], ""nielsen_theme"": [""8. Aesthetic and minimalist design"", ""9. Help users recognize, diagnose, and recover from errors""], ""confidence"": 0.86}"
14,hashicorp/vault,13305,,"HashiCorp Vault - Policy/configuration, Key Management Core / Secrets Backend","User initially misconfigured Vault with Azure storage so the container did not sync, then resolved it. They then ask a clarification question about Azure storage limits (4MB per blob/secret) and how Vault behaves when storing more than that.",usability,"Policy/configuration, Key Management Core / Secrets Backend",User confusion / unclear documentation,Cognitive Friction,10. Help and documentation,0.86,"{""associated_component"": ""HashiCorp Vault - Policy/configuration, Key Management Core / Secrets Backend"", ""codes_primary"": ""User initially misconfigured Vault with Azure storage so the container did not sync, then resolved it. They then ask a clarification question about Azure storage limits (4MB per blob/secret) and how Vault behaves when storing more than that."", ""usability_non_usability_type"": ""usability"", ""associated_component_theme"": [""Policy/configuration"", ""Key Management Core / Secrets Backend""], ""l1_theme"": [""User confusion / unclear documentation""], ""l1_theme_secondary"": [""Cognitive Friction""], ""nielsen_theme"": [""10. Help and documentation""], ""confidence"": 0.86}"
15,hashicorp/vault,13319,,HashiCorp Vault - Policy/ACL path pattern matching,"Feature request / critique about Vault ACL policy path wildcard semantics being counterintuitive and inconsistent with common Unix/Python/Java glob behavior, including use of '+' and '*' patterns. Reporter argues this design is nonstandard and confusing for users familiar with typical globbing.",usability,Policy/configuration,"Missing feature / enhancement request, User confusion / unclear documentation","Cognitive Friction, Functional Gap","2. Match between system and the real world, 4. Consistency and standards, 6. Recognition rather than recall",0.86,"{""associated_component"": ""HashiCorp Vault - Policy/ACL path pattern matching"", ""codes_primary"": ""Feature request / critique about Vault ACL policy path wildcard semantics being counterintuitive and inconsistent with common Unix/Python/Java glob behavior, including use of '+' and '*' patterns. Reporter argues this design is nonstandard and confusing for users familiar with typical globbing."", ""usability_non_usability_type"": ""usability"", ""associated_component_theme"": [""Policy/configuration""], ""l1_theme"": [""Missing feature / enhancement request"", ""User confusion / unclear documentation""], ""l1_theme_secondary"": [""Cognitive Friction"", ""Functional Gap""], ""nielsen_theme"": [""2. Match between system and the real world"", ""4. Consistency and standards"", ""6. Recognition rather than recall""], ""confidence"": 0.86}"
16,hashicorp/vault,13346,,HashiCorp Vault core,"User asks a basic question about whether Vault’s listening port (8200) can be hidden from the FQDN or VM IP. Maintainer clarifies this is not a bug and suggests using network ACLs, security groups, or firewalls to restrict access instead.",usability,Core,User confusion / unclear documentation,Cognitive Friction,10. Help and documentation,0.86,"{""associated_component"": ""HashiCorp Vault core"", ""codes_primary"": ""User asks a basic question about whether Vault’s listening port (8200) can be hidden from the FQDN or VM IP. Maintainer clarifies this is not a bug and suggests using network ACLs, security groups, or firewalls to restrict access instead."", ""usability_non_usability_type"": ""usability"", ""associated_component_theme"": [""Core""], ""l1_theme"": [""User confusion / unclear documentation""], ""l1_theme_secondary"": [""Cognitive Friction""], ""nielsen_theme"": [""10. Help and documentation""], ""confidence"": 0.86}"
17,hashicorp/vault,13358,,"HashiCorp Vault - CLI tooling, Authentication/Authorization tools","User reports that `vault auth help oidc` shows help text for `vault login -method=oidc` instead of explaining how to use `vault auth` with OIDC. Maintainer clarifies correct commands for general auth help and detailed path help, then closes issue.",usability,"CLI tooling, Authentication/Authorization tools",User confusion / unclear documentation,Cognitive Friction,"4. Consistency and standards, 6. Recognition rather than recall, 10. Help and documentation",0.86,"{""associated_component"": ""HashiCorp Vault - CLI tooling, Authentication/Authorization tools"", ""codes_primary"": ""User reports that `vault auth help oidc` shows help text for `vault login -method=oidc` instead of explaining how to use `vault auth` with OIDC. Maintainer clarifies correct commands for general auth help and detailed path help, then closes issue."", ""usability_non_usability_type"": ""usability"", ""associated_component_theme"": [""CLI tooling"", ""Authentication/Authorization tools""], ""l1_theme"": [""User confusion / unclear documentation""], ""l1_theme_secondary"": [""Cognitive Friction""], ""nielsen_theme"": [""4. Consistency and standards"", ""6. Recognition rather than recall"", ""10. Help and documentation""], ""confidence"": 0.86}"
18,hashicorp/vault,13364,,HashiCorp Vault - API,"User reports that the /sign-verbatim PKI API ignores key_usage and ext_key_usage request parameters when the CSR already contains those extensions, issuing certificates with usages from the CSR instead of enforcing the requested restrictions. They expect Vault to constrain or reject based on the API parameters.",non-usability,,,,,0.86,"{""associated_component"": ""HashiCorp Vault - API"", ""codes_primary"": ""User reports that the /sign-verbatim PKI API ignores key_usage and ext_key_usage request parameters when the CSR already contains those extensions, issuing certificates with usages from the CSR instead of enforcing the requested restrictions. They expect Vault to constrain or reject based on the API parameters."", ""usability_non_usability_type"": ""non-usability"", ""associated_component_theme"": [""API"", ""Core""], ""l1_theme"": [""Unexpected behavior"", ""Security concerns""], ""l1_theme_secondary"": [""Functional Reliability""], ""nielsen_theme"": [], ""confidence"": 0.86}"
19,hashicorp/vault,13388,,HashiCorp Vault - Key Management Core / Secrets Backend (PostgreSQL database secrets engine),"User reports PostgreSQL errors when Vault’s database secrets engine creates many roles with extensive grants, hitting a row-size limit. They propose a workaround using a generic role that is granted to dynamic roles, and others request better ways to purge unused credentials and documentation of this limitation.",usability,Key Management Core / Secrets Backend,"Missing feature / enhancement request, User confusion / unclear documentation, Tedious Workflows","Functional Gap, Operational Friction","5. Error prevention, 7. Flexibility and efficiency of use, 10. Help and documentation",0.86,"{""associated_component"": ""HashiCorp Vault - Key Management Core / Secrets Backend (PostgreSQL database secrets engine)"", ""codes_primary"": ""User reports PostgreSQL errors when Vault’s database secrets engine creates many roles with extensive grants, hitting a row-size limit. They propose a workaround using a generic role that is granted to dynamic roles, and others request better ways to purge unused credentials and documentation of this limitation."", ""usability_non_usability_type"": ""usability"", ""associated_component_theme"": [""Key Management Core / Secrets Backend""], ""l1_theme"": [""Missing feature / enhancement request"", ""User confusion / unclear documentation"", ""Tedious Workflows""], ""l1_theme_secondary"": [""Functional Gap"", ""Operational Friction""], ""nielsen_theme"": [""5. Error prevention"", ""7. Flexibility and efficiency of use"", ""10. Help and documentation""], ""confidence"": 0.86}"
20,hashicorp/vault,14225,,HashiCorp Vault core,"Bug report: Vault’s Kubernetes service registration client only loads the service account token at initialization, so it does not properly support short‑lived tokens and may use stale tokens in future Kubernetes versions or when token extension is disabled. Reporter provides detailed reproduction steps and expected periodic token refresh.",non-usability,,,,,0.93,"{""associated_component"": ""HashiCorp Vault core"", ""codes_primary"": ""Bug report: Vault’s Kubernetes service registration client only loads the service account token at initialization, so it does not properly support short‑lived tokens and may use stale tokens in future Kubernetes versions or when token extension is disabled. Reporter provides detailed reproduction steps and expected periodic token refresh."", ""usability_non_usability_type"": ""non-usability"", ""associated_component_theme"": [""Core""], ""l1_theme"": [""Unexpected behavior""], ""l1_theme_secondary"": [""Functional Reliability""], ""nielsen_theme"": [], ""confidence"": 0.93}"
21,hashicorp/vault,14275,,"HashiCorp Vault - API, Authentication/Authorization tools",User is trying to look up and renew a userpass token via the token lookup API but receives a 'permission denied' error unless using the root token. They suspect a mistake in their request and ask what they are missing and for example scripts.,usability,"API, Authentication/Authorization tools","Authentication friction, User confusion / unclear documentation",Cognitive Friction,"['9. Help users recognize, diagnose, and recover from errors', 10. Help and documentation",0.86,"{""associated_component"": ""HashiCorp Vault - API, Authentication/Authorization tools"", ""codes_primary"": ""User is trying to look up and renew a userpass token via the token lookup API but receives a 'permission denied' error unless using the root token. They suspect a mistake in their request and ask what they are missing and for example scripts."", ""usability_non_usability_type"": ""usability"", ""associated_component_theme"": [""API"", ""Authentication/Authorization tools""], ""l1_theme"": [""Authentication friction"", ""User confusion / unclear documentation""], ""l1_theme_secondary"": [""Cognitive Friction""], ""nielsen_theme"": [""9. Help users recognize, diagnose, and recover from errors"", ""10. Help and documentation""], ""confidence"": 0.86}"
22,hashicorp/vault,14394,,"HashiCorp Vault - CLI, Core",Bug report: running `vault debug -duration=5s` on Windows causes a Go panic during the bundling phase instead of writing the expected debug tarball. A stack trace is provided; issue appears to affect any Vault CLI version when executed on Windows.,non-usability,,,,,0.93,"{""associated_component"": ""HashiCorp Vault - CLI, Core"", ""codes_primary"": ""Bug report: running `vault debug -duration=5s` on Windows causes a Go panic during the bundling phase instead of writing the expected debug tarball. A stack trace is provided; issue appears to affect any Vault CLI version when executed on Windows."", ""usability_non_usability_type"": ""non-usability"", ""associated_component_theme"": [""CLI tooling"", ""Core""], ""l1_theme"": [""Unexpected behavior""], ""l1_theme_secondary"": [""Functional Reliability""], ""nielsen_theme"": [], ""confidence"": 0.93}"
23,hashicorp/vault,15196,,"HashiCorp Vault - Web Client, Policy/configuration, API","Bug report: when a policy allows updating only group membership fields, editing a group via the Vault web UI and saving (even without changes) fails with 'Permission Denied' because the UI sends a PUT including unchanged fields the user lacks write access to. CLI works when only allowed fields are sent.",usability,"Web Client, Policy/configuration, API","Unexpected behavior, Notification/Logging /Web UI Issues","Functional Reliability, Operational Friction","4. Consistency and standards, 5. Error prevention, 7. Flexibility and efficiency of use, '9. Help users recognize, diagnose, and recover from errors']",0.86,"{""associated_component"": ""HashiCorp Vault - Web Client, Policy/configuration, API"", ""codes_primary"": ""Bug report: when a policy allows updating only group membership fields, editing a group via the Vault web UI and saving (even without changes) fails with 'Permission Denied' because the UI sends a PUT including unchanged fields the user lacks write access to. CLI works when only allowed fields are sent."", ""usability_non_usability_type"": ""usability"", ""associated_component_theme"": [""Web Client"", ""Policy/configuration"", ""API""], ""l1_theme"": [""Unexpected behavior"", ""Notification/Logging /Web UI Issues""], ""l1_theme_secondary"": [""Functional Reliability"", ""Operational Friction""], ""nielsen_theme"": [""4. Consistency and standards"", ""5. Error prevention"", ""7. Flexibility and efficiency of use"", ""9. Help users recognize, diagnose, and recover from errors""], ""confidence"": 0.86}"
24,hashicorp/vault,15210,,HashiCorp Vault core,User reports that upgrading a 3-node Vault raft cluster from v1.8.9 to v1.9.4 fails when adding a new node. The new node exits on startup with a configuration parsing error related to address template expansion and OS network interface querying.,non-usability,,,,,0.93,"{""associated_component"": ""HashiCorp Vault core"", ""codes_primary"": ""User reports that upgrading a 3-node Vault raft cluster from v1.8.9 to v1.9.4 fails when adding a new node. The new node exits on startup with a configuration parsing error related to address template expansion and OS network interface querying."", ""usability_non_usability_type"": ""non-usability"", ""associated_component_theme"": [""Core""], ""l1_theme"": [""Unexpected behavior""], ""l1_theme_secondary"": [""Functional Reliability""], ""nielsen_theme"": [], ""confidence"": 0.93}"
25,hashicorp/vault,15252,,HashiCorp Vault - CLI,"User reports inaccuracies and suboptimal workflow description in the `vault operator generate-root` CLI help text. The `-otp` flag is documented as required when providing an unseal key shard but is not actually needed, and the simpler one-step OTP workflow is not highlighted.",usability,CLI tooling,User confusion / unclear documentation,Cognitive Friction,"6. Recognition rather than recall, 10. Help and documentation",0.9,"{""associated_component"": ""HashiCorp Vault - CLI"", ""codes_primary"": ""User reports inaccuracies and suboptimal workflow description in the `vault operator generate-root` CLI help text. The `-otp` flag is documented as required when providing an unseal key shard but is not actually needed, and the simpler one-step OTP workflow is not highlighted."", ""usability_non_usability_type"": ""usability"", ""associated_component_theme"": [""CLI tooling""], ""l1_theme"": [""User confusion / unclear documentation""], ""l1_theme_secondary"": [""Cognitive Friction""], ""nielsen_theme"": [""6. Recognition rather than recall"", ""10. Help and documentation""], ""confidence"": 0.9}"
26,hashicorp/vault,15641,,HashiCorp Vault - Core,"User believed specific Vault versions were missing from the APT repository for arm64 and amd64. Maintainer clarified that version strings now include a Debian revision (e.g., 1.10.3-1), and using the correct syntax makes installation work.",usability,Core,"User confusion / unclear documentation, Build/CI/installation/distribution release issues",Cognitive Friction,"4. Consistency and standards, 6. Recognition rather than recall, 10. Help and documentation",0.86,"{""associated_component"": ""HashiCorp Vault - Core"", ""codes_primary"": ""User believed specific Vault versions were missing from the APT repository for arm64 and amd64. Maintainer clarified that version strings now include a Debian revision (e.g., 1.10.3-1), and using the correct syntax makes installation work."", ""usability_non_usability_type"": ""usability"", ""associated_component_theme"": [""Core""], ""l1_theme"": [""User confusion / unclear documentation"", ""Build/CI/installation/distribution release issues""], ""l1_theme_secondary"": [""Cognitive Friction""], ""nielsen_theme"": [""4. Consistency and standards"", ""6. Recognition rather than recall"", ""10. Help and documentation""], ""confidence"": 0.86}"
27,hashicorp/vault,16151,,HashiCorp Vault core,"User reports that a single-pod Vault 1.6.5 instance on Kubernetes occasionally spawns large numbers of goroutines, leading to out-of-memory kills and restarts. Stack traces point to policy/token handling. Maintainers conclude this is normal behavior under load spikes and recommend more resources and upgrading.",non-usability,,,,,0.86,"{""associated_component"": ""HashiCorp Vault core"", ""codes_primary"": ""User reports that a single-pod Vault 1.6.5 instance on Kubernetes occasionally spawns large numbers of goroutines, leading to out-of-memory kills and restarts. Stack traces point to policy/token handling. Maintainers conclude this is normal behavior under load spikes and recommend more resources and upgrading."", ""usability_non_usability_type"": ""non-usability"", ""associated_component_theme"": [""Core""], ""l1_theme"": [""Performance issue""], ""l1_theme_secondary"": [""Functional Reliability""], ""nielsen_theme"": [], ""confidence"": 0.86}"
28,hashicorp/vault,16158,,"HashiCorp Vault core, CLI","User reports that in a three-node Vault cluster using Raft storage and Azure Key Vault auto-unseal, only the first node initializes and auto-unseals. The other nodes report successful raft join but remain uninitialized/sealed and cannot auto-unseal or join the cluster as expected.",non-usability,,,,,0.78,"{""associated_component"": ""HashiCorp Vault core, CLI"", ""codes_primary"": ""User reports that in a three-node Vault cluster using Raft storage and Azure Key Vault auto-unseal, only the first node initializes and auto-unseals. The other nodes report successful raft join but remain uninitialized/sealed and cannot auto-unseal or join the cluster as expected."", ""usability_non_usability_type"": ""non-usability"", ""associated_component_theme"": [""Core"", ""CLI tooling"", ""Policy/configuration""], ""l1_theme"": [""Unexpected behavior"", ""Configuration friction"", ""Integration failure/issues""], ""l1_theme_secondary"": [""Functional Reliability"", ""Operational Friction""], ""nielsen_theme"": [], ""confidence"": 0.78}"
29,hashicorp/vault,16282,,HashiCorp Vault - API,"User requests a dedicated Go client method to create and configure AppRole role_id and secret_id, instead of having to use lower-level Logical API calls. They find the current mix of high-level helpers and raw Logical calls inconsistent and less convenient.",usability,"API, Authentication/Authorization tools","Missing feature / enhancement request, Tedious Workflows","Functional Gap, Operational Friction","4. Consistency and standards, 7. Flexibility and efficiency of use",0.86,"{""associated_component"": ""HashiCorp Vault - API"", ""codes_primary"": ""User requests a dedicated Go client method to create and configure AppRole role_id and secret_id, instead of having to use lower-level Logical API calls. They find the current mix of high-level helpers and raw Logical calls inconsistent and less convenient."", ""usability_non_usability_type"": ""usability"", ""associated_component_theme"": [""API"", ""Authentication/Authorization tools""], ""l1_theme"": [""Missing feature / enhancement request"", ""Tedious Workflows""], ""l1_theme_secondary"": [""Functional Gap"", ""Operational Friction""], ""nielsen_theme"": [""4. Consistency and standards"", ""7. Flexibility and efficiency of use""], ""confidence"": 0.86}"
30,hashicorp/vault,16367,,HashiCorp Vault - Transit secrets engine,"Feature request: user needs Vault transit engine to support RSA pkcs1v15 padding for encrypt, decrypt, datakey, and rewrap operations to comply with a fintech standard. They have a PoC plugin but prefer native padding_scheme configurability and plan to submit a PR including UI support.",usability,"Key Management Core / Secrets Backend, Core",Missing feature / enhancement request,Functional Gap,7. Flexibility and efficiency of use,0.9,"{""associated_component"": ""HashiCorp Vault - Transit secrets engine"", ""codes_primary"": ""Feature request: user needs Vault transit engine to support RSA pkcs1v15 padding for encrypt, decrypt, datakey, and rewrap operations to comply with a fintech standard. They have a PoC plugin but prefer native padding_scheme configurability and plan to submit a PR including UI support."", ""usability_non_usability_type"": ""usability"", ""associated_component_theme"": [""Key Management Core / Secrets Backend"", ""Core""], ""l1_theme"": [""Missing feature / enhancement request""], ""l1_theme_secondary"": [""Functional Gap""], ""nielsen_theme"": [""7. Flexibility and efficiency of use""], ""confidence"": 0.9}"
31,hashicorp/vault,16424,,HashiCorp Vault core,"User on SUSE Linux Enterprise Micro reports Vault binaries not working and notes lack of documentation for this OS. Maintainer cannot reproduce and demonstrates a working setup in a SUSE-based container, answering the user’s deployment question, which resolves the issue.",usability,"Core, Build/CI, Policy/configuration","User confusion / unclear documentation, Build/CI/installation/distribution release issues","Operational Friction, Cognitive Friction","7. Flexibility and efficiency of use, 10. Help and documentation",0.78,"{""associated_component"": ""HashiCorp Vault core"", ""codes_primary"": ""User on SUSE Linux Enterprise Micro reports Vault binaries not working and notes lack of documentation for this OS. Maintainer cannot reproduce and demonstrates a working setup in a SUSE-based container, answering the user’s deployment question, which resolves the issue."", ""usability_non_usability_type"": ""usability"", ""associated_component_theme"": [""Core"", ""Build/CI"", ""Policy/configuration""], ""l1_theme"": [""User confusion / unclear documentation"", ""Build/CI/installation/distribution release issues""], ""l1_theme_secondary"": [""Operational Friction"", ""Cognitive Friction""], ""nielsen_theme"": [""7. Flexibility and efficiency of use"", ""10. Help and documentation""], ""confidence"": 0.78}"
32,hashicorp/vault,16529,,"HashiCorp Vault - Key Management Core / Secrets Backend, API","Feature request: user wants Vault’s PKI engine to support signing arbitrary data with tenant-specific PKIs, via a new API endpoint, to create digital signatures without exposing private keys. This is motivated by multitenant mTLS and document-signing requirements and security concerns about retrieving keys as secrets.",usability,"Key Management Core / Secrets Backend, API","Missing feature / enhancement request, Security concerns",Functional Gap,7. Flexibility and efficiency of use,0.86,"{""associated_component"": ""HashiCorp Vault - Key Management Core / Secrets Backend, API"", ""codes_primary"": ""Feature request: user wants Vault’s PKI engine to support signing arbitrary data with tenant-specific PKIs, via a new API endpoint, to create digital signatures without exposing private keys. This is motivated by multitenant mTLS and document-signing requirements and security concerns about retrieving keys as secrets."", ""usability_non_usability_type"": ""usability"", ""associated_component_theme"": [""Key Management Core / Secrets Backend"", ""API""], ""l1_theme"": [""Missing feature / enhancement request"", ""Security concerns""], ""l1_theme_secondary"": [""Functional Gap""], ""nielsen_theme"": [""7. Flexibility and efficiency of use""], ""confidence"": 0.86}"
33,hashicorp/vault,16750,,"HashiCorp Vault - Authentication/Authorization tools, CLI tooling, API","User reports a bug where creating an identity MFA login-enforcement with multiple identity_group_ids via vault write fails with a 400 error claiming a group ID does not exist, even though all groups exist and work individually. Other endpoints accept multiple group IDs as expected.",non-usability,,,,,0.9,"{""associated_component"": ""HashiCorp Vault - Authentication/Authorization tools, CLI tooling, API"", ""codes_primary"": ""User reports a bug where creating an identity MFA login-enforcement with multiple identity_group_ids via vault write fails with a 400 error claiming a group ID does not exist, even though all groups exist and work individually. Other endpoints accept multiple group IDs as expected."", ""usability_non_usability_type"": ""non-usability"", ""associated_component_theme"": [""Authentication/Authorization tools"", ""CLI tooling"", ""API""], ""l1_theme"": [""Unexpected behavior""], ""l1_theme_secondary"": [""Functional Reliability""], ""nielsen_theme"": [], ""confidence"": 0.9}"
34,hashicorp/vault,16820,,HashiCorp Vault - Notification/Logging,"Feature request for Vault to send customizable email or push notifications to specified recipients when conditions like password/credential expiration, update, or invalidation occur, instead of building a custom webhook-based polling solution.",usability,Notification/Logging,Missing feature / enhancement request,Functional Gap,7. Flexibility and efficiency of use,0.86,"{""associated_component"": ""HashiCorp Vault - Notification/Logging"", ""codes_primary"": ""Feature request for Vault to send customizable email or push notifications to specified recipients when conditions like password/credential expiration, update, or invalidation occur, instead of building a custom webhook-based polling solution."", ""usability_non_usability_type"": ""usability"", ""associated_component_theme"": [""Notification/Logging""], ""l1_theme"": [""Missing feature / enhancement request""], ""l1_theme_secondary"": [""Functional Gap""], ""nielsen_theme"": [""7. Flexibility and efficiency of use""], ""confidence"": 0.86}"
35,hashicorp/vault,17130,,"HashiCorp Vault - Authentication, CLI tooling","User reports that during Vault CLI OIDC login, the local callback listener always runs plain HTTP on port 8250, even when callbackmethod=https and a different port are specified. Their IdP forbids non-HTTPS redirect URIs, forcing awkward workarounds and prompting questions about intended behavior or needed changes.",usability,"Authentication/Authorization tools, CLI tooling","Missing feature / enhancement request, Authentication friction, Integration failure/issues, User confusion / unclear documentation","Functional Gap, Operational Friction, Cognitive Friction","4. Consistency and standards, 5. Error prevention, 7. Flexibility and efficiency of use, 10. Help and documentation",0.86,"{""associated_component"": ""HashiCorp Vault - Authentication, CLI tooling"", ""codes_primary"": ""User reports that during Vault CLI OIDC login, the local callback listener always runs plain HTTP on port 8250, even when callbackmethod=https and a different port are specified. Their IdP forbids non-HTTPS redirect URIs, forcing awkward workarounds and prompting questions about intended behavior or needed changes."", ""usability_non_usability_type"": ""usability"", ""associated_component_theme"": [""Authentication/Authorization tools"", ""CLI tooling""], ""l1_theme"": [""Missing feature / enhancement request"", ""Authentication friction"", ""Integration failure/issues"", ""User confusion / unclear documentation""], ""l1_theme_secondary"": [""Functional Gap"", ""Operational Friction"", ""Cognitive Friction""], ""nielsen_theme"": [""4. Consistency and standards"", ""5. Error prevention"", ""7. Flexibility and efficiency of use"", ""10. Help and documentation""], ""confidence"": 0.86}"
36,hashicorp/vault,17246,,"HashiCorp Vault core, API, Authentication/Authorization tools","User reports a 403 permission denied error when a service tries to read a secret via the Vault HTTP API and asks how to fix it. Maintainers indicate it is an authentication/authorization issue likely related to the Vault token, but details are insufficient to debug further.",usability,"Core, API, Authentication/Authorization tools","Authentication friction, User confusion / unclear documentation","Operational Friction, Cognitive Friction","['9. Help users recognize, diagnose, and recover from errors', 10. Help and documentation",0.78,"{""associated_component"": ""HashiCorp Vault core, API, Authentication/Authorization tools"", ""codes_primary"": ""User reports a 403 permission denied error when a service tries to read a secret via the Vault HTTP API and asks how to fix it. Maintainers indicate it is an authentication/authorization issue likely related to the Vault token, but details are insufficient to debug further."", ""usability_non_usability_type"": ""usability"", ""associated_component_theme"": [""Core"", ""API"", ""Authentication/Authorization tools""], ""l1_theme"": [""Authentication friction"", ""User confusion / unclear documentation""], ""l1_theme_secondary"": [""Operational Friction"", ""Cognitive Friction""], ""nielsen_theme"": [""9. Help users recognize, diagnose, and recover from errors"", ""10. Help and documentation""], ""confidence"": 0.78}"
37,hashicorp/vault,17325,,HashiCorp Vault - Web Client,Feature request: user with 100+ secrets engines in the Vault UI finds it inefficient to scroll through the long list to locate a specific engine. Requests a dynamic search/filter box on the Secrets page that narrows results on each keystroke to improve usability.,usability,Web Client,"Missing feature / enhancement request, Tedious Workflows","Operational Friction, Functional Gap","7. Flexibility and efficiency of use, 6. Recognition rather than recall",0.93,"{""associated_component"": ""HashiCorp Vault - Web Client"", ""codes_primary"": ""Feature request: user with 100+ secrets engines in the Vault UI finds it inefficient to scroll through the long list to locate a specific engine. Requests a dynamic search/filter box on the Secrets page that narrows results on each keystroke to improve usability."", ""usability_non_usability_type"": ""usability"", ""associated_component_theme"": [""Web Client""], ""l1_theme"": [""Missing feature / enhancement request"", ""Tedious Workflows""], ""l1_theme_secondary"": [""Operational Friction"", ""Functional Gap""], ""nielsen_theme"": [""7. Flexibility and efficiency of use"", ""6. Recognition rather than recall""], ""confidence"": 0.93}"
38,hashicorp/vault,17475,,"HashiCorp Vault - Web Client, Authentication","Feature request: infrastructure operator wants Vault Web UI to accept an incoming JWT (e.g., via Authorization header) and automatically exchange it for a Vault token, enabling seamless SSO via an existing OIDC identity broker, instead of requiring manual UI sign-in. Workarounds via proxies exist.",usability,"Web Client, Authentication/Authorization tools","Missing feature / enhancement request, Authentication friction, Tedious Workflows","Operational Friction, Functional Gap","3. User control and freedom, 5. Error prevention, 7. Flexibility and efficiency of use",0.86,"{""associated_component"": ""HashiCorp Vault - Web Client, Authentication"", ""codes_primary"": ""Feature request: infrastructure operator wants Vault Web UI to accept an incoming JWT (e.g., via Authorization header) and automatically exchange it for a Vault token, enabling seamless SSO via an existing OIDC identity broker, instead of requiring manual UI sign-in. Workarounds via proxies exist."", ""usability_non_usability_type"": ""usability"", ""associated_component_theme"": [""Web Client"", ""Authentication/Authorization tools""], ""l1_theme"": [""Missing feature / enhancement request"", ""Authentication friction"", ""Tedious Workflows""], ""l1_theme_secondary"": [""Operational Friction"", ""Functional Gap""], ""nielsen_theme"": [""3. User control and freedom"", ""5. Error prevention"", ""7. Flexibility and efficiency of use""], ""confidence"": 0.86}"
39,hashicorp/vault,17737,,"HashiCorp Vault core, API","Reporter describes a regression bug: upgrading an HA Vault cluster (DynamoDB backend, behind AWS NLB) from 1.10.7 to 1.11.0+ makes the cluster non-functional, with leader/HA status APIs returning empty leader addresses and errors. They bisected versions and linked the suspected code change in ha.go.",non-usability,,,,,0.93,"{""associated_component"": ""HashiCorp Vault core, API"", ""codes_primary"": ""Reporter describes a regression bug: upgrading an HA Vault cluster (DynamoDB backend, behind AWS NLB) from 1.10.7 to 1.11.0+ makes the cluster non-functional, with leader/HA status APIs returning empty leader addresses and errors. They bisected versions and linked the suspected code change in ha.go."", ""usability_non_usability_type"": ""non-usability"", ""associated_component_theme"": [""Core"", ""API""], ""l1_theme"": [""Unexpected behavior""], ""l1_theme_secondary"": [""Functional Reliability""], ""nielsen_theme"": [], ""confidence"": 0.93}"
40,hashicorp/vault,18151,,"HashiCorp Vault - CLI tooling, Policy/configuration","User following Vault docs tries to pass the --address flag to `vault policy write` but consistently gets a 'Too many arguments' error. Maintainers cannot reproduce and suspect an environment/alias issue; user concludes it’s due to strict CLI flag ordering, not a Vault bug.",usability,"CLI tooling, Policy/configuration",User confusion / unclear documentation,Cognitive Friction,"4. Consistency and standards, 6. Recognition rather than recall, 10. Help and documentation",0.8,"{""associated_component"": ""HashiCorp Vault - CLI tooling, Policy/configuration"", ""codes_primary"": ""User following Vault docs tries to pass the --address flag to `vault policy write` but consistently gets a 'Too many arguments' error. Maintainers cannot reproduce and suspect an environment/alias issue; user concludes it’s due to strict CLI flag ordering, not a Vault bug."", ""usability_non_usability_type"": ""usability"", ""associated_component_theme"": [""CLI tooling"", ""Policy/configuration""], ""l1_theme"": [""User confusion / unclear documentation""], ""l1_theme_secondary"": [""Cognitive Friction""], ""nielsen_theme"": [""4. Consistency and standards"", ""6. Recognition rather than recall"", ""10. Help and documentation""], ""confidence"": 0.8}"
41,hashicorp/vault,18237,,"HashiCorp Vault - Key Management Core / Secrets Backend, Policy/configuration, API","Feature request: user wants RabbitMQ (and other dynamic secret) credentials to have orphan leases independent of the calling token’s TTL, so short‑lived tokens (e.g., 1s) don’t immediately revoke generated users. Motivated by real workflows using ExternalSecrets Operator and CLI, referencing related issue #13456.",usability,"Key Management Core / Secrets Backend, Policy/configuration, API",Missing feature / enhancement request,Functional Gap,7. Flexibility and efficiency of use,0.86,"{""associated_component"": ""HashiCorp Vault - Key Management Core / Secrets Backend, Policy/configuration, API"", ""codes_primary"": ""Feature request: user wants RabbitMQ (and other dynamic secret) credentials to have orphan leases independent of the calling token’s TTL, so short‑lived tokens (e.g., 1s) don’t immediately revoke generated users. Motivated by real workflows using ExternalSecrets Operator and CLI, referencing related issue #13456."", ""usability_non_usability_type"": ""usability"", ""associated_component_theme"": [""Key Management Core / Secrets Backend"", ""Policy/configuration"", ""API""], ""l1_theme"": [""Missing feature / enhancement request""], ""l1_theme_secondary"": [""Functional Gap""], ""nielsen_theme"": [""7. Flexibility and efficiency of use""], ""confidence"": 0.86}"
42,hashicorp/vault,18248,,HashiCorp Vault core,User backing up Vault data from a GCS storage backend to another GCS bucket with gsutil hits Google Cloud Storage’s 1024-character object name limit because some Vault logical object paths are very long. They are unsure whether these long names affect Vault operations.,non-usability,,,,,0.86,"{""associated_component"": ""HashiCorp Vault core"", ""codes_primary"": ""User backing up Vault data from a GCS storage backend to another GCS bucket with gsutil hits Google Cloud Storage’s 1024-character object name limit because some Vault logical object paths are very long. They are unsure whether these long names affect Vault operations."", ""usability_non_usability_type"": ""non-usability"", ""associated_component_theme"": [""Core""], ""l1_theme"": [""Integration failure/issues""], ""l1_theme_secondary"": [""Functional Reliability""], ""nielsen_theme"": [], ""confidence"": 0.86}"
43,hashicorp/vault,18251,,"HashiCorp Vault core, CLI","User reports a bug in a multi‑DC Vault setup using Consul storage replicated via consul‑replicate: Vault caches nil responses from storage, so a key read before replication remains unavailable on the secondary even after data is replicated. Maintainers clarify this setup is unsupported and Vault is functioning as designed.",non-usability,,,,,0.86,"{""associated_component"": ""HashiCorp Vault core, CLI"", ""codes_primary"": ""User reports a bug in a multi‑DC Vault setup using Consul storage replicated via consul‑replicate: Vault caches nil responses from storage, so a key read before replication remains unavailable on the secondary even after data is replicated. Maintainers clarify this setup is unsupported and Vault is functioning as designed."", ""usability_non_usability_type"": ""non-usability"", ""associated_component_theme"": [""Core"", ""CLI tooling"", ""Key Management Core / Secrets Backend""], ""l1_theme"": [""Unexpected behavior"", ""Integration failure/issues""], ""l1_theme_secondary"": [""Functional Reliability""], ""nielsen_theme"": [], ""confidence"": 0.86}"
44,hashicorp/vault,18433,,"HashiCorp Vault - Web Client, Policy/configuration","User injects environment variables into containers via Vault and sees missing keys rendered as the literal string ""<no_value>"" instead of being omitted. They ask why this happens and whether missing variables can be skipped. Maintainers point to configuration options and template patterns to change this behavior.",usability,"Web Client, Policy/configuration","User confusion / unclear documentation, Configuration friction","Cognitive Friction, Operational Friction","6. Recognition rather than recall, 10. Help and documentation",0.86,"{""associated_component"": ""HashiCorp Vault - Web Client, Policy/configuration"", ""codes_primary"": ""User injects environment variables into containers via Vault and sees missing keys rendered as the literal string \""<no_value>\"" instead of being omitted. They ask why this happens and whether missing variables can be skipped. Maintainers point to configuration options and template patterns to change this behavior."", ""usability_non_usability_type"": ""usability"", ""associated_component_theme"": [""Web Client"", ""Policy/configuration""], ""l1_theme"": [""User confusion / unclear documentation"", ""Configuration friction""], ""l1_theme_secondary"": [""Cognitive Friction"", ""Operational Friction""], ""nielsen_theme"": [""6. Recognition rather than recall"", ""10. Help and documentation""], ""confidence"": 0.86}"
45,hashicorp/vault,18491,,"HashiCorp Vault - Policy/configuration, Web Client","User followed the official Helm+TLS on Kubernetes tutorial to deploy Vault with UI and ingress, but accessing the Vault UI via nginx ingress always returns HTTP 404. They ask why. Later they discover it requires setting the nginx backend-protocol annotation to HTTPS.",usability,"Policy/configuration, Web Client","Configuration friction, User confusion / unclear documentation","Operational Friction, Cognitive Friction","7. Flexibility and efficiency of use, 10. Help and documentation",0.86,"{""associated_component"": ""HashiCorp Vault - Policy/configuration, Web Client"", ""codes_primary"": ""User followed the official Helm+TLS on Kubernetes tutorial to deploy Vault with UI and ingress, but accessing the Vault UI via nginx ingress always returns HTTP 404. They ask why. Later they discover it requires setting the nginx backend-protocol annotation to HTTPS."", ""usability_non_usability_type"": ""usability"", ""associated_component_theme"": [""Policy/configuration"", ""Web Client""], ""l1_theme"": [""Configuration friction"", ""User confusion / unclear documentation""], ""l1_theme_secondary"": [""Operational Friction"", ""Cognitive Friction""], ""nielsen_theme"": [""7. Flexibility and efficiency of use"", ""10. Help and documentation""], ""confidence"": 0.86}"
46,hashicorp/vault,18573,,HashiCorp Vault - API,"User reports that Vault can return HTTP 301 responses when API requests contain consecutive slashes in the path, despite documentation stating only 2xx and 4xx codes are returned. This leads to an incompatible response body format compared to other error responses. They expected at least a 404.",non-usability,,,,,0.86,"{""associated_component"": ""HashiCorp Vault - API"", ""codes_primary"": ""User reports that Vault can return HTTP 301 responses when API requests contain consecutive slashes in the path, despite documentation stating only 2xx and 4xx codes are returned. This leads to an incompatible response body format compared to other error responses. They expected at least a 404."", ""usability_non_usability_type"": ""non-usability"", ""associated_component_theme"": [""API""], ""l1_theme"": [""Unexpected behavior""], ""l1_theme_secondary"": [""Functional Reliability""], ""nielsen_theme"": [], ""confidence"": 0.86}"
47,hashicorp/vault,19155,,HashiCorp Vault core,"User opened an issue using the plugin portal template but did not provide any plugin details. Maintainer notes the issue is effectively blank and closes it, asking the user to resubmit with all required information.",non-usability,,,,,0.9,"{""associated_component"": ""HashiCorp Vault core"", ""codes_primary"": ""User opened an issue using the plugin portal template but did not provide any plugin details. Maintainer notes the issue is effectively blank and closes it, asking the user to resubmit with all required information."", ""usability_non_usability_type"": ""non-usability"", ""associated_component_theme"": [""Core""], ""l1_theme"": [], ""l1_theme_secondary"": [], ""nielsen_theme"": [], ""confidence"": 0.9}"
48,hashicorp/vault,19209,,"HashiCorp Vault - Key Management Core / Secrets Backend, API","User requests a feature for Vault to natively sign JSON as JWTs (similar to Google IAM) and expose a JWKS URL, to support client_assertion and other signed-token use cases. They note transit can sign data but not construct JWTs, and suggest a new secrets engine or transit mode.",usability,"Key Management Core / Secrets Backend, API",Missing feature / enhancement request,Functional Gap,7. Flexibility and efficiency of use,0.86,"{""associated_component"": ""HashiCorp Vault - Key Management Core / Secrets Backend, API"", ""codes_primary"": ""User requests a feature for Vault to natively sign JSON as JWTs (similar to Google IAM) and expose a JWKS URL, to support client_assertion and other signed-token use cases. They note transit can sign data but not construct JWTs, and suggest a new secrets engine or transit mode."", ""usability_non_usability_type"": ""usability"", ""associated_component_theme"": [""Key Management Core / Secrets Backend"", ""API""], ""l1_theme"": [""Missing feature / enhancement request""], ""l1_theme_secondary"": [""Functional Gap""], ""nielsen_theme"": [""7. Flexibility and efficiency of use""], ""confidence"": 0.86}"
49,hashicorp/vault,19490,,"HashiCorp Vault - Authentication/Authorization, CLI, Policy/configuration","User attempts to create a JWT auth role via the Vault CLI using a JSON file. The API call with the same JSON works, but the CLI returns a 400 error claiming user_claim is missing. User asks for a solution, indicating confusion about CLI usage.",usability,"Authentication/Authorization tools, CLI tooling, Policy/configuration","User confusion / unclear documentation, Configuration friction",Cognitive Friction,"['9. Help users recognize, diagnose, and recover from errors', 10. Help and documentation",0.86,"{""associated_component"": ""HashiCorp Vault - Authentication/Authorization, CLI, Policy/configuration"", ""codes_primary"": ""User attempts to create a JWT auth role via the Vault CLI using a JSON file. The API call with the same JSON works, but the CLI returns a 400 error claiming user_claim is missing. User asks for a solution, indicating confusion about CLI usage."", ""usability_non_usability_type"": ""usability"", ""associated_component_theme"": [""Authentication/Authorization tools"", ""CLI tooling"", ""Policy/configuration""], ""l1_theme"": [""User confusion / unclear documentation"", ""Configuration friction""], ""l1_theme_secondary"": [""Cognitive Friction""], ""nielsen_theme"": [""9. Help users recognize, diagnose, and recover from errors"", ""10. Help and documentation""], ""confidence"": 0.86}"
50,hashicorp/vault,19568,,HashiCorp Vault - Web Client (Vault Browser CLI),"User reports a regression in the Vault Web UI’s embedded Browser CLI since 1.10: multi-line help/list output is collapsed into a single line, making it hard to read. Initially suspected commands not working, but clarified only formatting is broken; clear still works.",usability,Web Client,"Unexpected behavior, Notification/Logging /Web UI Issues","Functional Reliability, Cognitive Friction","4. Consistency and standards, 8. Aesthetic and minimalist design",0.86,"{""associated_component"": ""HashiCorp Vault - Web Client (Vault Browser CLI)"", ""codes_primary"": ""User reports a regression in the Vault Web UI’s embedded Browser CLI since 1.10: multi-line help/list output is collapsed into a single line, making it hard to read. Initially suspected commands not working, but clarified only formatting is broken; clear still works."", ""usability_non_usability_type"": ""usability"", ""associated_component_theme"": [""Web Client""], ""l1_theme"": [""Unexpected behavior"", ""Notification/Logging /Web UI Issues""], ""l1_theme_secondary"": [""Functional Reliability"", ""Cognitive Friction""], ""nielsen_theme"": [""4. Consistency and standards"", ""8. Aesthetic and minimalist design""], ""confidence"": 0.86}"
51,hashicorp/vault,19697,,HashiCorp Vault core,"Feature request for a token TTL that starts counting only after the token’s first use (ttl_after_first_use), to better support short-lived orchestrator tokens. Current options (fixed TTL, num_uses, manual/automated revocation) are described as cumbersome or hard to tune.",usability,"Core, Authentication/Authorization tools","Missing feature / enhancement request, Tedious Workflows","Operational Friction, Functional Gap","5. Error prevention, 7. Flexibility and efficiency of use",0.86,"{""associated_component"": ""HashiCorp Vault core"", ""codes_primary"": ""Feature request for a token TTL that starts counting only after the token’s first use (ttl_after_first_use), to better support short-lived orchestrator tokens. Current options (fixed TTL, num_uses, manual/automated revocation) are described as cumbersome or hard to tune."", ""usability_non_usability_type"": ""usability"", ""associated_component_theme"": [""Core"", ""Authentication/Authorization tools""], ""l1_theme"": [""Missing feature / enhancement request"", ""Tedious Workflows""], ""l1_theme_secondary"": [""Operational Friction"", ""Functional Gap""], ""nielsen_theme"": [""5. Error prevention"", ""7. Flexibility and efficiency of use""], ""confidence"": 0.86}"
52,hashicorp/vault,20272,,"HashiCorp Vault - CLI tooling, Authentication/Authorization tools",User requests a built-in VAULT_TOKEN_FILE environment variable so Vault CLI can read the token from a configurable file path instead of only VAULT_TOKEN or writing a custom token helper. Motivated by security concerns and common workflows using external secret providers like Docker secrets.,usability,"CLI tooling, Authentication/Authorization tools",Missing feature / enhancement request,Functional Gap,7. Flexibility and efficiency of use,0.9,"{""associated_component"": ""HashiCorp Vault - CLI tooling, Authentication/Authorization tools"", ""codes_primary"": ""User requests a built-in VAULT_TOKEN_FILE environment variable so Vault CLI can read the token from a configurable file path instead of only VAULT_TOKEN or writing a custom token helper. Motivated by security concerns and common workflows using external secret providers like Docker secrets."", ""usability_non_usability_type"": ""usability"", ""associated_component_theme"": [""CLI tooling"", ""Authentication/Authorization tools""], ""l1_theme"": [""Missing feature / enhancement request""], ""l1_theme_secondary"": [""Functional Gap""], ""nielsen_theme"": [""7. Flexibility and efficiency of use""], ""confidence"": 0.9}"
53,hashicorp/vault,20589,,hashicorp/vault core,"Contributor asks how to get Vercel (and related) tests approved for their pending PR, as the checks are blocked awaiting HashiCorp reviewer approval and they have not received feedback. Maintainer explains these tests require internal reviewer approval and approves them.",usability,Build/CI,"Build/CI/installation/distribution release issues, User confusion / unclear documentation","Operational Friction, Cognitive Friction","7. Flexibility and efficiency of use, 10. Help and documentation",0.86,"{""associated_component"": ""hashicorp/vault core"", ""codes_primary"": ""Contributor asks how to get Vercel (and related) tests approved for their pending PR, as the checks are blocked awaiting HashiCorp reviewer approval and they have not received feedback. Maintainer explains these tests require internal reviewer approval and approves them."", ""usability_non_usability_type"": ""usability"", ""associated_component_theme"": [""Build/CI""], ""l1_theme"": [""Build/CI/installation/distribution release issues"", ""User confusion / unclear documentation""], ""l1_theme_secondary"": [""Operational Friction"", ""Cognitive Friction""], ""nielsen_theme"": [""7. Flexibility and efficiency of use"", ""10. Help and documentation""], ""confidence"": 0.86}"
54,hashicorp/vault,21521,,HashiCorp Vault core,"User intermittently encounters permanent unseal failures with 'Unseal failed, invalid key' and AES-GCM authentication errors when decrypting the keyring, requiring restore from backup. They speculate backup/restore while running or memory corruption and ask if this keyring corruption scenario is known and how to troubleshoot/prevent it.",non-usability,,,,,0.86,"{""associated_component"": ""HashiCorp Vault core"", ""codes_primary"": ""User intermittently encounters permanent unseal failures with 'Unseal failed, invalid key' and AES-GCM authentication errors when decrypting the keyring, requiring restore from backup. They speculate backup/restore while running or memory corruption and ask if this keyring corruption scenario is known and how to troubleshoot/prevent it."", ""usability_non_usability_type"": ""non-usability"", ""associated_component_theme"": [""Core""], ""l1_theme"": [""Unexpected behavior""], ""l1_theme_secondary"": [""Functional Reliability""], ""nielsen_theme"": [], ""confidence"": 0.86}"
55,hashicorp/vault,21976,,"HashiCorp Vault - CLI tooling, Authentication/Authorization tools","Bug report: when registering an auth plugin via `vault plugin register`, the `--args` flag does not correctly handle multiple comma-separated arguments, even though the CLI help text claims it should. The plugin is invoked without the expected arguments, causing confusion about correct usage.",usability,"CLI tooling, Authentication/Authorization tools","Unexpected behavior, User confusion / unclear documentation","Functional Reliability, Cognitive Friction","4. Consistency and standards, 10. Help and documentation",0.86,"{""associated_component"": ""HashiCorp Vault - CLI tooling, Authentication/Authorization tools"", ""codes_primary"": ""Bug report: when registering an auth plugin via `vault plugin register`, the `--args` flag does not correctly handle multiple comma-separated arguments, even though the CLI help text claims it should. The plugin is invoked without the expected arguments, causing confusion about correct usage."", ""usability_non_usability_type"": ""usability"", ""associated_component_theme"": [""CLI tooling"", ""Authentication/Authorization tools""], ""l1_theme"": [""Unexpected behavior"", ""User confusion / unclear documentation""], ""l1_theme_secondary"": [""Functional Reliability"", ""Cognitive Friction""], ""nielsen_theme"": [""4. Consistency and standards"", ""10. Help and documentation""], ""confidence"": 0.86}"
56,hashicorp/vault,22045,,HashiCorp Vault core,Internal CI job that comments failing test summaries on PRs does not work on community PRs due to lacking repo write permissions. Reporter links GitHub guidance on securely handling CI for untrusted forks. Maintainer resolves by skipping this job on community PRs.,non-usability,,,,,0.86,"{""associated_component"": ""HashiCorp Vault core"", ""codes_primary"": ""Internal CI job that comments failing test summaries on PRs does not work on community PRs due to lacking repo write permissions. Reporter links GitHub guidance on securely handling CI for untrusted forks. Maintainer resolves by skipping this job on community PRs."", ""usability_non_usability_type"": ""non-usability"", ""associated_component_theme"": [""Build/CI""], ""l1_theme"": [""Build/CI/installation/distribution release issues""], ""l1_theme_secondary"": [""Functional Reliability""], ""nielsen_theme"": [], ""confidence"": 0.86}"
57,hashicorp/vault,22214,,"HashiCorp Vault - Web Client, Key Management Core / Secrets Backend","Feature request: user wants Vault to natively handle JKS keystores stored as secrets, including password-aware parsing and a web UI to browse and edit entries (similar to Keystore Explorer), to avoid base64-encoding workflows and external tools when rotating DB/client certificates.",usability,"Web Client, Key Management Core / Secrets Backend","Missing feature / enhancement request, Tedious Workflows","Functional Gap, Operational Friction",7. Flexibility and efficiency of use,0.86,"{""associated_component"": ""HashiCorp Vault - Web Client, Key Management Core / Secrets Backend"", ""codes_primary"": ""Feature request: user wants Vault to natively handle JKS keystores stored as secrets, including password-aware parsing and a web UI to browse and edit entries (similar to Keystore Explorer), to avoid base64-encoding workflows and external tools when rotating DB/client certificates."", ""usability_non_usability_type"": ""usability"", ""associated_component_theme"": [""Web Client"", ""Key Management Core / Secrets Backend""], ""l1_theme"": [""Missing feature / enhancement request"", ""Tedious Workflows""], ""l1_theme_secondary"": [""Functional Gap"", ""Operational Friction""], ""nielsen_theme"": [""7. Flexibility and efficiency of use""], ""confidence"": 0.86}"
58,hashicorp/vault,22461,,"HashiCorp Vault - AWS IAM Auth plugin, Policy/configuration","User submits a feature request and linked PR to add an option for using the AWS Role ARN as the entity alias name in the AWS IAM auth plugin. Current alias options are unpredictable for some workloads, making configuration and entity alias management harder.",usability,"Authentication/Authorization tools, Policy/configuration",Missing feature / enhancement request,Functional Gap,7. Flexibility and efficiency of use,0.86,"{""associated_component"": ""HashiCorp Vault - AWS IAM Auth plugin, Policy/configuration"", ""codes_primary"": ""User submits a feature request and linked PR to add an option for using the AWS Role ARN as the entity alias name in the AWS IAM auth plugin. Current alias options are unpredictable for some workloads, making configuration and entity alias management harder."", ""usability_non_usability_type"": ""usability"", ""associated_component_theme"": [""Authentication/Authorization tools"", ""Policy/configuration""], ""l1_theme"": [""Missing feature / enhancement request""], ""l1_theme_secondary"": [""Functional Gap""], ""nielsen_theme"": [""7. Flexibility and efficiency of use""], ""confidence"": 0.86}"
59,hashicorp/vault,22578,,HashiCorp Vault core,"User reports Vault pods deployed via Terraform+Helm with gcpckms auto-unseal enter CrashLoopBackOff due to GCP KMS permission/auth scope errors. Same configuration works when using Helm directly. User initially missed new credentials field, then identified this as a Terraform Helm provider issue and found a workaround.",non-usability,,,,,0.86,"{""associated_component"": ""HashiCorp Vault core"", ""codes_primary"": ""User reports Vault pods deployed via Terraform+Helm with gcpckms auto-unseal enter CrashLoopBackOff due to GCP KMS permission/auth scope errors. Same configuration works when using Helm directly. User initially missed new credentials field, then identified this as a Terraform Helm provider issue and found a workaround."", ""usability_non_usability_type"": ""non-usability"", ""associated_component_theme"": [""Core"", ""Build/CI""], ""l1_theme"": [""Build/CI/installation/distribution release issues"", ""Integration failure/issues""], ""l1_theme_secondary"": [""Functional Reliability""], ""nielsen_theme"": [], ""confidence"": 0.86}"
60,hashicorp/vault,22602,,"HashiCorp Vault - AWS secrets engine, API","Feature request for an sts_region parameter in the AWS secrets engine, mirroring the AWS auth method, to resolve region-scoping errors when using proxy-based sts_endpoint. Current region handling breaks either root IAM credential rotation or credential/role generation in proxied setups.",usability,"API, Key Management Core / Secrets Backend, Policy/configuration","Missing feature / enhancement request, Configuration friction, Integration failure/issues","Functional Gap, Operational Friction",7. Flexibility and efficiency of use,0.86,"{""associated_component"": ""HashiCorp Vault - AWS secrets engine, API"", ""codes_primary"": ""Feature request for an sts_region parameter in the AWS secrets engine, mirroring the AWS auth method, to resolve region-scoping errors when using proxy-based sts_endpoint. Current region handling breaks either root IAM credential rotation or credential/role generation in proxied setups."", ""usability_non_usability_type"": ""usability"", ""associated_component_theme"": [""API"", ""Key Management Core / Secrets Backend"", ""Policy/configuration""], ""l1_theme"": [""Missing feature / enhancement request"", ""Configuration friction"", ""Integration failure/issues""], ""l1_theme_secondary"": [""Functional Gap"", ""Operational Friction""], ""nielsen_theme"": [""7. Flexibility and efficiency of use""], ""confidence"": 0.86}"
61,hashicorp/vault,23793,,"HashiCorp Vault core, Authentication/Authorization tools, API","User reports intermittent login failures to Vault using the Kubernetes auth method with a DynamoDB storage backend. Errors indicate DynamoDB item size limits being exceeded when persisting identity entities, likely due to bucket overfill from hundreds of thousands of entities. Successful login is blocked.",non-usability,,,,,0.86,"{""associated_component"": ""HashiCorp Vault core, Authentication/Authorization tools, API"", ""codes_primary"": ""User reports intermittent login failures to Vault using the Kubernetes auth method with a DynamoDB storage backend. Errors indicate DynamoDB item size limits being exceeded when persisting identity entities, likely due to bucket overfill from hundreds of thousands of entities. Successful login is blocked."", ""usability_non_usability_type"": ""non-usability"", ""associated_component_theme"": [""Core"", ""Authentication/Authorization tools"", ""API""], ""l1_theme"": [""Unexpected behavior"", ""Authentication friction""], ""l1_theme_secondary"": [""Functional Reliability""], ""nielsen_theme"": [], ""confidence"": 0.86}"
62,hashicorp/vault,23800,,"HashiCorp Vault - Web Client, Authentication/Authorization tools, API","Bug report: In Vault 1.15.0+ent.hsm on Linux, listing Kubernetes auth roles in a non-root namespace via the web UI returns 404, while the same operation via CLI or API with X-Vault-Namespace works. Later comments note regressions in 1.15.6+ent and 1.14.10+ent.",non-usability,,,,,0.9,"{""associated_component"": ""HashiCorp Vault - Web Client, Authentication/Authorization tools, API"", ""codes_primary"": ""Bug report: In Vault 1.15.0+ent.hsm on Linux, listing Kubernetes auth roles in a non-root namespace via the web UI returns 404, while the same operation via CLI or API with X-Vault-Namespace works. Later comments note regressions in 1.15.6+ent and 1.14.10+ent."", ""usability_non_usability_type"": ""non-usability"", ""associated_component_theme"": [""Web Client"", ""Authentication/Authorization tools"", ""API""], ""l1_theme"": [""Unexpected behavior""], ""l1_theme_secondary"": [""Functional Reliability""], ""nielsen_theme"": [], ""confidence"": 0.9}"
63,hashicorp/vault,23941,,"HashiCorp Vault - Web Client, Policy/configuration","User reports that with a given KV ACL policy they can manage secret versions but not permanently delete a secret via the UI, expecting the policy to allow this. Maintainer clarifies the permanent delete control moved to the Metadata tab; user confirms it works and closes the issue.",usability,"Web Client, Policy/configuration",User confusion / unclear documentation,Cognitive Friction,"6. Recognition rather than recall, 10. Help and documentation",0.86,"{""associated_component"": ""HashiCorp Vault - Web Client, Policy/configuration"", ""codes_primary"": ""User reports that with a given KV ACL policy they can manage secret versions but not permanently delete a secret via the UI, expecting the policy to allow this. Maintainer clarifies the permanent delete control moved to the Metadata tab; user confirms it works and closes the issue."", ""usability_non_usability_type"": ""usability"", ""associated_component_theme"": [""Web Client"", ""Policy/configuration""], ""l1_theme"": [""User confusion / unclear documentation""], ""l1_theme_secondary"": [""Cognitive Friction""], ""nielsen_theme"": [""6. Recognition rather than recall"", ""10. Help and documentation""], ""confidence"": 0.86}"
64,hashicorp/vault,24039,,"HashiCorp Vault - API, Authentication/Authorization (AppRole)","User reports that the AppRole Secret ID Accessor (and possibly other) endpoints return error information in a different JSON shape than the rest of the Vault API, breaking consistency. They request standardized error response bodies across all endpoints for easier, predictable handling.",usability,"API, Authentication/Authorization tools",Missing feature / enhancement request,Functional Gap,"4. Consistency and standards, '9. Help users recognize, diagnose, and recover from errors']",0.9,"{""associated_component"": ""HashiCorp Vault - API, Authentication/Authorization (AppRole)"", ""codes_primary"": ""User reports that the AppRole Secret ID Accessor (and possibly other) endpoints return error information in a different JSON shape than the rest of the Vault API, breaking consistency. They request standardized error response bodies across all endpoints for easier, predictable handling."", ""usability_non_usability_type"": ""usability"", ""associated_component_theme"": [""API"", ""Authentication/Authorization tools""], ""l1_theme"": [""Missing feature / enhancement request""], ""l1_theme_secondary"": [""Functional Gap""], ""nielsen_theme"": [""4. Consistency and standards"", ""9. Help users recognize, diagnose, and recover from errors""], ""confidence"": 0.9}"
65,hashicorp/vault,24255,,"HashiCorp Vault core - API, Notification/Logging","Feature request to improve Vault’s error messaging when restoring large snapshots. User repeatedly saw only 'failed to read request body' while the real cause was exceeding http_read_timeout, and wants clearer, more specific error messages indicating timeouts or read errors.",usability,"Core, API, Notification/Logging","Missing feature / enhancement request, Notification/Logging /Web UI Issues","Cognitive Friction, Functional Gap","['9. Help users recognize, diagnose, and recover from errors']",0.9,"{""associated_component"": ""HashiCorp Vault core - API, Notification/Logging"", ""codes_primary"": ""Feature request to improve Vault’s error messaging when restoring large snapshots. User repeatedly saw only 'failed to read request body' while the real cause was exceeding http_read_timeout, and wants clearer, more specific error messages indicating timeouts or read errors."", ""usability_non_usability_type"": ""usability"", ""associated_component_theme"": [""Core"", ""API"", ""Notification/Logging""], ""l1_theme"": [""Missing feature / enhancement request"", ""Notification/Logging /Web UI Issues""], ""l1_theme_secondary"": [""Cognitive Friction"", ""Functional Gap""], ""nielsen_theme"": [""9. Help users recognize, diagnose, and recover from errors""], ""confidence"": 0.9}"
66,hashicorp/vault,24269,,HashiCorp Vault core,"Feature request: Alibaba Cloud’s original alicloudkms provider is deprecated, breaking Vault’s auto-unseal for new Alibaba Cloud users. Reporter requests a new Dedicated KMS-based seal wrapper (e.g., aliclouddkms) to restore auto-unseal support and asks if a contribution would be accepted.",usability,"Core, Key Management Core / Secrets Backend","Missing feature / enhancement request, Integration failure/issues","Functional Gap, Operational Friction",7. Flexibility and efficiency of use,0.9,"{""associated_component"": ""HashiCorp Vault core"", ""codes_primary"": ""Feature request: Alibaba Cloud’s original alicloudkms provider is deprecated, breaking Vault’s auto-unseal for new Alibaba Cloud users. Reporter requests a new Dedicated KMS-based seal wrapper (e.g., aliclouddkms) to restore auto-unseal support and asks if a contribution would be accepted."", ""usability_non_usability_type"": ""usability"", ""associated_component_theme"": [""Core"", ""Key Management Core / Secrets Backend""], ""l1_theme"": [""Missing feature / enhancement request"", ""Integration failure/issues""], ""l1_theme_secondary"": [""Functional Gap"", ""Operational Friction""], ""nielsen_theme"": [""7. Flexibility and efficiency of use""], ""confidence"": 0.9}"
67,hashicorp/vault,24604,,"HashiCorp Vault core, Policy/configuration",User reports a bug when scaling a Raft-backed Vault cluster on Kubernetes with publishNotReadyAddresses disabled. New pods cannot join the cluster; unseal fails with a 500 crypto/aes invalid key size error and leader logs show DNS lookup failures for the new peer.,non-usability,,,,,0.86,"{""associated_component"": ""HashiCorp Vault core, Policy/configuration"", ""codes_primary"": ""User reports a bug when scaling a Raft-backed Vault cluster on Kubernetes with publishNotReadyAddresses disabled. New pods cannot join the cluster; unseal fails with a 500 crypto/aes invalid key size error and leader logs show DNS lookup failures for the new peer."", ""usability_non_usability_type"": ""non-usability"", ""associated_component_theme"": [""Core"", ""Policy/configuration""], ""l1_theme"": [""Unexpected behavior"", ""Configuration friction""], ""l1_theme_secondary"": [""Functional Reliability"", ""Operational Friction""], ""nielsen_theme"": [], ""confidence"": 0.86}"
68,hashicorp/vault,24617,,"HashiCorp Vault core, Notification/Logging","User running Vault with MySQL storage and Kubernetes auth/sidecar integration reports periodic database connection timeouts when restoring auth/kubernetes/login leases, causing Vault to restart and seal. Vault’s storage table has grown large with many lease records; user asks how to reduce these leases and keep service stable.",non-usability,,,,,0.86,"{""associated_component"": ""HashiCorp Vault core, Notification/Logging"", ""codes_primary"": ""User running Vault with MySQL storage and Kubernetes auth/sidecar integration reports periodic database connection timeouts when restoring auth/kubernetes/login leases, causing Vault to restart and seal. Vault’s storage table has grown large with many lease records; user asks how to reduce these leases and keep service stable."", ""usability_non_usability_type"": ""non-usability"", ""associated_component_theme"": [""Core"", ""Notification/Logging""], ""l1_theme"": [""Unexpected behavior""], ""l1_theme_secondary"": [""Functional Reliability""], ""nielsen_theme"": [], ""confidence"": 0.86}"
69,hashicorp/vault,24725,,"HashiCorp Vault - Agent/Proxy auto_auth sinks, CLI","Bug report: when configuring Vault proxy/agent auto_auth sinks using the documented outer `sinks { sink { ... } }` HCL form, the `aad_env_var` field is never processed due to a parsing bug, causing encrypted_payload values to fail decryption when using AAD.",non-usability,,,,,0.86,"{""associated_component"": ""HashiCorp Vault - Agent/Proxy auto_auth sinks, CLI"", ""codes_primary"": ""Bug report: when configuring Vault proxy/agent auto_auth sinks using the documented outer `sinks { sink { ... } }` HCL form, the `aad_env_var` field is never processed due to a parsing bug, causing encrypted_payload values to fail decryption when using AAD."", ""usability_non_usability_type"": ""non-usability"", ""associated_component_theme"": [""CLI tooling"", ""Policy/configuration""], ""l1_theme"": [""Unexpected behavior""], ""l1_theme_secondary"": [""Functional Reliability""], ""nielsen_theme"": [], ""confidence"": 0.86}"
70,hashicorp/vault,24853,,"HashiCorp Vault - Authentication/Authorization (Identity Store, Auth Methods)","Feature request to remove the uniqueness constraint on (entity, mount_accessor) in Vault’s identity aliases. User wants multiple authentication identities from different realms to map to a single authorization entity, avoiding duplicate entities, audit complexity, and inflated license usage.",usability,"Authentication/Authorization tools, Policy/configuration, Core","Missing feature / enhancement request, Tedious Workflows","Functional Gap, Operational Friction",7. Flexibility and efficiency of use,0.86,"{""associated_component"": ""HashiCorp Vault - Authentication/Authorization (Identity Store, Auth Methods)"", ""codes_primary"": ""Feature request to remove the uniqueness constraint on (entity, mount_accessor) in Vault’s identity aliases. User wants multiple authentication identities from different realms to map to a single authorization entity, avoiding duplicate entities, audit complexity, and inflated license usage."", ""usability_non_usability_type"": ""usability"", ""associated_component_theme"": [""Authentication/Authorization tools"", ""Policy/configuration"", ""Core""], ""l1_theme"": [""Missing feature / enhancement request"", ""Tedious Workflows""], ""l1_theme_secondary"": [""Functional Gap"", ""Operational Friction""], ""nielsen_theme"": [""7. Flexibility and efficiency of use""], ""confidence"": 0.86}"
71,hashicorp/vault,24956,,"HashiCorp Vault - Authentication/Authorization tools, Policy/configuration","Feature request to add a Vault auth method that integrates with Tailscale application capabilities and ACLs, allowing Vault roles to be mapped to Tailscale ACL grants so devices/users in Tailscale groups can authenticate without per-device IP whitelisting or separate login tokens.",usability,"Authentication/Authorization tools, Policy/configuration",Missing feature / enhancement request,Functional Gap,7. Flexibility and efficiency of use,0.86,"{""associated_component"": ""HashiCorp Vault - Authentication/Authorization tools, Policy/configuration"", ""codes_primary"": ""Feature request to add a Vault auth method that integrates with Tailscale application capabilities and ACLs, allowing Vault roles to be mapped to Tailscale ACL grants so devices/users in Tailscale groups can authenticate without per-device IP whitelisting or separate login tokens."", ""usability_non_usability_type"": ""usability"", ""associated_component_theme"": [""Authentication/Authorization tools"", ""Policy/configuration""], ""l1_theme"": [""Missing feature / enhancement request""], ""l1_theme_secondary"": [""Functional Gap""], ""nielsen_theme"": [""7. Flexibility and efficiency of use""], ""confidence"": 0.86}"
72,hashicorp/vault,25506,,"HashiCorp Vault - CLI tooling, Key Management Core / Secrets Backend","User reports a reproducible bug in the Vault CLI kv v2 undelete command when using the -mount flag with multi-level mount paths. The CLI truncates the mount path, causing a 404 no handler route error. Linked prior issue was merged to main but not yet released.",non-usability,,,,,0.93,"{""associated_component"": ""HashiCorp Vault - CLI tooling, Key Management Core / Secrets Backend"", ""codes_primary"": ""User reports a reproducible bug in the Vault CLI kv v2 undelete command when using the -mount flag with multi-level mount paths. The CLI truncates the mount path, causing a 404 no handler route error. Linked prior issue was merged to main but not yet released."", ""usability_non_usability_type"": ""non-usability"", ""associated_component_theme"": [""CLI tooling"", ""Key Management Core / Secrets Backend""], ""l1_theme"": [""Unexpected behavior""], ""l1_theme_secondary"": [""Functional Reliability""], ""nielsen_theme"": [], ""confidence"": 0.93}"
73,hashicorp/vault,26164,,"HashiCorp Vault - Authentication/Authorization, CLI, Policy/configuration","User reports a bug where the user_lockout_duration for approle authentication ignores tuned or config-file values and always behaves as the 10m default. They provide clear reproduction steps and environment details, and ask how to revert to config-file settings and inspect effective lockout config.",non-usability,,,,,0.93,"{""associated_component"": ""HashiCorp Vault - Authentication/Authorization, CLI, Policy/configuration"", ""codes_primary"": ""User reports a bug where the user_lockout_duration for approle authentication ignores tuned or config-file values and always behaves as the 10m default. They provide clear reproduction steps and environment details, and ask how to revert to config-file settings and inspect effective lockout config."", ""usability_non_usability_type"": ""non-usability"", ""associated_component_theme"": [""Authentication/Authorization tools"", ""CLI tooling"", ""Policy/configuration""], ""l1_theme"": [""Unexpected behavior""], ""l1_theme_secondary"": [""Functional Reliability""], ""nielsen_theme"": [], ""confidence"": 0.93}"
74,hashicorp/vault,26180,,HashiCorp Vault - API,"User reports that calling GET /v1/sys/mounts/<mount> with a root token on Vault 1.9.2 always returns 405 Unsupported Operation, even though GET /v1/sys/mounts/<mount>/tune works. They ask what might be happening; later comments trace it to Terraform provider path changes.",usability,API,"Unexpected behavior, Configuration friction, Integration failure/issues","Functional Reliability, Operational Friction","7. Flexibility and efficiency of use, '9. Help users recognize, diagnose, and recover from errors', 10. Help and documentation",0.78,"{""associated_component"": ""HashiCorp Vault - API"", ""codes_primary"": ""User reports that calling GET /v1/sys/mounts/<mount> with a root token on Vault 1.9.2 always returns 405 Unsupported Operation, even though GET /v1/sys/mounts/<mount>/tune works. They ask what might be happening; later comments trace it to Terraform provider path changes."", ""usability_non_usability_type"": ""usability"", ""associated_component_theme"": [""API""], ""l1_theme"": [""Unexpected behavior"", ""Configuration friction"", ""Integration failure/issues""], ""l1_theme_secondary"": [""Functional Reliability"", ""Operational Friction""], ""nielsen_theme"": [""7. Flexibility and efficiency of use"", ""9. Help users recognize, diagnose, and recover from errors"", ""10. Help and documentation""], ""confidence"": 0.78}"
75,hashicorp/vault,27343,,"HashiCorp Vault - Authentication, Web Client, API","Bug report: After upgrading Vault from 1.16.2 to 1.16.3, JWT auth roles that only specify bound_claims fail if the JWT includes an aud claim but the role’s bound_audiences is empty, breaking GitLab CI JWT integrations. Behavior was later deemed expected and then reverted in patch releases.",non-usability,,,,,0.9,"{""associated_component"": ""HashiCorp Vault - Authentication, Web Client, API"", ""codes_primary"": ""Bug report: After upgrading Vault from 1.16.2 to 1.16.3, JWT auth roles that only specify bound_claims fail if the JWT includes an aud claim but the role’s bound_audiences is empty, breaking GitLab CI JWT integrations. Behavior was later deemed expected and then reverted in patch releases."", ""usability_non_usability_type"": ""non-usability"", ""associated_component_theme"": [""Authentication/Authorization tools"", ""Web Client"", ""API""], ""l1_theme"": [""Unexpected behavior"", ""Authentication friction"", ""Integration failure/issues""], ""l1_theme_secondary"": [""Functional Reliability""], ""nielsen_theme"": [], ""confidence"": 0.9}"
76,hashicorp/vault,27344,,HashiCorp Vault core,"User reports that a second Vault node cannot be unsealed when joining an existing Raft cluster using transit auto-unseal and restored snapshot. Logs show successful Raft join but repeated 'stored unseal keys are supported, but none were found' warnings, leaving the node sealed and non-voting.",non-usability,,,,,0.86,"{""associated_component"": ""HashiCorp Vault core"", ""codes_primary"": ""User reports that a second Vault node cannot be unsealed when joining an existing Raft cluster using transit auto-unseal and restored snapshot. Logs show successful Raft join but repeated 'stored unseal keys are supported, but none were found' warnings, leaving the node sealed and non-voting."", ""usability_non_usability_type"": ""non-usability"", ""associated_component_theme"": [""Core""], ""l1_theme"": [""Unexpected behavior""], ""l1_theme_secondary"": [""Functional Reliability""], ""nielsen_theme"": [], ""confidence"": 0.86}"
77,hashicorp/vault,27805,,"HashiCorp Vault - Key Management Core / Secrets Backend, API","Feature request: user’s security team wants Vault’s database (e.g., Snowflake) secrets engine to support generating private keys encrypted with a passphrase, to add protection if keys are intercepted. They note current Vault libraries/SDK and database engines lack passphrase support and seek a built-in solution.",usability,"Key Management Core / Secrets Backend, API","Missing feature / enhancement request, Security concerns, Tedious Workflows","Functional Gap, Operational Friction","5. Error prevention, 7. Flexibility and efficiency of use",0.86,"{""associated_component"": ""HashiCorp Vault - Key Management Core / Secrets Backend, API"", ""codes_primary"": ""Feature request: user’s security team wants Vault’s database (e.g., Snowflake) secrets engine to support generating private keys encrypted with a passphrase, to add protection if keys are intercepted. They note current Vault libraries/SDK and database engines lack passphrase support and seek a built-in solution."", ""usability_non_usability_type"": ""usability"", ""associated_component_theme"": [""Key Management Core / Secrets Backend"", ""API""], ""l1_theme"": [""Missing feature / enhancement request"", ""Security concerns"", ""Tedious Workflows""], ""l1_theme_secondary"": [""Functional Gap"", ""Operational Friction""], ""nielsen_theme"": [""5. Error prevention"", ""7. Flexibility and efficiency of use""], ""confidence"": 0.86}"
78,hashicorp/vault,27935,,"HashiCorp Vault core, installation/distribution","User reports that after Vault’s systemd unit was changed from type=simple to type=notify, failed Vault services leave unreaped dbus-daemon processes and restarts spawn additional instances, especially with systemd v255.10. They suspect incorrect notify handling; workaround and upstream dependency cause are later identified.",non-usability,,,,,0.86,"{""associated_component"": ""HashiCorp Vault core, installation/distribution"", ""codes_primary"": ""User reports that after Vault’s systemd unit was changed from type=simple to type=notify, failed Vault services leave unreaped dbus-daemon processes and restarts spawn additional instances, especially with systemd v255.10. They suspect incorrect notify handling; workaround and upstream dependency cause are later identified."", ""usability_non_usability_type"": ""non-usability"", ""associated_component_theme"": [""Core"", ""Build/CI/installation/distribution release issues""], ""l1_theme"": [""Unexpected behavior"", ""Build/CI/installation/distribution release issues"", ""Integration failure/issues""], ""l1_theme_secondary"": [""Functional Reliability""], ""nielsen_theme"": [], ""confidence"": 0.86}"
79,hashicorp/vault,28073,,"HashiCorp Vault core, API, Authentication/Authorization","User proposes a feature to simplify unsealing Vault by storing encrypted unseal keys on a mobile device and using biometric plus 2FA to decrypt and send unseal keys via an API call, reducing manual key handling and unseal friction. Discussion mentions FIDO2 passkeys as an alternative.",usability,"Core, API, Authentication/Authorization tools","Missing feature / enhancement request, Tedious Workflows","Functional Gap, Operational Friction",7. Flexibility and efficiency of use,0.86,"{""associated_component"": ""HashiCorp Vault core, API, Authentication/Authorization"", ""codes_primary"": ""User proposes a feature to simplify unsealing Vault by storing encrypted unseal keys on a mobile device and using biometric plus 2FA to decrypt and send unseal keys via an API call, reducing manual key handling and unseal friction. Discussion mentions FIDO2 passkeys as an alternative."", ""usability_non_usability_type"": ""usability"", ""associated_component_theme"": [""Core"", ""API"", ""Authentication/Authorization tools""], ""l1_theme"": [""Missing feature / enhancement request"", ""Tedious Workflows""], ""l1_theme_secondary"": [""Functional Gap"", ""Operational Friction""], ""nielsen_theme"": [""7. Flexibility and efficiency of use""], ""confidence"": 0.86}"
80,hashicorp/vault,28457,,HashiCorp Vault core,"External provider (Elestio) requests that their managed Vault deployment offering be added to the official Vault README/documentation, including a note about potential revenue-share partnership. Maintainer declines due to policy against linking to external sites and closes the issue.",non-usability,,,,,0.96,"{""associated_component"": ""HashiCorp Vault core"", ""codes_primary"": ""External provider (Elestio) requests that their managed Vault deployment offering be added to the official Vault README/documentation, including a note about potential revenue-share partnership. Maintainer declines due to policy against linking to external sites and closes the issue."", ""usability_non_usability_type"": ""non-usability"", ""associated_component_theme"": [""Core""], ""l1_theme"": [], ""l1_theme_secondary"": [], ""nielsen_theme"": [], ""confidence"": 0.96}"
81,hashicorp/vault,28738,,HashiCorp Vault - Key Management Core / Secrets Backend,"User reports a bug where database dynamic credentials with very long TTLs are being revoked after about 32 days, despite mount and role TTLs showing multi‑year durations. They cannot reproduce elsewhere, have used this setup in production for years, and are now using dummy revocation statements as a workaround.",non-usability,,,,,0.86,"{""associated_component"": ""HashiCorp Vault - Key Management Core / Secrets Backend"", ""codes_primary"": ""User reports a bug where database dynamic credentials with very long TTLs are being revoked after about 32 days, despite mount and role TTLs showing multi‑year durations. They cannot reproduce elsewhere, have used this setup in production for years, and are now using dummy revocation statements as a workaround."", ""usability_non_usability_type"": ""non-usability"", ""associated_component_theme"": [""Key Management Core / Secrets Backend""], ""l1_theme"": [""Unexpected behavior""], ""l1_theme_secondary"": [""Functional Reliability""], ""nielsen_theme"": [], ""confidence"": 0.86}"
82,hashicorp/vault,28792,,"HashiCorp Vault - API, CLI tooling, Authentication/Authorization tools","User reports that from Vault 1.17.x the API now returns multiple errors concatenated into a single string within the errors array, instead of separate JSON items. This breaks their automation for handling authentication/authorization errors and makes parsing significantly harder.",usability,"API, CLI tooling, Authentication/Authorization tools","Unexpected behavior, Notification/Logging /Web UI Issues","Functional Reliability, Operational Friction","4. Consistency and standards, 7. Flexibility and efficiency of use, '9. Help users recognize, diagnose, and recover from errors']",0.86,"{""associated_component"": ""HashiCorp Vault - API, CLI tooling, Authentication/Authorization tools"", ""codes_primary"": ""User reports that from Vault 1.17.x the API now returns multiple errors concatenated into a single string within the errors array, instead of separate JSON items. This breaks their automation for handling authentication/authorization errors and makes parsing significantly harder."", ""usability_non_usability_type"": ""usability"", ""associated_component_theme"": [""API"", ""CLI tooling"", ""Authentication/Authorization tools""], ""l1_theme"": [""Unexpected behavior"", ""Notification/Logging /Web UI Issues""], ""l1_theme_secondary"": [""Functional Reliability"", ""Operational Friction""], ""nielsen_theme"": [""4. Consistency and standards"", ""7. Flexibility and efficiency of use"", ""9. Help users recognize, diagnose, and recover from errors""], ""confidence"": 0.86}"
83,hashicorp/vault,28993,,"HashiCorp Vault - Web Client, Authentication/Authorization tools, Policy/configuration, Key Management Core / Secrets Backend","User logging in via OIDC to the Vault UI must manually type secret paths because their policy lacks broad list permissions. They request a way to default to or list only the paths they are authorized for, to avoid memorizing many paths.",usability,"Web Client, Authentication/Authorization tools, Policy/configuration, Key Management Core / Secrets Backend","Missing feature / enhancement request, Tedious Workflows","Functional Gap, Operational Friction, Cognitive Friction","6. Recognition rather than recall, 7. Flexibility and efficiency of use",0.9,"{""associated_component"": ""HashiCorp Vault - Web Client, Authentication/Authorization tools, Policy/configuration, Key Management Core / Secrets Backend"", ""codes_primary"": ""User logging in via OIDC to the Vault UI must manually type secret paths because their policy lacks broad list permissions. They request a way to default to or list only the paths they are authorized for, to avoid memorizing many paths."", ""usability_non_usability_type"": ""usability"", ""associated_component_theme"": [""Web Client"", ""Authentication/Authorization tools"", ""Policy/configuration"", ""Key Management Core / Secrets Backend""], ""l1_theme"": [""Missing feature / enhancement request"", ""Tedious Workflows""], ""l1_theme_secondary"": [""Functional Gap"", ""Operational Friction"", ""Cognitive Friction""], ""nielsen_theme"": [""6. Recognition rather than recall"", ""7. Flexibility and efficiency of use""], ""confidence"": 0.9}"
84,hashicorp/vault,29033,,"HashiCorp Vault core, Notification/Logging","User reports a Vault Raft leader becoming effectively unresponsive when its disk fills due to audit/logging, causing 500 errors and blocking logins and operator step-down from followers. They ask how Vault detects a dead leader, why operator commands are forwarded, and request design changes or options to avoid cluster-wide failure in this scenario.",usability,"Core, Notification/Logging","Missing feature / enhancement request, Unexpected behavior, User confusion / unclear documentation","Operational Friction, Functional Reliability, Functional Gap","3. User control and freedom, 5. Error prevention, 7. Flexibility and efficiency of use, '9. Help users recognize, diagnose, and recover from errors', 10. Help and documentation",0.86,"{""associated_component"": ""HashiCorp Vault core, Notification/Logging"", ""codes_primary"": ""User reports a Vault Raft leader becoming effectively unresponsive when its disk fills due to audit/logging, causing 500 errors and blocking logins and operator step-down from followers. They ask how Vault detects a dead leader, why operator commands are forwarded, and request design changes or options to avoid cluster-wide failure in this scenario."", ""usability_non_usability_type"": ""usability"", ""associated_component_theme"": [""Core"", ""Notification/Logging""], ""l1_theme"": [""Missing feature / enhancement request"", ""Unexpected behavior"", ""User confusion / unclear documentation""], ""l1_theme_secondary"": [""Operational Friction"", ""Functional Reliability"", ""Functional Gap""], ""nielsen_theme"": [""3. User control and freedom"", ""5. Error prevention"", ""7. Flexibility and efficiency of use"", ""9. Help users recognize, diagnose, and recover from errors"", ""10. Help and documentation""], ""confidence"": 0.86}"
85,hashicorp/vault,29099,,"HashiCorp Vault core, CLI tooling, Notification/Logging, Web Client, Policy/configuration","User attempts to migrate a working HTTP Vault setup with AWS KMS auto-unseal on Ubuntu EC2 to HTTPS following docs and examples. After switching to TLS, Vault exits silently due to TLS cert file permissions and address/cert mismatch, with unhelpful logs. User requests clearer HTTPS configuration docs and explicit logging of permission-related startup failures.",usability,"Core, CLI tooling, Notification/Logging, Web Client, Policy/configuration","Configuration friction, User confusion / unclear documentation, Notification/Logging /Web UI Issues, Missing feature / enhancement request","Operational Friction, Cognitive Friction, Functional Reliability, Functional Gap","1. Visibility of system status, 5. Error prevention, '9. Help users recognize, diagnose, and recover from errors', 10. Help and documentation",0.86,"{""associated_component"": ""HashiCorp Vault core, CLI tooling, Notification/Logging, Web Client, Policy/configuration"", ""codes_primary"": ""User attempts to migrate a working HTTP Vault setup with AWS KMS auto-unseal on Ubuntu EC2 to HTTPS following docs and examples. After switching to TLS, Vault exits silently due to TLS cert file permissions and address/cert mismatch, with unhelpful logs. User requests clearer HTTPS configuration docs and explicit logging of permission-related startup failures."", ""usability_non_usability_type"": ""usability"", ""associated_component_theme"": [""Core"", ""CLI tooling"", ""Notification/Logging"", ""Web Client"", ""Policy/configuration""], ""l1_theme"": [""Configuration friction"", ""User confusion / unclear documentation"", ""Notification/Logging /Web UI Issues"", ""Missing feature / enhancement request""], ""l1_theme_secondary"": [""Operational Friction"", ""Cognitive Friction"", ""Functional Reliability"", ""Functional Gap""], ""nielsen_theme"": [""1. Visibility of system status"", ""5. Error prevention"", ""9. Help users recognize, diagnose, and recover from errors"", ""10. Help and documentation""], ""confidence"": 0.86}"
86,hashicorp/vault,29101,,HashiCorp Vault - Web Client,"Feature request for more user-friendly namespace navigation in Vault Enterprise’s web UI. User currently must click multiple small back buttons in a tiny corner panel and wants a persistent, sidebar-based namespace list enabling one-click switching.",usability,Web Client,"Missing feature / enhancement request, Notification/Logging /Web UI Issues, Tedious Workflows","Operational Friction, Functional Gap","7. Flexibility and efficiency of use, 8. Aesthetic and minimalist design",0.9,"{""associated_component"": ""HashiCorp Vault - Web Client"", ""codes_primary"": ""Feature request for more user-friendly namespace navigation in Vault Enterprise’s web UI. User currently must click multiple small back buttons in a tiny corner panel and wants a persistent, sidebar-based namespace list enabling one-click switching."", ""usability_non_usability_type"": ""usability"", ""associated_component_theme"": [""Web Client""], ""l1_theme"": [""Missing feature / enhancement request"", ""Notification/Logging /Web UI Issues"", ""Tedious Workflows""], ""l1_theme_secondary"": [""Operational Friction"", ""Functional Gap""], ""nielsen_theme"": [""7. Flexibility and efficiency of use"", ""8. Aesthetic and minimalist design""], ""confidence"": 0.9}"
87,hashicorp/vault,29179,,"HashiCorp Vault - Authentication/Authorization tools, Policy/configuration","User reports Vault Agent on AWS EKS spot instances intermittently timing out when authenticating to Vault via Kubernetes auth after introducing network policies. Behavior is reproducible across two clusters; logs show TCP i/o timeouts. Maintainer concludes this is an environmental/network policy issue, not a Vault bug.",non-usability,,,,,0.86,"{""associated_component"": ""HashiCorp Vault - Authentication/Authorization tools, Policy/configuration"", ""codes_primary"": ""User reports Vault Agent on AWS EKS spot instances intermittently timing out when authenticating to Vault via Kubernetes auth after introducing network policies. Behavior is reproducible across two clusters; logs show TCP i/o timeouts. Maintainer concludes this is an environmental/network policy issue, not a Vault bug."", ""usability_non_usability_type"": ""non-usability"", ""associated_component_theme"": [""Authentication/Authorization tools"", ""Policy/configuration""], ""l1_theme"": [""Unexpected behavior"", ""Configuration friction""], ""l1_theme_secondary"": [""Functional Reliability"", ""Operational Friction""], ""nielsen_theme"": [], ""confidence"": 0.86}"
88,hashicorp/vault,29287,,"HashiCorp Vault - Key Management Core / Secrets Backend, Policy/configuration","User asks whether Vault KV v2 supports conditional, metadata-based access control instead of purely path-based policies, to avoid duplicating secrets and manage large shared paths more efficiently. They reference required_parameters docs but note it is incompatible with KV v2.",usability,"Key Management Core / Secrets Backend, Policy/configuration","Missing feature / enhancement request, User confusion / unclear documentation","Functional Gap, Cognitive Friction","7. Flexibility and efficiency of use, 10. Help and documentation",0.86,"{""associated_component"": ""HashiCorp Vault - Key Management Core / Secrets Backend, Policy/configuration"", ""codes_primary"": ""User asks whether Vault KV v2 supports conditional, metadata-based access control instead of purely path-based policies, to avoid duplicating secrets and manage large shared paths more efficiently. They reference required_parameters docs but note it is incompatible with KV v2."", ""usability_non_usability_type"": ""usability"", ""associated_component_theme"": [""Key Management Core / Secrets Backend"", ""Policy/configuration""], ""l1_theme"": [""Missing feature / enhancement request"", ""User confusion / unclear documentation""], ""l1_theme_secondary"": [""Functional Gap"", ""Cognitive Friction""], ""nielsen_theme"": [""7. Flexibility and efficiency of use"", ""10. Help and documentation""], ""confidence"": 0.86}"
89,hashicorp/vault,29362,,"HashiCorp Vault - Key Management Core / Secrets Backend, API, CLI tooling","User reports that when generating an exported root certificate via the PKI backend, the key_usage parameter (DigitalSignature or empty) is ignored and the resulting certificate only has Certificate Sign, CRL Sign. They expect DigitalSignature to be included per the documented key_usage behavior.",non-usability,,,,,0.86,"{""associated_component"": ""HashiCorp Vault - Key Management Core / Secrets Backend, API, CLI tooling"", ""codes_primary"": ""User reports that when generating an exported root certificate via the PKI backend, the key_usage parameter (DigitalSignature or empty) is ignored and the resulting certificate only has Certificate Sign, CRL Sign. They expect DigitalSignature to be included per the documented key_usage behavior."", ""usability_non_usability_type"": ""non-usability"", ""associated_component_theme"": [""Key Management Core / Secrets Backend"", ""API"", ""CLI tooling""], ""l1_theme"": [""Unexpected behavior""], ""l1_theme_secondary"": [""Functional Reliability""], ""nielsen_theme"": [], ""confidence"": 0.86}"
90,hashicorp/vault,29417,,"HashiCorp Vault - CLI, Authentication","User reports that Vault’s external token helper is executed via a shell, causing VAULT_ADDR to be overridden by ~/.bashrc when using bash over SSH pipes. This leads to the wrong token being returned and failed logins. They request executing helpers directly without a shell and plan a PR.",non-usability,,,,,0.86,"{""associated_component"": ""HashiCorp Vault - CLI, Authentication"", ""codes_primary"": ""User reports that Vault’s external token helper is executed via a shell, causing VAULT_ADDR to be overridden by ~/.bashrc when using bash over SSH pipes. This leads to the wrong token being returned and failed logins. They request executing helpers directly without a shell and plan a PR."", ""usability_non_usability_type"": ""non-usability"", ""associated_component_theme"": [""CLI tooling"", ""Authentication/Authorization tools""], ""l1_theme"": [""Unexpected behavior""], ""l1_theme_secondary"": [""Functional Reliability""], ""nielsen_theme"": [], ""confidence"": 0.86}"
91,hashicorp/vault,29928,,"HashiCorp Vault - API, Policy/configuration","User reports that the PKI sign/pki/{role} endpoint ignores the role’s max_ttl when a CSR is signed with an explicit not_after value, allowing certificates to exceed the configured maximum validity. They expect max_ttl enforcement or, if intentional, clear documentation of this behavior.",usability,"API, Policy/configuration","Unexpected behavior, User confusion / unclear documentation","Functional Reliability, Cognitive Friction","4. Consistency and standards, 5. Error prevention, 10. Help and documentation",0.86,"{""associated_component"": ""HashiCorp Vault - API, Policy/configuration"", ""codes_primary"": ""User reports that the PKI sign/pki/{role} endpoint ignores the role’s max_ttl when a CSR is signed with an explicit not_after value, allowing certificates to exceed the configured maximum validity. They expect max_ttl enforcement or, if intentional, clear documentation of this behavior."", ""usability_non_usability_type"": ""usability"", ""associated_component_theme"": [""API"", ""Policy/configuration""], ""l1_theme"": [""Unexpected behavior"", ""User confusion / unclear documentation""], ""l1_theme_secondary"": [""Functional Reliability"", ""Cognitive Friction""], ""nielsen_theme"": [""4. Consistency and standards"", ""5. Error prevention"", ""10. Help and documentation""], ""confidence"": 0.86}"
92,hashicorp/vault,30362,,"HashiCorp Vault - Key Management Core / Secrets Backend, API, Policy/configuration","Feature request for Vault PKI roles to restrict certificates so that hostnames appear only as SANs, constrained to specific domains, to support automated issuance via Ansible while preventing issuance of arbitrary names considered a security risk.",usability,"Key Management Core / Secrets Backend, API, Policy/configuration","Missing feature / enhancement request, Security concerns",Functional Gap,"5. Error prevention, 7. Flexibility and efficiency of use",0.86,"{""associated_component"": ""HashiCorp Vault - Key Management Core / Secrets Backend, API, Policy/configuration"", ""codes_primary"": ""Feature request for Vault PKI roles to restrict certificates so that hostnames appear only as SANs, constrained to specific domains, to support automated issuance via Ansible while preventing issuance of arbitrary names considered a security risk."", ""usability_non_usability_type"": ""usability"", ""associated_component_theme"": [""Key Management Core / Secrets Backend"", ""API"", ""Policy/configuration""], ""l1_theme"": [""Missing feature / enhancement request"", ""Security concerns""], ""l1_theme_secondary"": [""Functional Gap""], ""nielsen_theme"": [""5. Error prevention"", ""7. Flexibility and efficiency of use""], ""confidence"": 0.86}"
93,hashicorp/vault,30858,,"HashiCorp Vault core - TCP listener TLS configuration, Documentation",User reports that Vault’s TCP listener TLS documentation is unclear/outdated about configuring TLS 1.2 cipher suites while keeping TLS 1.3 enabled. They provide a working example configuration and note the docs incorrectly imply restricting both min and max TLS versions to 1.2.,usability,"Policy/configuration, Core",User confusion / unclear documentation,Cognitive Friction,10. Help and documentation,0.9,"{""associated_component"": ""HashiCorp Vault core - TCP listener TLS configuration, Documentation"", ""codes_primary"": ""User reports that Vault’s TCP listener TLS documentation is unclear/outdated about configuring TLS 1.2 cipher suites while keeping TLS 1.3 enabled. They provide a working example configuration and note the docs incorrectly imply restricting both min and max TLS versions to 1.2."", ""usability_non_usability_type"": ""usability"", ""associated_component_theme"": [""Policy/configuration"", ""Core""], ""l1_theme"": [""User confusion / unclear documentation""], ""l1_theme_secondary"": [""Cognitive Friction""], ""nielsen_theme"": [""10. Help and documentation""], ""confidence"": 0.9}"
94,hashicorp/vault,31343,,HashiCorp Vault core,"Feature request to support cloud auto-unseal using IBM Cloud native solutions. User currently uses Transit secrets engine with an AWS Vault as a workaround but would prefer first-class IBM Cloud auto-unseal, especially given HashiCorp’s IBM ownership. Notes current auto-unseal only supports Azure, AWS, and GCP.",usability,"Core, Key Management Core / Secrets Backend","Missing feature / enhancement request, Integration failure/issues","Functional Gap, Operational Friction",7. Flexibility and efficiency of use,0.86,"{""associated_component"": ""HashiCorp Vault core"", ""codes_primary"": ""Feature request to support cloud auto-unseal using IBM Cloud native solutions. User currently uses Transit secrets engine with an AWS Vault as a workaround but would prefer first-class IBM Cloud auto-unseal, especially given HashiCorp’s IBM ownership. Notes current auto-unseal only supports Azure, AWS, and GCP."", ""usability_non_usability_type"": ""usability"", ""associated_component_theme"": [""Core"", ""Key Management Core / Secrets Backend""], ""l1_theme"": [""Missing feature / enhancement request"", ""Integration failure/issues""], ""l1_theme_secondary"": [""Functional Gap"", ""Operational Friction""], ""nielsen_theme"": [""7. Flexibility and efficiency of use""], ""confidence"": 0.86}"
95,hashicorp/vault,31372,,HashiCorp Vault core,"Bug report: Vault clusters using AWS auto-join in region me-central-1 fail to start/join because go-discover now uses the AWS dualstack EC2 API, which is not available in that region, causing DNS resolution failures and preventing raft retry_join from working.",non-usability,,,,,0.93,"{""associated_component"": ""HashiCorp Vault core"", ""codes_primary"": ""Bug report: Vault clusters using AWS auto-join in region me-central-1 fail to start/join because go-discover now uses the AWS dualstack EC2 API, which is not available in that region, causing DNS resolution failures and preventing raft retry_join from working."", ""usability_non_usability_type"": ""non-usability"", ""associated_component_theme"": [""Core""], ""l1_theme"": [""Integration failure/issues""], ""l1_theme_secondary"": [""Functional Reliability""], ""nielsen_theme"": [], ""confidence"": 0.93}"
96,hashicorp/vault,31615,,"HashiCorp Vault - CLI, Telemetry",Bug report: `vault operator diagnose` incorrectly reports an incomplete Stackdriver telemetry configuration when only dogstatsd telemetry is configured and Stackdriver keys are entirely omitted. User provides a minimal reproducible config and notes they have a code fix ready to submit.,non-usability,,,,,0.93,"{""associated_component"": ""HashiCorp Vault - CLI, Telemetry"", ""codes_primary"": ""Bug report: `vault operator diagnose` incorrectly reports an incomplete Stackdriver telemetry configuration when only dogstatsd telemetry is configured and Stackdriver keys are entirely omitted. User provides a minimal reproducible config and notes they have a code fix ready to submit."", ""usability_non_usability_type"": ""non-usability"", ""associated_component_theme"": [""CLI tooling"", ""Notification/Logging""], ""l1_theme"": [""Unexpected behavior""], ""l1_theme_secondary"": [""Functional Reliability""], ""nielsen_theme"": [], ""confidence"": 0.93}"
97,hashicorp/vault,31621,,HashiCorp Vault core,"Bug report: the framework.TypeKVPairs type in Vault does not parse multiple key/value pairs as documented. It splits only on the first '=' and treats the rest as a single value, so strings like ""A=a,B=b,C=c"" do not yield the expected map.",non-usability,,,,,0.86,"{""associated_component"": ""HashiCorp Vault core"", ""codes_primary"": ""Bug report: the framework.TypeKVPairs type in Vault does not parse multiple key/value pairs as documented. It splits only on the first '=' and treats the rest as a single value, so strings like \""A=a,B=b,C=c\"" do not yield the expected map."", ""usability_non_usability_type"": ""non-usability"", ""associated_component_theme"": [""Core""], ""l1_theme"": [""Unexpected behavior""], ""l1_theme_secondary"": [""Functional Reliability""], ""nielsen_theme"": [], ""confidence"": 0.86}"
98,notaryproject/notation,211,,"notaryproject/notation core, CLI tooling, Authentication/Authorization tools",User reports that notation 0.7.1-alpha.1 CLI cannot authenticate to a CNCF ORAS registry using basic auth (-u/-p) while the oras CLI works with the same credentials. Signing fails with a 401 Unauthorized error; maintainers trace this to an outdated oras-go dependency and update it.,non-usability,,,,,0.86,"{""associated_component"": ""notaryproject/notation core, CLI tooling, Authentication/Authorization tools"", ""codes_primary"": ""User reports that notation 0.7.1-alpha.1 CLI cannot authenticate to a CNCF ORAS registry using basic auth (-u/-p) while the oras CLI works with the same credentials. Signing fails with a 401 Unauthorized error; maintainers trace this to an outdated oras-go dependency and update it."", ""usability_non_usability_type"": ""non-usability"", ""associated_component_theme"": [""Core"", ""CLI tooling"", ""Authentication/Authorization tools""], ""l1_theme"": [""Unexpected behavior"", ""Authentication friction""], ""l1_theme_secondary"": [""Functional Reliability""], ""nielsen_theme"": [], ""confidence"": 0.86}"
99,notaryproject/notation,233,,"notation core, notation CLI","Internal task-style issue to design/specify and then implement a new `pull` CLI command for notation. No user problem, confusion, or bug is described; it appears to be roadmap/feature work tracking.",non-usability,,,,,0.86,"{""associated_component"": ""notation core, notation CLI"", ""codes_primary"": ""Internal task-style issue to design/specify and then implement a new `pull` CLI command for notation. No user problem, confusion, or bug is described; it appears to be roadmap/feature work tracking."", ""usability_non_usability_type"": ""non-usability"", ""associated_component_theme"": [""Core"", ""CLI tooling""], ""l1_theme"": [""Missing feature / enhancement request""], ""l1_theme_secondary"": [""Functional Gap""], ""nielsen_theme"": [], ""confidence"": 0.86}"
100,notaryproject/notation,320,,"notation CLI - sign, Key Management Core / Secrets Backend",User following Azure Container Registry signing tutorial with notation alpha.3 cannot sign images using self-signed certificates stored in Azure Key Vault; notation sign fails with x509 malformed certificate due to a certificate-chain requirement. Maintainers discuss relaxing chain validation to support this AKV use case.,usability,"CLI tooling, Signing workflow, Key Management Core / Secrets Backend","Missing feature / enhancement request, Integration failure/issues","Functional Gap, Operational Friction","7. Flexibility and efficiency of use, 10. Help and documentation",0.86,"{""associated_component"": ""notation CLI - sign, Key Management Core / Secrets Backend"", ""codes_primary"": ""User following Azure Container Registry signing tutorial with notation alpha.3 cannot sign images using self-signed certificates stored in Azure Key Vault; notation sign fails with x509 malformed certificate due to a certificate-chain requirement. Maintainers discuss relaxing chain validation to support this AKV use case."", ""usability_non_usability_type"": ""usability"", ""associated_component_theme"": [""CLI tooling"", ""Signing workflow"", ""Key Management Core / Secrets Backend""], ""l1_theme"": [""Missing feature / enhancement request"", ""Integration failure/issues""], ""l1_theme_secondary"": [""Functional Gap"", ""Operational Friction""], ""nielsen_theme"": [""7. Flexibility and efficiency of use"", ""10. Help and documentation""], ""confidence"": 0.86}"
101,notaryproject/notation,379,,"notation CLI - push, notation CLI - verify","Internal design/implementation issue referencing a PR about how push and verify should speculate signature format, especially when pushing local signature files. No user-facing problem, confusion, or bug is described; the implementation PR has been merged and the issue closed.",non-usability,,,,,0.86,"{""associated_component"": ""notation CLI - push, notation CLI - verify"", ""codes_primary"": ""Internal design/implementation issue referencing a PR about how push and verify should speculate signature format, especially when pushing local signature files. No user-facing problem, confusion, or bug is described; the implementation PR has been merged and the issue closed."", ""usability_non_usability_type"": ""non-usability"", ""associated_component_theme"": [""CLI tooling"", ""Signing workflow"", ""Verification workflow""], ""l1_theme"": [], ""l1_theme_secondary"": [], ""nielsen_theme"": [], ""confidence"": 0.86}"
102,notaryproject/notation,383,,"notation CLI - help text for sign, verify, key, certificate, plugin commands","Feature request to add clear, straightforward usage examples to the --help output for all main notation CLI commands and flags in Alpha.4, so users can easily understand typical usage patterns directly from command-line help.",usability,"CLI tooling, Signing workflow, Verification workflow, Key Management Core / Secrets Backend","Missing feature / enhancement request, User confusion / unclear documentation","Cognitive Friction, Functional Gap","6. Recognition rather than recall, 10. Help and documentation",0.9,"{""associated_component"": ""notation CLI - help text for sign, verify, key, certificate, plugin commands"", ""codes_primary"": ""Feature request to add clear, straightforward usage examples to the --help output for all main notation CLI commands and flags in Alpha.4, so users can easily understand typical usage patterns directly from command-line help."", ""usability_non_usability_type"": ""usability"", ""associated_component_theme"": [""CLI tooling"", ""Signing workflow"", ""Verification workflow"", ""Key Management Core / Secrets Backend""], ""l1_theme"": [""Missing feature / enhancement request"", ""User confusion / unclear documentation""], ""l1_theme_secondary"": [""Cognitive Friction"", ""Functional Gap""], ""nielsen_theme"": [""6. Recognition rather than recall"", ""10. Help and documentation""], ""confidence"": 0.9}"
103,notaryproject/notation,547,,"notation - CLI, Verification workflow, Policy/configuration","User reports that the JSON output of `notation verify` includes a `SkippedByTrustPolicy` result status that is undocumented, so developers are unaware of this value beyond `Success`. They request documentation of all result status enums for the verify JSON output.",usability,"CLI tooling, Verification workflow, Policy/configuration","Missing feature / enhancement request, User confusion / unclear documentation","Cognitive Friction, Functional Gap","6. Recognition rather than recall, '9. Help users recognize, diagnose, and recover from errors', 10. Help and documentation",0.9,"{""associated_component"": ""notation - CLI, Verification workflow, Policy/configuration"", ""codes_primary"": ""User reports that the JSON output of `notation verify` includes a `SkippedByTrustPolicy` result status that is undocumented, so developers are unaware of this value beyond `Success`. They request documentation of all result status enums for the verify JSON output."", ""usability_non_usability_type"": ""usability"", ""associated_component_theme"": [""CLI tooling"", ""Verification workflow"", ""Policy/configuration""], ""l1_theme"": [""Missing feature / enhancement request"", ""User confusion / unclear documentation""], ""l1_theme_secondary"": [""Cognitive Friction"", ""Functional Gap""], ""nielsen_theme"": [""6. Recognition rather than recall"", ""9. Help users recognize, diagnose, and recover from errors"", ""10. Help and documentation""], ""confidence"": 0.9}"
104,notaryproject/notation,574,,Notation CLI,"Feature request to change Notation CLI’s default signature storage from artifact manifests to image manifests. Current default causes portability and broken UX when copying signatures to registries lacking artifact manifest support, and requires users to understand registry manifest-type capabilities.",usability,"CLI tooling, Signing workflow",Missing feature / enhancement request,Functional Gap,"4. Consistency and standards, 5. Error prevention, 7. Flexibility and efficiency of use",0.9,"{""associated_component"": ""Notation CLI"", ""codes_primary"": ""Feature request to change Notation CLI’s default signature storage from artifact manifests to image manifests. Current default causes portability and broken UX when copying signatures to registries lacking artifact manifest support, and requires users to understand registry manifest-type capabilities."", ""usability_non_usability_type"": ""usability"", ""associated_component_theme"": [""CLI tooling"", ""Signing workflow""], ""l1_theme"": [""Missing feature / enhancement request""], ""l1_theme_secondary"": [""Functional Gap""], ""nielsen_theme"": [""4. Consistency and standards"", ""5. Error prevention"", ""7. Flexibility and efficiency of use""], ""confidence"": 0.9}"
105,notaryproject/notation,655,,"notation - CLI, core","Feature request to integrate notation natively into containerd as a plugin, enabling closer-to-runtime image integrity verification. User notes nerdctl already integrates with notation and wants similar first-class support directly in containerd.",usability,"CLI tooling, Core, Signing workflow, Verification workflow","Missing feature / enhancement request, Integration failure/issues","Functional Gap, Operational Friction",7. Flexibility and efficiency of use,0.86,"{""associated_component"": ""notation - CLI, core"", ""codes_primary"": ""Feature request to integrate notation natively into containerd as a plugin, enabling closer-to-runtime image integrity verification. User notes nerdctl already integrates with notation and wants similar first-class support directly in containerd."", ""usability_non_usability_type"": ""usability"", ""associated_component_theme"": [""CLI tooling"", ""Core"", ""Signing workflow"", ""Verification workflow""], ""l1_theme"": [""Missing feature / enhancement request"", ""Integration failure/issues""], ""l1_theme_secondary"": [""Functional Gap"", ""Operational Friction""], ""nielsen_theme"": [""7. Flexibility and efficiency of use""], ""confidence"": 0.86}"
106,notaryproject/notation,659,,"Notation CLI - Signing workflow, Verification workflow, Policy/configuration, API",Internal stakeholders request gating OCI Referrer API support in notation sign/verify and related commands behind an experimental flag and dedicated CLI option. Goal is to avoid inconsistent behavior and potential portability/breaking changes as registries adopt the evolving OCI 1.1 referrers API.,usability,"CLI tooling, Signing workflow, Verification workflow, Policy/configuration, API",Missing feature / enhancement request,Functional Gap,"4. Consistency and standards, 5. Error prevention, 7. Flexibility and efficiency of use",0.86,"{""associated_component"": ""Notation CLI - Signing workflow, Verification workflow, Policy/configuration, API"", ""codes_primary"": ""Internal stakeholders request gating OCI Referrer API support in notation sign/verify and related commands behind an experimental flag and dedicated CLI option. Goal is to avoid inconsistent behavior and potential portability/breaking changes as registries adopt the evolving OCI 1.1 referrers API."", ""usability_non_usability_type"": ""usability"", ""associated_component_theme"": [""CLI tooling"", ""Signing workflow"", ""Verification workflow"", ""Policy/configuration"", ""API""], ""l1_theme"": [""Missing feature / enhancement request""], ""l1_theme_secondary"": [""Functional Gap""], ""nielsen_theme"": [""4. Consistency and standards"", ""5. Error prevention"", ""7. Flexibility and efficiency of use""], ""confidence"": 0.86}"
107,notaryproject/notation,671,,notation core,"Internal maintainer tracking issue to collect approvals and document the changelog for tagging commit d850c3f as release v1.0.0-rc.5. No user-facing problem, question, or feature request is described; it is purely a release approval process.",non-usability,,,,,0.97,"{""associated_component"": ""notation core"", ""codes_primary"": ""Internal maintainer tracking issue to collect approvals and document the changelog for tagging commit d850c3f as release v1.0.0-rc.5. No user-facing problem, question, or feature request is described; it is purely a release approval process."", ""usability_non_usability_type"": ""non-usability"", ""associated_component_theme"": [""Release pipeline""], ""l1_theme"": [], ""l1_theme_secondary"": [], ""nielsen_theme"": [], ""confidence"": 0.97}"
108,notaryproject/notation,829,,"notation CLI - sign, Notification/Logging","Feature request to improve the notation sign failure message when a certificate is not valid at signing time. User wants the error to include the certificate’s validity period and clearer info about which default certificate/key is used, to avoid extra commands and confusion, especially for beginners.",usability,"CLI tooling, Signing workflow, Notification/Logging","Missing feature / enhancement request, Notification/Logging /Web UI Issues, Tedious Workflows","Functional Gap, Cognitive Friction, Operational Friction","7. Flexibility and efficiency of use, '9. Help users recognize, diagnose, and recover from errors', 6. Recognition rather than recall",0.9,"{""associated_component"": ""notation CLI - sign, Notification/Logging"", ""codes_primary"": ""Feature request to improve the notation sign failure message when a certificate is not valid at signing time. User wants the error to include the certificate’s validity period and clearer info about which default certificate/key is used, to avoid extra commands and confusion, especially for beginners."", ""usability_non_usability_type"": ""usability"", ""associated_component_theme"": [""CLI tooling"", ""Signing workflow"", ""Notification/Logging""], ""l1_theme"": [""Missing feature / enhancement request"", ""Notification/Logging /Web UI Issues"", ""Tedious Workflows""], ""l1_theme_secondary"": [""Functional Gap"", ""Cognitive Friction"", ""Operational Friction""], ""nielsen_theme"": [""7. Flexibility and efficiency of use"", ""9. Help users recognize, diagnose, and recover from errors"", ""6. Recognition rather than recall""], ""confidence"": 0.9}"
109,notaryproject/notation,851,,notation core,"Internal tracking issue for a code review concern: current logic mutates http.DefaultClient.Transport globally when authClient.Client is nil, which is considered unsafe and should be avoided. No user-facing symptoms described yet; applies to current main branch.",non-usability,,,,,0.79,"{""associated_component"": ""notation core"", ""codes_primary"": ""Internal tracking issue for a code review concern: current logic mutates http.DefaultClient.Transport globally when authClient.Client is nil, which is considered unsafe and should be avoided. No user-facing symptoms described yet; applies to current main branch."", ""usability_non_usability_type"": ""non-usability"", ""associated_component_theme"": [""Core""], ""l1_theme"": [""Unexpected behavior""], ""l1_theme_secondary"": [""Functional Reliability""], ""nielsen_theme"": [], ""confidence"": 0.79}"
110,notaryproject/notation,880,,notation core,"Internal planning/tracking issue proposing the Notation v1.2.0 release, listing target dates, major features (including OCI 1.1 support, signing blobs, time-stamping), and related specification updates and security audit. No user-facing problem, confusion, or bug is described.",non-usability,,,,,0.93,"{""associated_component"": ""notation core"", ""codes_primary"": ""Internal planning/tracking issue proposing the Notation v1.2.0 release, listing target dates, major features (including OCI 1.1 support, signing blobs, time-stamping), and related specification updates and security audit. No user-facing problem, confusion, or bug is described."", ""usability_non_usability_type"": ""non-usability"", ""associated_component_theme"": [""Release pipeline""], ""l1_theme"": [], ""l1_theme_secondary"": [], ""nielsen_theme"": [], ""confidence"": 0.93}"
111,notaryproject/notation,1012,,notation Core,Internal maintenance request noting that blob sign/verify content was not removed from the v1.1.1 specification files and asking for a PR against the release-1.1 branch to correct the spec. No user-facing problem or confusion is described.,non-usability,,,,,0.86,"{""associated_component"": ""notation Core"", ""codes_primary"": ""Internal maintenance request noting that blob sign/verify content was not removed from the v1.1.1 specification files and asking for a PR against the release-1.1 branch to correct the spec. No user-facing problem or confusion is described."", ""usability_non_usability_type"": ""non-usability"", ""associated_component_theme"": [""Core""], ""l1_theme"": [""Missing feature / enhancement request""], ""l1_theme_secondary"": [""Functional Gap""], ""nielsen_theme"": [], ""confidence"": 0.86}"
112,notaryproject/notation,1239,,notation Core,"User asks whether notation should automatically delete now-empty trust store directories after a certificate is removed, to avoid accumulation of empty folders. This is a clarification question that also implies a potential cleanup/UX enhancement for certificate/trust store management.",usability,"Core, Key Management Core / Secrets Backend","Missing feature / enhancement request, User confusion / unclear documentation","Operational Friction, Cognitive Friction, Functional Gap","7. Flexibility and efficiency of use, 8. Aesthetic and minimalist design, 10. Help and documentation",0.78,"{""associated_component"": ""notation Core"", ""codes_primary"": ""User asks whether notation should automatically delete now-empty trust store directories after a certificate is removed, to avoid accumulation of empty folders. This is a clarification question that also implies a potential cleanup/UX enhancement for certificate/trust store management."", ""usability_non_usability_type"": ""usability"", ""associated_component_theme"": [""Core"", ""Key Management Core / Secrets Backend""], ""l1_theme"": [""Missing feature / enhancement request"", ""User confusion / unclear documentation""], ""l1_theme_secondary"": [""Operational Friction"", ""Cognitive Friction"", ""Functional Gap""], ""nielsen_theme"": [""7. Flexibility and efficiency of use"", ""8. Aesthetic and minimalist design"", ""10. Help and documentation""], ""confidence"": 0.78}"
113,openpubkey/openpubkey,4,,"OpenPubKey core, API","Feature request: OpkClient currently only supports Google as the OIDC provider. Reporter wants the client to be pluggable so other OIDC providers can be implemented and used, improving flexibility of authentication provider choice.",usability,"Authentication/Authorization tools, API, Core",Missing feature / enhancement request,Functional Gap,7. Flexibility and efficiency of use,0.86,"{""associated_component"": ""OpenPubKey core, API"", ""codes_primary"": ""Feature request: OpkClient currently only supports Google as the OIDC provider. Reporter wants the client to be pluggable so other OIDC providers can be implemented and used, improving flexibility of authentication provider choice."", ""usability_non_usability_type"": ""usability"", ""associated_component_theme"": [""Authentication/Authorization tools"", ""API"", ""Core""], ""l1_theme"": [""Missing feature / enhancement request""], ""l1_theme_secondary"": [""Functional Gap""], ""nielsen_theme"": [""7. Flexibility and efficiency of use""], ""confidence"": 0.86}"
114,openpubkey/openpubkey,61,,OpenPubKey core,"Reporter notes OIDC JWKS `kid` is not reliably unique yet OPK needs a stable way to identify the OP public key. They propose hashing the OP public key into the OPK header and ask for design ideas, leading to discussion of using JWK thumbprints (jkt) and where to store them.",usability,Core,Missing feature / enhancement request,Functional Gap,"4. Consistency and standards, 7. Flexibility and efficiency of use",0.86,"{""associated_component"": ""OpenPubKey core"", ""codes_primary"": ""Reporter notes OIDC JWKS `kid` is not reliably unique yet OPK needs a stable way to identify the OP public key. They propose hashing the OP public key into the OPK header and ask for design ideas, leading to discussion of using JWK thumbprints (jkt) and where to store them."", ""usability_non_usability_type"": ""usability"", ""associated_component_theme"": [""Core""], ""l1_theme"": [""Missing feature / enhancement request""], ""l1_theme_secondary"": [""Functional Gap""], ""nielsen_theme"": [""4. Consistency and standards"", ""7. Flexibility and efficiency of use""], ""confidence"": 0.86}"
115,openpubkey/openpubkey,100,,OpenPubKey Core,"Design/feature proposal to support generating and verifying OpenPubKey PK Tokens with GitLab, where workloads cannot set the aud claim. Describes a GitLab-specific GQ-signature-based scheme, security considerations, and an optional cosigner mechanism. Comment notes GitLab support was merged largely following this design.",non-usability,,,,,0.86,"{""associated_component"": ""OpenPubKey Core"", ""codes_primary"": ""Design/feature proposal to support generating and verifying OpenPubKey PK Tokens with GitLab, where workloads cannot set the aud claim. Describes a GitLab-specific GQ-signature-based scheme, security considerations, and an optional cosigner mechanism. Comment notes GitLab support was merged largely following this design."", ""usability_non_usability_type"": ""non-usability"", ""associated_component_theme"": [""Core"", ""Build/CI""], ""l1_theme"": [""Missing feature / enhancement request"", ""Security concerns""], ""l1_theme_secondary"": [""Functional Gap""], ""nielsen_theme"": [], ""confidence"": 0.86}"
116,openpubkey/openpubkey,137,,OpenPubKey core,"Reporter notes that VerifierProvider currently relies on the ID token’s protected header to find the OP public key via kid, but some OPs omit kid. Requests support for looking up the key using JKT from the unprotected header instead. Issue later marked fixed by PR #132.",non-usability,,,,,0.86,"{""associated_component"": ""OpenPubKey core"", ""codes_primary"": ""Reporter notes that VerifierProvider currently relies on the ID token’s protected header to find the OP public key via kid, but some OPs omit kid. Requests support for looking up the key using JKT from the unprotected header instead. Issue later marked fixed by PR #132."", ""usability_non_usability_type"": ""non-usability"", ""associated_component_theme"": [""Verification workflow"", ""Core""], ""l1_theme"": [""Missing feature / enhancement request""], ""l1_theme_secondary"": [""Functional Gap""], ""nielsen_theme"": [], ""confidence"": 0.86}"
117,openpubkey/openpubkey,157,,"OpenPubKey core, CLI tooling, Authentication/Authorization tools","Developer is experimenting with integrating OpenPubKey’s Go example client with an RSA SecurID OpenID Provider. After successful user authentication, the token exchange fails with an oauth2 ""invalid_grant"" error, indicating an issue in the authorization code grant flow or its compatibility.",non-usability,,,,,0.79,"{""associated_component"": ""OpenPubKey core, CLI tooling, Authentication/Authorization tools"", ""codes_primary"": ""Developer is experimenting with integrating OpenPubKey’s Go example client with an RSA SecurID OpenID Provider. After successful user authentication, the token exchange fails with an oauth2 \""invalid_grant\"" error, indicating an issue in the authorization code grant flow or its compatibility."", ""usability_non_usability_type"": ""non-usability"", ""associated_component_theme"": [""Core"", ""CLI tooling"", ""Authentication/Authorization tools""], ""l1_theme"": [""Integration failure/issues"", ""Unexpected behavior"", ""Authentication friction""], ""l1_theme_secondary"": [""Functional Reliability""], ""nielsen_theme"": [], ""confidence"": 0.79}"
118,openpubkey/openpubkey,226,,OpenPubKey core,"Internal enhancement request to replace channel-based browser window sharing and redirect handling with a singleton manager interface. Goal is to simplify redirect logic, manage a shared localhost webserver lifecycle, and make unit tests easier by enabling mocking.",non-usability,,,,,0.86,"{""associated_component"": ""OpenPubKey core"", ""codes_primary"": ""Internal enhancement request to replace channel-based browser window sharing and redirect handling with a singleton manager interface. Goal is to simplify redirect logic, manage a shared localhost webserver lifecycle, and make unit tests easier by enabling mocking."", ""usability_non_usability_type"": ""non-usability"", ""associated_component_theme"": [""Core""], ""l1_theme"": [""Missing feature / enhancement request""], ""l1_theme_secondary"": [""Operational Friction""], ""nielsen_theme"": [], ""confidence"": 0.86}"
119,openpubkey/openpubkey,254,,"OpenPubKey core, CLI","User reports that the opkssh CLI command assumes a systemd-based Linux environment (e.g., using sudo systemctl restart ssh), which breaks on non-systemd or non-Linux systems. They request clearer documentation of supported/tested OS and application matrices for both client and server.",usability,"CLI tooling, Core","Missing feature / enhancement request, User confusion / unclear documentation","Operational Friction, Functional Gap","4. Consistency and standards, 7. Flexibility and efficiency of use, 10. Help and documentation",0.86,"{""associated_component"": ""OpenPubKey core, CLI"", ""codes_primary"": ""User reports that the opkssh CLI command assumes a systemd-based Linux environment (e.g., using sudo systemctl restart ssh), which breaks on non-systemd or non-Linux systems. They request clearer documentation of supported/tested OS and application matrices for both client and server."", ""usability_non_usability_type"": ""usability"", ""associated_component_theme"": [""CLI tooling"", ""Core""], ""l1_theme"": [""Missing feature / enhancement request"", ""User confusion / unclear documentation""], ""l1_theme_secondary"": [""Operational Friction"", ""Functional Gap""], ""nielsen_theme"": [""4. Consistency and standards"", ""7. Flexibility and efficiency of use"", ""10. Help and documentation""], ""confidence"": 0.86}"
120,sigstore/cosign,1048,,"cosign CLI - verify-blob, cosign CLI - verify (OCI images)","User requests a machine-readable JSON output mode for cosign verification commands, exposing certificate fields like Issuer and URI plus tlog details. This would let automated workflows (e.g., Linux package maintainers) programmatically validate provenance and detect tampered artifacts.",usability,"CLI tooling, Verification workflow",Missing feature / enhancement request,Functional Gap,7. Flexibility and efficiency of use,0.9,"{""associated_component"": ""cosign CLI - verify-blob, cosign CLI - verify (OCI images)"", ""codes_primary"": ""User requests a machine-readable JSON output mode for cosign verification commands, exposing certificate fields like Issuer and URI plus tlog details. This would let automated workflows (e.g., Linux package maintainers) programmatically validate provenance and detect tampered artifacts."", ""usability_non_usability_type"": ""usability"", ""associated_component_theme"": [""CLI tooling"", ""Verification workflow""], ""l1_theme"": [""Missing feature / enhancement request""], ""l1_theme_secondary"": [""Functional Gap""], ""nielsen_theme"": [""7. Flexibility and efficiency of use""], ""confidence"": 0.9}"
121,sigstore/cosign,1215,,cosign core,"User requests an enhancement so cosign can work with unencrypted signing keys stored in HashiCorp Vault, managed by their CI pipeline, instead of handling encrypted keys and passwords. They want the signing agent to pull the key from Vault as needed, likely via a KMS-style integration.",usability,"Key Management Core / Secrets Backend, Build/CI","Missing feature / enhancement request, Integration failure/issues","Functional Gap, Operational Friction",7. Flexibility and efficiency of use,0.86,"{""associated_component"": ""cosign core"", ""codes_primary"": ""User requests an enhancement so cosign can work with unencrypted signing keys stored in HashiCorp Vault, managed by their CI pipeline, instead of handling encrypted keys and passwords. They want the signing agent to pull the key from Vault as needed, likely via a KMS-style integration."", ""usability_non_usability_type"": ""usability"", ""associated_component_theme"": [""Key Management Core / Secrets Backend"", ""Build/CI""], ""l1_theme"": [""Missing feature / enhancement request"", ""Integration failure/issues""], ""l1_theme_secondary"": [""Functional Gap"", ""Operational Friction""], ""nielsen_theme"": [""7. Flexibility and efficiency of use""], ""confidence"": 0.86}"
122,sigstore/cosign,1288,,"cosign core, CLI","Feature request to add an on-disk configuration file (e.g., ~/.sigstore/config.yaml) so users can persist flags that remain constant across cosign invocations, potentially integrated with `cosign initialize`, and to support BYO TUF roots without falling back to embedded/hosted defaults.",usability,"CLI tooling, Policy/configuration, Core","Missing feature / enhancement request, Tedious Workflows","Operational Friction, Functional Gap","6. Recognition rather than recall, 7. Flexibility and efficiency of use",0.86,"{""associated_component"": ""cosign core, CLI"", ""codes_primary"": ""Feature request to add an on-disk configuration file (e.g., ~/.sigstore/config.yaml) so users can persist flags that remain constant across cosign invocations, potentially integrated with `cosign initialize`, and to support BYO TUF roots without falling back to embedded/hosted defaults."", ""usability_non_usability_type"": ""usability"", ""associated_component_theme"": [""CLI tooling"", ""Policy/configuration"", ""Core""], ""l1_theme"": [""Missing feature / enhancement request"", ""Tedious Workflows""], ""l1_theme_secondary"": [""Operational Friction"", ""Functional Gap""], ""nielsen_theme"": [""6. Recognition rather than recall"", ""7. Flexibility and efficiency of use""], ""confidence"": 0.86}"
123,sigstore/cosign,1321,,"cosign core, cosign CLI","Feature request: user wants cosign CLI to verify DSSE envelope attestations (as produced by Tekton Chains taskrun annotations) directly from a file using a key, similar to existing OCI attestation verification. They implemented a small custom CLI using internal cosign verification functions.",usability,"CLI tooling, Verification workflow, Core",Missing feature / enhancement request,Functional Gap,7. Flexibility and efficiency of use,0.86,"{""associated_component"": ""cosign core, cosign CLI"", ""codes_primary"": ""Feature request: user wants cosign CLI to verify DSSE envelope attestations (as produced by Tekton Chains taskrun annotations) directly from a file using a key, similar to existing OCI attestation verification. They implemented a small custom CLI using internal cosign verification functions."", ""usability_non_usability_type"": ""usability"", ""associated_component_theme"": [""CLI tooling"", ""Verification workflow"", ""Core""], ""l1_theme"": [""Missing feature / enhancement request""], ""l1_theme_secondary"": [""Functional Gap""], ""nielsen_theme"": [""7. Flexibility and efficiency of use""], ""confidence"": 0.86}"
124,sigstore/cosign,1323,,cosign core,"Internal tracking issue linking to a GitHub code-scanning security alert for the cosign repository. No user-facing problem, question, or feature request is described; it is purely a reference to an automated security finding.",non-usability,,,,,0.86,"{""associated_component"": ""cosign core"", ""codes_primary"": ""Internal tracking issue linking to a GitHub code-scanning security alert for the cosign repository. No user-facing problem, question, or feature request is described; it is purely a reference to an automated security finding."", ""usability_non_usability_type"": ""non-usability"", ""associated_component_theme"": [""Core""], ""l1_theme"": [""Security concerns""], ""l1_theme_secondary"": [""Functional Reliability""], ""nielsen_theme"": [], ""confidence"": 0.86}"
125,sigstore/cosign,1385,,cosign core,"Internal maintenance task to improve cosign’s automated test coverage. Proposes more thorough unit and integration tests, reorganizing existing e2e tests, and adding coverage for an OIDC flow and a specific GHSA security advisory case.",non-usability,,,,,0.86,"{""associated_component"": ""cosign core"", ""codes_primary"": ""Internal maintenance task to improve cosign’s automated test coverage. Proposes more thorough unit and integration tests, reorganizing existing e2e tests, and adding coverage for an OIDC flow and a specific GHSA security advisory case."", ""usability_non_usability_type"": ""non-usability"", ""associated_component_theme"": [""Core""], ""l1_theme"": [""Security concerns""], ""l1_theme_secondary"": [""Functional Reliability""], ""nielsen_theme"": [], ""confidence"": 0.86}"
126,sigstore/cosign,1443,,cosign core,"User asks whether cosign can replace Windows SignTool.exe for signing Windows binaries using password-protected .pfx certificates and seeks command-line examples. Commenters echo the need and clarify that full replacement depends on Microsoft acceptance, implying current capability/interop gap and unclear guidance.",usability,"Core, Signing workflow","Missing feature / enhancement request, User confusion / unclear documentation","Functional Gap, Cognitive Friction","7. Flexibility and efficiency of use, 10. Help and documentation",0.8,"{""associated_component"": ""cosign core"", ""codes_primary"": ""User asks whether cosign can replace Windows SignTool.exe for signing Windows binaries using password-protected .pfx certificates and seeks command-line examples. Commenters echo the need and clarify that full replacement depends on Microsoft acceptance, implying current capability/interop gap and unclear guidance."", ""usability_non_usability_type"": ""usability"", ""associated_component_theme"": [""Core"", ""Signing workflow""], ""l1_theme"": [""Missing feature / enhancement request"", ""User confusion / unclear documentation""], ""l1_theme_secondary"": [""Functional Gap"", ""Cognitive Friction""], ""nielsen_theme"": [""7. Flexibility and efficiency of use"", ""10. Help and documentation""], ""confidence"": 0.8}"
127,sigstore/cosign,1554,,"cosign core, CLI tooling, Signing workflow, Verification workflow, API","Feature request to support providing full certificate chains when signing and verifying with local PEM, PKCS#11, or KMS keys, including a new --chain flag and better handling of concatenated certs. Also notes a bug where --cert is ignored for PKCS#11 and a crash when verify uses a root bundle.",usability,"CLI tooling, Signing workflow, Verification workflow, Core, API","Missing feature / enhancement request, Unexpected behavior","Functional Gap, Functional Reliability",7. Flexibility and efficiency of use,0.86,"{""associated_component"": ""cosign core, CLI tooling, Signing workflow, Verification workflow, API"", ""codes_primary"": ""Feature request to support providing full certificate chains when signing and verifying with local PEM, PKCS#11, or KMS keys, including a new --chain flag and better handling of concatenated certs. Also notes a bug where --cert is ignored for PKCS#11 and a crash when verify uses a root bundle."", ""usability_non_usability_type"": ""usability"", ""associated_component_theme"": [""CLI tooling"", ""Signing workflow"", ""Verification workflow"", ""Core"", ""API""], ""l1_theme"": [""Missing feature / enhancement request"", ""Unexpected behavior""], ""l1_theme_secondary"": [""Functional Gap"", ""Functional Reliability""], ""nielsen_theme"": [""7. Flexibility and efficiency of use""], ""confidence"": 0.86}"
128,sigstore/cosign,1642,,cosign core,"Internal tracking issue noting that, after introducing clusterimagepolicy authority keys, errors are currently only logged as warnings to avoid breaking behavior. Proposes changing this to fail and propagate errors once migration to clusterimagepolicy is complete. Later comment notes this is now implemented.",non-usability,,,,,0.86,"{""associated_component"": ""cosign core"", ""codes_primary"": ""Internal tracking issue noting that, after introducing clusterimagepolicy authority keys, errors are currently only logged as warnings to avoid breaking behavior. Proposes changing this to fail and propagate errors once migration to clusterimagepolicy is complete. Later comment notes this is now implemented."", ""usability_non_usability_type"": ""non-usability"", ""associated_component_theme"": [""Core"", ""Policy/configuration""], ""l1_theme"": [""Missing feature / enhancement request""], ""l1_theme_secondary"": [""Functional Gap""], ""nielsen_theme"": [], ""confidence"": 0.86}"
129,sigstore/cosign,1653,,"cosign - Policy/configuration, Verification workflow","User asks how cosign’s Kubernetes admission webhook and ClusterImagePolicy handle pods with multiple images from different registries, including unsigned third-party/sidecar images they cannot control. They want to know if and how all images can be deployed, and whether some images can skip or alter validation behavior.",usability,"Policy/configuration, Verification workflow","User confusion / unclear documentation, Missing feature / enhancement request","Cognitive Friction, Functional Gap","7. Flexibility and efficiency of use, 10. Help and documentation",0.86,"{""associated_component"": ""cosign - Policy/configuration, Verification workflow"", ""codes_primary"": ""User asks how cosign’s Kubernetes admission webhook and ClusterImagePolicy handle pods with multiple images from different registries, including unsigned third-party/sidecar images they cannot control. They want to know if and how all images can be deployed, and whether some images can skip or alter validation behavior."", ""usability_non_usability_type"": ""usability"", ""associated_component_theme"": [""Policy/configuration"", ""Verification workflow""], ""l1_theme"": [""User confusion / unclear documentation"", ""Missing feature / enhancement request""], ""l1_theme_secondary"": [""Cognitive Friction"", ""Functional Gap""], ""nielsen_theme"": [""7. Flexibility and efficiency of use"", ""10. Help and documentation""], ""confidence"": 0.86}"
130,sigstore/cosign,1655,,"cosign - Verification workflow, Policy/configuration","Feature request for cosigned to support specifying ImagePullSecrets (signaturePullSecrets) in ClusterImagePolicies so verification can access signatures stored in a different repository than the image, addressing current friction with private registries and admission webhook authorization failures.",usability,"Verification workflow, Policy/configuration","Missing feature / enhancement request, Authentication friction, Configuration friction, Integration failure/issues","Functional Gap, Operational Friction","7. Flexibility and efficiency of use, 5. Error prevention, 10. Help and documentation",0.8,"{""associated_component"": ""cosign - Verification workflow, Policy/configuration"", ""codes_primary"": ""Feature request for cosigned to support specifying ImagePullSecrets (signaturePullSecrets) in ClusterImagePolicies so verification can access signatures stored in a different repository than the image, addressing current friction with private registries and admission webhook authorization failures."", ""usability_non_usability_type"": ""usability"", ""associated_component_theme"": [""Verification workflow"", ""Policy/configuration""], ""l1_theme"": [""Missing feature / enhancement request"", ""Authentication friction"", ""Configuration friction"", ""Integration failure/issues""], ""l1_theme_secondary"": [""Functional Gap"", ""Operational Friction""], ""nielsen_theme"": [""7. Flexibility and efficiency of use"", ""5. Error prevention"", ""10. Help and documentation""], ""confidence"": 0.8}"
131,sigstore/cosign,1847,,"cosign CLI - sign-blob, verify-blob",User reports inconsistent and confusing flag names between cosign sign-blob and verify-blob (output-certificate vs cert/certificate). They request making --*-certificate the canonical flag and supporting unambiguous prefixes or aliases to align with common GNU CLI behavior.,usability,"CLI tooling, Signing workflow, Verification workflow",Missing feature / enhancement request,"Cognitive Friction, Functional Gap","4. Consistency and standards, 6. Recognition rather than recall",0.9,"{""associated_component"": ""cosign CLI - sign-blob, verify-blob"", ""codes_primary"": ""User reports inconsistent and confusing flag names between cosign sign-blob and verify-blob (output-certificate vs cert/certificate). They request making --*-certificate the canonical flag and supporting unambiguous prefixes or aliases to align with common GNU CLI behavior."", ""usability_non_usability_type"": ""usability"", ""associated_component_theme"": [""CLI tooling"", ""Signing workflow"", ""Verification workflow""], ""l1_theme"": [""Missing feature / enhancement request""], ""l1_theme_secondary"": [""Cognitive Friction"", ""Functional Gap""], ""nielsen_theme"": [""4. Consistency and standards"", ""6. Recognition rather than recall""], ""confidence"": 0.9}"
132,sigstore/cosign,1853,,"cosign core, Build/CI","User reports that building cosign via the Makefile (including piv-tool support) fails with Go build errors related to malformed module path and syntax, while a manual go build from cmd/cosign with tags works as a workaround. Issue appears environment- or Makefile-specific.",non-usability,,,,,0.86,"{""associated_component"": ""cosign core, Build/CI"", ""codes_primary"": ""User reports that building cosign via the Makefile (including piv-tool support) fails with Go build errors related to malformed module path and syntax, while a manual go build from cmd/cosign with tags works as a workaround. Issue appears environment- or Makefile-specific."", ""usability_non_usability_type"": ""non-usability"", ""associated_component_theme"": [""Build/CI""], ""l1_theme"": [""Build/CI/installation/distribution release issues""], ""l1_theme_secondary"": [""Functional Reliability""], ""nielsen_theme"": [], ""confidence"": 0.86}"
133,sigstore/cosign,1994,,"cosign core, cosign CLI","User reports cosign signing and signature attachment failing against an in-house JFrog Artifactory registry with MANIFEST_INVALID errors, while Docker manifest inspect works. Maintainer suggests legacy media types env var; setting COSIGN_DOCKER_MEDIA_TYPES=1 resolves the issue.",usability,"CLI tooling, Signing workflow, Core","Unexpected behavior, Configuration friction, Integration failure/issues","Functional Reliability, Operational Friction","7. Flexibility and efficiency of use, '9. Help users recognize, diagnose, and recover from errors', 10. Help and documentation",0.86,"{""associated_component"": ""cosign core, cosign CLI"", ""codes_primary"": ""User reports cosign signing and signature attachment failing against an in-house JFrog Artifactory registry with MANIFEST_INVALID errors, while Docker manifest inspect works. Maintainer suggests legacy media types env var; setting COSIGN_DOCKER_MEDIA_TYPES=1 resolves the issue."", ""usability_non_usability_type"": ""usability"", ""associated_component_theme"": [""CLI tooling"", ""Signing workflow"", ""Core""], ""l1_theme"": [""Unexpected behavior"", ""Configuration friction"", ""Integration failure/issues""], ""l1_theme_secondary"": [""Functional Reliability"", ""Operational Friction""], ""nielsen_theme"": [""7. Flexibility and efficiency of use"", ""9. Help users recognize, diagnose, and recover from errors"", ""10. Help and documentation""], ""confidence"": 0.86}"
134,sigstore/cosign,2053,,"cosign CLI - --k8s-keychain flag, documentation","Enhancement request to rename or better document the --k8s-keychain flag, which is seen as a misnomer. Reporter notes it actually enables multiple cloud/workload identity auth helpers beyond Kubernetes-specific ones and suggests a clearer name or improved docs.",usability,"CLI tooling, Authentication/Authorization tools","Missing feature / enhancement request, User confusion / unclear documentation","Cognitive Friction, Functional Gap","2. Match between system and the real world, 10. Help and documentation, 4. Consistency and standards",0.9,"{""associated_component"": ""cosign CLI - --k8s-keychain flag, documentation"", ""codes_primary"": ""Enhancement request to rename or better document the --k8s-keychain flag, which is seen as a misnomer. Reporter notes it actually enables multiple cloud/workload identity auth helpers beyond Kubernetes-specific ones and suggests a clearer name or improved docs."", ""usability_non_usability_type"": ""usability"", ""associated_component_theme"": [""CLI tooling"", ""Authentication/Authorization tools""], ""l1_theme"": [""Missing feature / enhancement request"", ""User confusion / unclear documentation""], ""l1_theme_secondary"": [""Cognitive Friction"", ""Functional Gap""], ""nielsen_theme"": [""2. Match between system and the real world"", ""10. Help and documentation"", ""4. Consistency and standards""], ""confidence"": 0.9}"
135,sigstore/cosign,2068,,cosign core,"Reporter finds that the Go module for cosign v1.9.0 yields different checksums depending on GOPROXY/environment, causing go.sum checksum mismatch and security warnings. They provide a reproducible script and note the tag appears to have moved, impacting portability.",non-usability,,,,,0.9,"{""associated_component"": ""cosign core"", ""codes_primary"": ""Reporter finds that the Go module for cosign v1.9.0 yields different checksums depending on GOPROXY/environment, causing go.sum checksum mismatch and security warnings. They provide a reproducible script and note the tag appears to have moved, impacting portability."", ""usability_non_usability_type"": ""non-usability"", ""associated_component_theme"": [""Core""], ""l1_theme"": [""Build/CI/installation/distribution release issues"", ""Unexpected behavior""], ""l1_theme_secondary"": [""Functional Reliability""], ""nielsen_theme"": [], ""confidence"": 0.9}"
136,sigstore/cosign,2097,,cosign - CLI sign-blob,"Feature request to refactor the `sign-blob` command so it does not read entire files into memory before signing, instead streaming and hashing to reduce memory usage and better handle large blobs on build agents.",usability,"CLI tooling, Signing workflow","Missing feature / enhancement request, Performance issue","Operational Friction, Functional Gap",7. Flexibility and efficiency of use,0.9,"{""associated_component"": ""cosign - CLI sign-blob"", ""codes_primary"": ""Feature request to refactor the `sign-blob` command so it does not read entire files into memory before signing, instead streaming and hashing to reduce memory usage and better handle large blobs on build agents."", ""usability_non_usability_type"": ""usability"", ""associated_component_theme"": [""CLI tooling"", ""Signing workflow""], ""l1_theme"": [""Missing feature / enhancement request"", ""Performance issue""], ""l1_theme_secondary"": [""Operational Friction"", ""Functional Gap""], ""nielsen_theme"": [""7. Flexibility and efficiency of use""], ""confidence"": 0.9}"
137,sigstore/cosign,2382,,"cosign - Signing workflow, Verification workflow, CLI tooling","Internal feature request proposing stricter, default SCT verification behavior in cosign. Suggests requiring embedded or explicitly provided SCTs, removing the enforce-sct flag, and using an insecure flag to skip checks, to be introduced as a breaking change in Cosign 2.0.",non-usability,,,,,0.86,"{""associated_component"": ""cosign - Signing workflow, Verification workflow, CLI tooling"", ""codes_primary"": ""Internal feature request proposing stricter, default SCT verification behavior in cosign. Suggests requiring embedded or explicitly provided SCTs, removing the enforce-sct flag, and using an insecure flag to skip checks, to be introduced as a breaking change in Cosign 2.0."", ""usability_non_usability_type"": ""non-usability"", ""associated_component_theme"": [""Signing workflow"", ""Verification workflow"", ""CLI tooling""], ""l1_theme"": [""Missing feature / enhancement request""], ""l1_theme_secondary"": [""Functional Gap""], ""nielsen_theme"": [], ""confidence"": 0.86}"
138,sigstore/cosign,2419,,"cosign verify-blob CLI, Rekor API integration","Internal maintainers track removing reliance on Rekor’s /api/v1/index/retrieve endpoint from the cosign verify-blob flow before stabilizing the command, or alternatively getting Rekor to commit to supporting that API, referencing prior user failures when the endpoint broke.",non-usability,,,,,0.86,"{""associated_component"": ""cosign verify-blob CLI, Rekor API integration"", ""codes_primary"": ""Internal maintainers track removing reliance on Rekor’s /api/v1/index/retrieve endpoint from the cosign verify-blob flow before stabilizing the command, or alternatively getting Rekor to commit to supporting that API, referencing prior user failures when the endpoint broke."", ""usability_non_usability_type"": ""non-usability"", ""associated_component_theme"": [""CLI tooling"", ""Verification workflow"", ""API""], ""l1_theme"": [""Missing feature / enhancement request""], ""l1_theme_secondary"": [""Functional Reliability""], ""nielsen_theme"": [], ""confidence"": 0.86}"
139,sigstore/cosign,2462,,cosign core,"Internal refactoring proposal noting duplicated verification logic across several cosign verify subcommands. Reporter shares a design doc suggesting how to consolidate this code and seeks maintainer feedback, aligning with broader plans to reduce redundancy via sigstore-go.",non-usability,,,,,0.9,"{""associated_component"": ""cosign core"", ""codes_primary"": ""Internal refactoring proposal noting duplicated verification logic across several cosign verify subcommands. Reporter shares a design doc suggesting how to consolidate this code and seeks maintainer feedback, aligning with broader plans to reduce redundancy via sigstore-go."", ""usability_non_usability_type"": ""non-usability"", ""associated_component_theme"": [""Core""], ""l1_theme"": [""Missing feature / enhancement request""], ""l1_theme_secondary"": [""Functional Gap""], ""nielsen_theme"": [], ""confidence"": 0.9}"
140,sigstore/cosign,2516,,"cosign core, CLI tooling, Signing workflow","Feature/enhancement issue describing that common workflows sign images only after a registry roundtrip, rather than what was directly built. Proposes better docs, OCI layout support, and changes to cosign payloads and layout signing to enable pre-push signing and avoid tag-based or registry-dependent references.",usability,"CLI tooling, Signing workflow, Core","Missing feature / enhancement request, User confusion / unclear documentation, Tedious Workflows","Functional Gap, Operational Friction, Cognitive Friction","5. Error prevention, 7. Flexibility and efficiency of use, 10. Help and documentation",0.86,"{""associated_component"": ""cosign core, CLI tooling, Signing workflow"", ""codes_primary"": ""Feature/enhancement issue describing that common workflows sign images only after a registry roundtrip, rather than what was directly built. Proposes better docs, OCI layout support, and changes to cosign payloads and layout signing to enable pre-push signing and avoid tag-based or registry-dependent references."", ""usability_non_usability_type"": ""usability"", ""associated_component_theme"": [""CLI tooling"", ""Signing workflow"", ""Core""], ""l1_theme"": [""Missing feature / enhancement request"", ""User confusion / unclear documentation"", ""Tedious Workflows""], ""l1_theme_secondary"": [""Functional Gap"", ""Operational Friction"", ""Cognitive Friction""], ""nielsen_theme"": [""5. Error prevention"", ""7. Flexibility and efficiency of use"", ""10. Help and documentation""], ""confidence"": 0.86}"
141,sigstore/cosign,2518,,"cosign core, CLI, API, Build/CI, Release pipeline, Notification/Logging","Internal enhancement/maintenance issue to define and enforce a Cosign versioning policy. Tasks include documenting the policy, separating CLI and API releases, adding tooling to detect breaking API changes, implementing deprecation support with warnings, and adding CI/linting and E2E tests for older versions.",non-usability,,,,,0.86,"{""associated_component"": ""cosign core, CLI, API, Build/CI, Release pipeline, Notification/Logging"", ""codes_primary"": ""Internal enhancement/maintenance issue to define and enforce a Cosign versioning policy. Tasks include documenting the policy, separating CLI and API releases, adding tooling to detect breaking API changes, implementing deprecation support with warnings, and adding CI/linting and E2E tests for older versions."", ""usability_non_usability_type"": ""non-usability"", ""associated_component_theme"": [""Core"", ""CLI tooling"", ""API"", ""Build/CI"", ""Release pipeline"", ""Notification/Logging""], ""l1_theme"": [""Missing feature / enhancement request""], ""l1_theme_secondary"": [""Functional Gap""], ""nielsen_theme"": [], ""confidence"": 0.86}"
142,sigstore/cosign,2568,,"cosign CLI - verify, Verification workflow","Feature request: in BYO PKI scenarios, user wants cosign verify to support certificate revocation checking by accepting a CRL file (e.g., via --crl flag or env var) so revoked signing certificates embedded in existing signature artifacts can be distrusted during verification.",usability,"CLI tooling, Verification workflow",Missing feature / enhancement request,Functional Gap,7. Flexibility and efficiency of use,0.9,"{""associated_component"": ""cosign CLI - verify, Verification workflow"", ""codes_primary"": ""Feature request: in BYO PKI scenarios, user wants cosign verify to support certificate revocation checking by accepting a CRL file (e.g., via --crl flag or env var) so revoked signing certificates embedded in existing signature artifacts can be distrusted during verification."", ""usability_non_usability_type"": ""usability"", ""associated_component_theme"": [""CLI tooling"", ""Verification workflow""], ""l1_theme"": [""Missing feature / enhancement request""], ""l1_theme_secondary"": [""Functional Gap""], ""nielsen_theme"": [""7. Flexibility and efficiency of use""], ""confidence"": 0.9}"
143,sigstore/cosign,2593,,cosign core,"Maintainer notes that various timestamping and bundle-related options, plus SkipConfirmation, are incorrectly grouped under KeyOpts instead of SignOptions, arguing these flags are unrelated to key handling and suggesting refactoring to improve option organization across commands.",non-usability,,,,,0.79,"{""associated_component"": ""cosign core"", ""codes_primary"": ""Maintainer notes that various timestamping and bundle-related options, plus SkipConfirmation, are incorrectly grouped under KeyOpts instead of SignOptions, arguing these flags are unrelated to key handling and suggesting refactoring to improve option organization across commands."", ""usability_non_usability_type"": ""non-usability"", ""associated_component_theme"": [""Core""], ""l1_theme"": [""Missing feature / enhancement request""], ""l1_theme_secondary"": [""Functional Gap""], ""nielsen_theme"": [], ""confidence"": 0.79}"
144,sigstore/cosign,2832,,cosign CLI - verify-blob,"User requests a quiet flag for cosign, noting that verify-blob prints 'Verified OK' even though scripts only need the exit code. Extra output complicates scripting and automation; they want a way to suppress non-essential messages.",usability,"CLI tooling, Verification workflow","Missing feature / enhancement request, Tedious Workflows","Functional Gap, Operational Friction","7. Flexibility and efficiency of use, 8. Aesthetic and minimalist design",0.9,"{""associated_component"": ""cosign CLI - verify-blob"", ""codes_primary"": ""User requests a quiet flag for cosign, noting that verify-blob prints 'Verified OK' even though scripts only need the exit code. Extra output complicates scripting and automation; they want a way to suppress non-essential messages."", ""usability_non_usability_type"": ""usability"", ""associated_component_theme"": [""CLI tooling"", ""Verification workflow""], ""l1_theme"": [""Missing feature / enhancement request"", ""Tedious Workflows""], ""l1_theme_secondary"": [""Functional Gap"", ""Operational Friction""], ""nielsen_theme"": [""7. Flexibility and efficiency of use"", ""8. Aesthetic and minimalist design""], ""confidence"": 0.9}"
145,sigstore/cosign,2858,,"cosign CLI - verify, Verification workflow","User upgrading from cosign v1.13 to v2 finds that BYO PKI verification using certificates/chain no longer works and asks how to restore equivalent behavior without Fulcio/Rekor. Maintainers explain current limitations, identity profile requirements, and suggest a public-key-based workaround, noting future improvements for BYO PKI.",usability,"CLI tooling, Verification workflow","User confusion / unclear documentation, Missing feature / enhancement request, Configuration friction","Cognitive Friction, Functional Gap, Operational Friction","4. Consistency and standards, 7. Flexibility and efficiency of use, 10. Help and documentation",0.86,"{""associated_component"": ""cosign CLI - verify, Verification workflow"", ""codes_primary"": ""User upgrading from cosign v1.13 to v2 finds that BYO PKI verification using certificates/chain no longer works and asks how to restore equivalent behavior without Fulcio/Rekor. Maintainers explain current limitations, identity profile requirements, and suggest a public-key-based workaround, noting future improvements for BYO PKI."", ""usability_non_usability_type"": ""usability"", ""associated_component_theme"": [""CLI tooling"", ""Verification workflow""], ""l1_theme"": [""User confusion / unclear documentation"", ""Missing feature / enhancement request"", ""Configuration friction""], ""l1_theme_secondary"": [""Cognitive Friction"", ""Functional Gap"", ""Operational Friction""], ""nielsen_theme"": [""4. Consistency and standards"", ""7. Flexibility and efficiency of use"", ""10. Help and documentation""], ""confidence"": 0.86}"
146,sigstore/cosign,3025,,cosign core,User running cosign in Azure DevOps on AWS self-hosted agents with Azure Key Vault KMS gets a 404 token refresh error when generating keys via azurekms://. They appear confused about why Azure AD/IMDS authentication to Key Vault fails in this setup and seek guidance.,usability,"Key Management Core / Secrets Backend, Build/CI","Authentication friction, Integration failure/issues, User confusion / unclear documentation","Operational Friction, Cognitive Friction","7. Flexibility and efficiency of use, '9. Help users recognize, diagnose, and recover from errors', 10. Help and documentation",0.79,"{""associated_component"": ""cosign core"", ""codes_primary"": ""User running cosign in Azure DevOps on AWS self-hosted agents with Azure Key Vault KMS gets a 404 token refresh error when generating keys via azurekms://. They appear confused about why Azure AD/IMDS authentication to Key Vault fails in this setup and seek guidance."", ""usability_non_usability_type"": ""usability"", ""associated_component_theme"": [""Key Management Core / Secrets Backend"", ""Build/CI""], ""l1_theme"": [""Authentication friction"", ""Integration failure/issues"", ""User confusion / unclear documentation""], ""l1_theme_secondary"": [""Operational Friction"", ""Cognitive Friction""], ""nielsen_theme"": [""7. Flexibility and efficiency of use"", ""9. Help users recognize, diagnose, and recover from errors"", ""10. Help and documentation""], ""confidence"": 0.79}"
147,sigstore/cosign,3235,,"cosign CLI - verify-attestation, Signing workflow, Verification workflow","User signs a custom SLSA verification_summary attestation and can see it via crane, but cosign verify-attestation reports no attestations matching the requested predicate type and only finds SLSA provenance. Reporter asks if they are using the command incorrectly and requests guidance.",usability,"CLI tooling, Signing workflow, Verification workflow",User confusion / unclear documentation,Cognitive Friction,"['9. Help users recognize, diagnose, and recover from errors', 10. Help and documentation",0.86,"{""associated_component"": ""cosign CLI - verify-attestation, Signing workflow, Verification workflow"", ""codes_primary"": ""User signs a custom SLSA verification_summary attestation and can see it via crane, but cosign verify-attestation reports no attestations matching the requested predicate type and only finds SLSA provenance. Reporter asks if they are using the command incorrectly and requests guidance."", ""usability_non_usability_type"": ""usability"", ""associated_component_theme"": [""CLI tooling"", ""Signing workflow"", ""Verification workflow""], ""l1_theme"": [""User confusion / unclear documentation""], ""l1_theme_secondary"": [""Cognitive Friction""], ""nielsen_theme"": [""9. Help users recognize, diagnose, and recover from errors"", ""10. Help and documentation""], ""confidence"": 0.86}"
148,sigstore/cosign,3260,,"cosign - CLI, Verification workflow","User reports that `cosign dockerfile verify` only works when Dockerfiles contain literal image names. They request enhancement to support images referenced via ARG/ENV variables and images used in COPY --from stages, to broaden verification coverage.",usability,"CLI tooling, Verification workflow",Missing feature / enhancement request,Functional Gap,7. Flexibility and efficiency of use,0.86,"{""associated_component"": ""cosign - CLI, Verification workflow"", ""codes_primary"": ""User reports that `cosign dockerfile verify` only works when Dockerfiles contain literal image names. They request enhancement to support images referenced via ARG/ENV variables and images used in COPY --from stages, to broaden verification coverage."", ""usability_non_usability_type"": ""usability"", ""associated_component_theme"": [""CLI tooling"", ""Verification workflow""], ""l1_theme"": [""Missing feature / enhancement request""], ""l1_theme_secondary"": [""Functional Gap""], ""nielsen_theme"": [""7. Flexibility and efficiency of use""], ""confidence"": 0.86}"
149,sigstore/cosign,3330,,cosign core,"User following official installation docs wants to verify a .deb package before first installing cosign. They find only keyless signatures for packages, not artifact-key .sig files as described, creating a chicken-and-egg bootstrap problem and extra verification steps.",usability,"Verification workflow, Release pipeline","Missing feature / enhancement request, User confusion / unclear documentation, Build/CI/installation/distribution release issues, Tedious Workflows","Functional Gap, Cognitive Friction, Operational Friction","4. Consistency and standards, 7. Flexibility and efficiency of use, 10. Help and documentation",0.86,"{""associated_component"": ""cosign core"", ""codes_primary"": ""User following official installation docs wants to verify a .deb package before first installing cosign. They find only keyless signatures for packages, not artifact-key .sig files as described, creating a chicken-and-egg bootstrap problem and extra verification steps."", ""usability_non_usability_type"": ""usability"", ""associated_component_theme"": [""Verification workflow"", ""Release pipeline""], ""l1_theme"": [""Missing feature / enhancement request"", ""User confusion / unclear documentation"", ""Build/CI/installation/distribution release issues"", ""Tedious Workflows""], ""l1_theme_secondary"": [""Functional Gap"", ""Cognitive Friction"", ""Operational Friction""], ""nielsen_theme"": [""4. Consistency and standards"", ""7. Flexibility and efficiency of use"", ""10. Help and documentation""], ""confidence"": 0.86}"
150,sigstore/cosign,3340,,cosign core,"User asks for guidance on implementing cosign keyless image signing end-to-end with Azure DevOps pipelines, Azure ACR, Azure Key Vault, Azure AD as OIDC issuer, and enforcing verification on Kubernetes so only validly signed images are deployable.",usability,"Signing workflow, Verification workflow, Build/CI, Policy/configuration",User confusion / unclear documentation,Cognitive Friction,"7. Flexibility and efficiency of use, 10. Help and documentation",0.86,"{""associated_component"": ""cosign core"", ""codes_primary"": ""User asks for guidance on implementing cosign keyless image signing end-to-end with Azure DevOps pipelines, Azure ACR, Azure Key Vault, Azure AD as OIDC issuer, and enforcing verification on Kubernetes so only validly signed images are deployable."", ""usability_non_usability_type"": ""usability"", ""associated_component_theme"": [""Signing workflow"", ""Verification workflow"", ""Build/CI"", ""Policy/configuration""], ""l1_theme"": [""User confusion / unclear documentation""], ""l1_theme_secondary"": [""Cognitive Friction""], ""nielsen_theme"": [""7. Flexibility and efficiency of use"", ""10. Help and documentation""], ""confidence"": 0.86}"
151,sigstore/cosign,3343,,cosign core,Internal enhancement request to add PKCS11 signing tests to the GitHub Actions CI so this functionality is exercised automatically. Contributor has verified manual e2e tests with softhsm/pkcs11 and is working on automating them in the CI workflow.,non-usability,,,,,0.86,"{""associated_component"": ""cosign core"", ""codes_primary"": ""Internal enhancement request to add PKCS11 signing tests to the GitHub Actions CI so this functionality is exercised automatically. Contributor has verified manual e2e tests with softhsm/pkcs11 and is working on automating them in the CI workflow."", ""usability_non_usability_type"": ""non-usability"", ""associated_component_theme"": [""Build/CI""], ""l1_theme"": [""Missing feature / enhancement request""], ""l1_theme_secondary"": [""Functional Gap""], ""nielsen_theme"": [], ""confidence"": 0.86}"
152,sigstore/cosign,3368,,cosign CLI - Verification workflow,"User question after upgrading from cosign 2.2.0 to 2.2.1: in an offline corporate network, verification now fails with a TUF CT log metadata download error even when using insecure tlog/sct-skip flags. They ask how to verify signatures with a public key only and/or bypass TUF, including in Kyverno.",usability,"CLI tooling, Verification workflow, Policy/configuration","User confusion / unclear documentation, Configuration friction","Cognitive Friction, Operational Friction","7. Flexibility and efficiency of use, 10. Help and documentation",0.86,"{""associated_component"": ""cosign CLI - Verification workflow"", ""codes_primary"": ""User question after upgrading from cosign 2.2.0 to 2.2.1: in an offline corporate network, verification now fails with a TUF CT log metadata download error even when using insecure tlog/sct-skip flags. They ask how to verify signatures with a public key only and/or bypass TUF, including in Kyverno."", ""usability_non_usability_type"": ""usability"", ""associated_component_theme"": [""CLI tooling"", ""Verification workflow"", ""Policy/configuration""], ""l1_theme"": [""User confusion / unclear documentation"", ""Configuration friction""], ""l1_theme_secondary"": [""Cognitive Friction"", ""Operational Friction""], ""nielsen_theme"": [""7. Flexibility and efficiency of use"", ""10. Help and documentation""], ""confidence"": 0.86}"
153,sigstore/cosign,3465,,"cosign - Signing workflow, Verification workflow, Policy/configuration","User asks how to use the Fulcio OtherName SAN attribute from `cosign sign`, discovers it is only available with a privately configured Fulcio instance and not the public one, and also asks about missing documentation for configuring Fulcio with username-based SANs.",usability,"Signing workflow, Verification workflow, Policy/configuration",User confusion / unclear documentation,Cognitive Friction,"7. Flexibility and efficiency of use, 10. Help and documentation",0.86,"{""associated_component"": ""cosign - Signing workflow, Verification workflow, Policy/configuration"", ""codes_primary"": ""User asks how to use the Fulcio OtherName SAN attribute from `cosign sign`, discovers it is only available with a privately configured Fulcio instance and not the public one, and also asks about missing documentation for configuring Fulcio with username-based SANs."", ""usability_non_usability_type"": ""usability"", ""associated_component_theme"": [""Signing workflow"", ""Verification workflow"", ""Policy/configuration""], ""l1_theme"": [""User confusion / unclear documentation""], ""l1_theme_secondary"": [""Cognitive Friction""], ""nielsen_theme"": [""7. Flexibility and efficiency of use"", ""10. Help and documentation""], ""confidence"": 0.86}"
154,sigstore/cosign,3671,,"cosign - CLI, Verification workflow","User follows cosign documentation for local certificate-based verification, but the documented command fails with a keyless verification error requiring certificate identity flags. Reporter suspects and confirms this is a documentation issue and plans to fix it in the docs repository.",usability,"CLI tooling, Verification workflow",User confusion / unclear documentation,Cognitive Friction,"['9. Help users recognize, diagnose, and recover from errors', 10. Help and documentation",0.93,"{""associated_component"": ""cosign - CLI, Verification workflow"", ""codes_primary"": ""User follows cosign documentation for local certificate-based verification, but the documented command fails with a keyless verification error requiring certificate identity flags. Reporter suspects and confirms this is a documentation issue and plans to fix it in the docs repository."", ""usability_non_usability_type"": ""usability"", ""associated_component_theme"": [""CLI tooling"", ""Verification workflow""], ""l1_theme"": [""User confusion / unclear documentation""], ""l1_theme_secondary"": [""Cognitive Friction""], ""nielsen_theme"": [""9. Help users recognize, diagnose, and recover from errors"", ""10. Help and documentation""], ""confidence"": 0.93}"
155,sigstore/cosign,3976,,"cosign verify CLI, Verification workflow","User reports that cosign verify only succeeds when both intermediate and root CA are provided from the same source (attached cert-chain), and fails if only the intermediate is attached while only the root CA is supplied at verify time, causing duplication of certificates.",non-usability,,,,,0.86,"{""associated_component"": ""cosign verify CLI, Verification workflow"", ""codes_primary"": ""User reports that cosign verify only succeeds when both intermediate and root CA are provided from the same source (attached cert-chain), and fails if only the intermediate is attached while only the root CA is supplied at verify time, causing duplication of certificates."", ""usability_non_usability_type"": ""non-usability"", ""associated_component_theme"": [""CLI tooling"", ""Verification workflow"", ""Core""], ""l1_theme"": [""Unexpected behavior""], ""l1_theme_secondary"": [""Functional Reliability""], ""nielsen_theme"": [], ""confidence"": 0.86}"
156,sigstore/cosign,4012,,cosign core,"User asks whether cosign can use a self-hosted Kanidm instance as an SSO provider, i.e., if Kanidm is compatible as an OpenID Connect identity provider for cosign authentication flows.",usability,Authentication/Authorization tools,User confusion / unclear documentation,Cognitive Friction,"7. Flexibility and efficiency of use, 10. Help and documentation",0.86,"{""associated_component"": ""cosign core"", ""codes_primary"": ""User asks whether cosign can use a self-hosted Kanidm instance as an SSO provider, i.e., if Kanidm is compatible as an OpenID Connect identity provider for cosign authentication flows."", ""usability_non_usability_type"": ""usability"", ""associated_component_theme"": [""Authentication/Authorization tools""], ""l1_theme"": [""User confusion / unclear documentation""], ""l1_theme_secondary"": [""Cognitive Friction""], ""nielsen_theme"": [""7. Flexibility and efficiency of use"", ""10. Help and documentation""], ""confidence"": 0.86}"
157,sigstore/cosign,4076,,cosign attest CLI,Bug report: using the --replace option with `cosign attest` produces an attestation manifest with the wrong mediaType (Docker v2s2 instead of OCI). This causes downstream tools like skopeo to fail with an unsupported media type error when parsing the manifest.,non-usability,,,,,0.86,"{""associated_component"": ""cosign attest CLI"", ""codes_primary"": ""Bug report: using the --replace option with `cosign attest` produces an attestation manifest with the wrong mediaType (Docker v2s2 instead of OCI). This causes downstream tools like skopeo to fail with an unsupported media type error when parsing the manifest."", ""usability_non_usability_type"": ""non-usability"", ""associated_component_theme"": [""CLI tooling"", ""Signing workflow"", ""Core""], ""l1_theme"": [""Unexpected behavior"", ""Integration failure/issues""], ""l1_theme_secondary"": [""Functional Reliability""], ""nielsen_theme"": [], ""confidence"": 0.86}"
158,sigstore/cosign,4098,,"cosign core, Verification workflow, CLI tooling, API",User running cosign verify-blob against a private Sigstore instance after rotating the TSA certificate chain gets an error because GetTSACerts only supports a single TSA chain. They request support for multiple TSA chains (like GetRekorPubs) to enable smooth TSA rotation.,non-usability,,,,,0.86,"{""associated_component"": ""cosign core, Verification workflow, CLI tooling, API"", ""codes_primary"": ""User running cosign verify-blob against a private Sigstore instance after rotating the TSA certificate chain gets an error because GetTSACerts only supports a single TSA chain. They request support for multiple TSA chains (like GetRekorPubs) to enable smooth TSA rotation."", ""usability_non_usability_type"": ""non-usability"", ""associated_component_theme"": [""Core"", ""Verification workflow"", ""CLI tooling"", ""API""], ""l1_theme"": [""Missing feature / enhancement request""], ""l1_theme_secondary"": [""Functional Gap""], ""nielsen_theme"": [], ""confidence"": 0.86}"
159,sigstore/cosign,4204,,"cosign CLI - tree, Signing workflow, Verification workflow","Reporter requests adding OCI 1.1 Referrers API support to `cosign tree` (behind an experimental flag) so it shows all related artifacts, including those discovered via referrers. A commenter notes related friction: images signed with OCI 1.1 cannot be verified with `cosign verify` (no signatures found).",usability,"CLI tooling, Signing workflow, Verification workflow","Missing feature / enhancement request, Unexpected behavior","Functional Gap, Functional Reliability","4. Consistency and standards, 7. Flexibility and efficiency of use",0.79,"{""associated_component"": ""cosign CLI - tree, Signing workflow, Verification workflow"", ""codes_primary"": ""Reporter requests adding OCI 1.1 Referrers API support to `cosign tree` (behind an experimental flag) so it shows all related artifacts, including those discovered via referrers. A commenter notes related friction: images signed with OCI 1.1 cannot be verified with `cosign verify` (no signatures found)."", ""usability_non_usability_type"": ""usability"", ""associated_component_theme"": [""CLI tooling"", ""Signing workflow"", ""Verification workflow""], ""l1_theme"": [""Missing feature / enhancement request"", ""Unexpected behavior""], ""l1_theme_secondary"": [""Functional Gap"", ""Functional Reliability""], ""nielsen_theme"": [""4. Consistency and standards"", ""7. Flexibility and efficiency of use""], ""confidence"": 0.79}"
160,sigstore/fulcio,238,,sigstore/fulcio core,"User runs Fulcio via docker-compose with Google Cloud Private CA and receives a 'Malformed collection name' error. They followed DEVELOPMENT.md, mapped gcloud config, and ask what they are doing wrong. Maintainer explains a version flag is needed for GCP CA Service V1.",usability,"Core, Policy/configuration","Configuration friction, User confusion / unclear documentation","Operational Friction, Cognitive Friction","['9. Help users recognize, diagnose, and recover from errors', 10. Help and documentation",0.86,"{""associated_component"": ""sigstore/fulcio core"", ""codes_primary"": ""User runs Fulcio via docker-compose with Google Cloud Private CA and receives a 'Malformed collection name' error. They followed DEVELOPMENT.md, mapped gcloud config, and ask what they are doing wrong. Maintainer explains a version flag is needed for GCP CA Service V1."", ""usability_non_usability_type"": ""usability"", ""associated_component_theme"": [""Core"", ""Policy/configuration""], ""l1_theme"": [""Configuration friction"", ""User confusion / unclear documentation""], ""l1_theme_secondary"": [""Operational Friction"", ""Cognitive Friction""], ""nielsen_theme"": [""9. Help users recognize, diagnose, and recover from errors"", ""10. Help and documentation""], ""confidence"": 0.86}"
161,sigstore/fulcio,243,,sigstore/fulcio core,"Feature request and design discussion to support GitLab CI-issued JWTs (CI_JOB_JWT / CI_JOB_JWT_V2) as an OIDC source for Fulcio, including handling of non-configurable/customizable audience claims and mapping GitLab-specific claims into certificate extensions for policy and provenance.",usability,"Authentication/Authorization tools, Build/CI, Core","Missing feature / enhancement request, Integration failure/issues",Functional Gap,7. Flexibility and efficiency of use,0.86,"{""associated_component"": ""sigstore/fulcio core"", ""codes_primary"": ""Feature request and design discussion to support GitLab CI-issued JWTs (CI_JOB_JWT / CI_JOB_JWT_V2) as an OIDC source for Fulcio, including handling of non-configurable/customizable audience claims and mapping GitLab-specific claims into certificate extensions for policy and provenance."", ""usability_non_usability_type"": ""usability"", ""associated_component_theme"": [""Authentication/Authorization tools"", ""Build/CI"", ""Core""], ""l1_theme"": [""Missing feature / enhancement request"", ""Integration failure/issues""], ""l1_theme_secondary"": [""Functional Gap""], ""nielsen_theme"": [""7. Flexibility and efficiency of use""], ""confidence"": 0.86}"
