tool,Authentication friction,Build/CI/installation/distribution release issues,Configuration friction,Integration failure/issues,Missing feature / enhancement request,Notification/Logging /Web UI Issues,Performance issue,Security concerns,Tedious Workflows,Unexpected behavior,User confusion / unclear documentation/documentation improvements
Keyfactor/ejbca-ce,0.0082725760859665,0.0008130296442315,0.0052330006193059,0.0108401282196381,0.0003174615982943,-0.0035269349704093,0.0060536387463998,-0.0013158806807109,-0.0134293020744178,-0.0013979588221192,0.001804746560711
Keyfactor/signserver-ce,0.0114228634602046,0.0164926357442739,0.0065496822096943,0.0197459479490377,0.0117307878445395,0.0050050120535374,0.0057217708756666,-0.0270070943520022,,0.0184275625167216,0.0165681503187872
hashicorp/vault,-0.022898281440547,-0.0245270412168782,-0.0219163296410951,-0.0225683858918408,-0.0232588478905219,-0.0219519166269068,-0.0221660394674372,-0.0197248418962346,-0.0152199452461775,-0.0229947112128219,-0.0253450743795584
notaryproject/notation,-0.019096641551435,-0.0258183771453974,-0.0201137274389103,-0.0249408878147066,-0.0244337807440291,-0.0244262945389703,-0.0249114553246922,-0.0110146679095736,-0.0139537229090349,-0.0201317495445274,-0.0276366872600598
openpubkey/openpubkey,0.0282981116242525,0.0387634284001892,0.039899121958778,0.0331187012483912,0.0388808827661961,0.0365427539343878,0.0303850779078257,0.0189631529109391,0.0125789673998948,0.0328787651496873,0.038142488107472
sigstore/cosign,-0.0263006669551049,-0.0343982459024158,-0.0308013368594155,-0.0293150853740408,-0.0374746627623576,-0.0321306364229684,-0.0386636018284711,-0.034906835177365,-0.016563735004406,-0.0276271294578032,-0.0305215688247368
sigstore/fulcio,-0.0427242762421028,-0.0533369497287525,-0.0468398386984308,-0.0460598098075347,-0.0437961921669952,-0.0534006187264171,-0.0371584879818221,-0.0526096224822371,-0.0012500781977945,-0.0480747625338536,-0.0531187679745192
sigstore/rekor,-0.076981159438856,-0.0531116181495763,-0.0607873886408325,-0.0465855140379541,-0.0612342377479387,-0.0568117973206333,-0.0507795186597394,-0.0588746717582292,-0.0663729850995246,-0.0490657951254348,-0.0469726273766089
