theme_family,chi2,dof,p_value,n_assignments,n_tools,n_categories,cramers_v,min_expected,cells_expected_lt5
Primary themes (inductively generated),517.178786062478,70,2.068162820891224e-69,19270,8,11,0.06191993244841898,1.9854177477944992,1
Secondary themes (inductively generated; mapped),206.74553700650625,21,1.69710227019487e-32,19270,8,4,0.05980212094088267,13.624701608718215,0
Secondary themes (as coded field),99.38042519040926,21,3.713617438002941e-12,10795,8,4,0.05539600866896772,14.389069013432145,0
Nielsen themes,314.00941613018915,63,5.181592157072813e-35,10085,8,10,0.06669363131489486,0.24868616757560733,14
Affected-component themes,2515.0417594854707,70,0.0,21933,8,11,0.12798956437252465,6.4164500980258055,0
